Model,nParams,LogLik,AIC,BIC,dAIC,dBIC
M0_Null,2,-181.62781687829192,367.25563375658385,380.1397107922148,1747.2874573097579,1708.635226202865
M1_CT,3,635.5127358109021,-1265.0254716218042,-1245.6993560683577,115.00635193136986,82.79615934229241
M2_SD,3,-160.323488461363,326.646976922726,345.97309247617244,1706.6788004759,1674.4686078868226
M3_Core,4,664.1078338329207,-1320.2156676658415,-1294.4475135945795,59.81615588733257,34.04800181607061
M4_Gating,5,668.0089830276593,-1326.0179660553185,-1293.807773466241,54.0138574978555,34.68774194440903
M5_Weighting,5,662.6242699359136,-1315.2485398718272,-1283.0383472827498,64.7832836813468,45.45716812790033
M6_Both,6,666.4927931473612,-1320.9855862947225,-1282.3333551878295,59.04623725845158,46.1621602228206
M7_SD_Gating,5,661.880634539797,-1313.761269079594,-1281.5510764905166,66.27055447357998,46.94443892013351
M8_Full,8,698.015911776587,-1380.031823553174,-1328.4955154106501,0.0,0.0
