Sub,exp,trial_num,coherence,Structure,Duration,Bias,Reproduction
2046,2,31.0,0.7,Switch,1.2,-0.4757999999999999,0.7242000000000001
2046,2,32.0,0.3,Switch,1.4,-0.258,1.142
2046,2,33.0,0.7,Switch,1.2,-0.3259999999999999,0.874
2046,2,34.0,0.7,Repeat,0.8,-0.3476000000000001,0.4523999999999999
2046,2,35.0,0.7,Repeat,1.0,-0.274,0.726
2046,2,36.0,0.3,Switch,1.2,-0.3013999999999999,0.8986000000000001
2046,2,37.0,0.7,Switch,1.6,-0.4924000000000001,1.1076
2046,2,38.0,0.7,Repeat,1.0,-0.0577999999999999,0.9422
2046,2,39.0,0.3,Switch,1.4,-0.4597999999999999,0.9402
2046,2,40.0,0.7,Switch,1.4,-0.2186999999999999,1.1813
2046,2,41.0,0.7,Repeat,1.2,-0.2254999999999999,0.9745
2046,2,42.0,0.3,Switch,1.2,-0.3402999999999999,0.8597
2046,2,43.0,0.7,Switch,1.4,-0.0522999999999997,1.3477
2046,2,44.0,0.7,Repeat,1.0,-0.2876000000000001,0.7123999999999999
2046,2,45.0,0.3,Switch,1.0,-0.1327999999999999,0.8672000000000001
2046,2,46.0,0.3,Repeat,1.0,-0.3342999999999999,0.6657000000000001
2046,2,47.0,0.3,Repeat,0.8,-0.0088,0.7912
2046,2,48.0,0.3,Repeat,1.6,-0.4570000000000001,1.143
2046,2,49.0,0.7,Switch,0.8,-0.1765,0.6235
2046,2,50.0,0.7,Repeat,0.8,-0.2345,0.5655
2046,2,51.0,0.3,Switch,1.2,-0.2996,0.9004
2046,2,53.0,0.3,Repeat,0.8,0.0722999999999999,0.8723
2046,2,55.0,0.7,Repeat,1.6,-0.4348000000000001,1.1652
2046,2,56.0,0.3,Switch,1.6,-0.298,1.302
2046,2,57.0,0.3,Repeat,1.0,-0.1427999999999999,0.8572000000000001
2046,2,58.0,0.3,Repeat,0.8,0.0565999999999999,0.8566
2046,2,61.0,0.3,Repeat,1.6,-0.4357999999999999,1.1642
2046,2,62.0,0.3,Repeat,1.4,-0.3407999999999997,1.0592
2046,2,63.0,0.7,Switch,1.2,-0.2682,0.9318
2046,2,64.0,0.3,Switch,1.0,0.4730000000000001,1.473
2046,2,65.0,0.3,Repeat,1.6,-0.4426000000000001,1.1574
2046,2,66.0,0.7,Switch,1.2,-0.2243999999999999,0.9756
2046,2,67.0,0.7,Repeat,1.0,0.3922999999999998,1.3923
2046,2,68.0,0.7,Repeat,1.4,-0.4929999999999999,0.907
2046,2,69.0,0.3,Switch,1.6,-0.1105,1.4895
2046,2,70.0,0.7,Switch,1.4,-0.4568999999999998,0.9431
2046,2,72.0,0.3,Switch,1.0,0.1572,1.1572
2046,2,73.0,0.3,Repeat,1.2,0.0173,1.2173
2046,2,74.0,0.3,Repeat,1.4,-0.4344999999999999,0.9655
2046,2,75.0,0.7,Switch,1.0,0.1088,1.1088
2046,2,76.0,0.7,Repeat,1.2,-0.2188999999999999,0.9811
2046,2,77.0,0.3,Switch,1.2,0.0475999999999998,1.2475999999999998
2046,2,78.0,0.7,Switch,1.0,0.3022,1.3022
2046,2,79.0,0.3,Switch,1.0,-0.0754,0.9246
2046,2,80.0,0.7,Switch,0.8,0.0746999999999999,0.8747
2046,2,81.0,0.3,Switch,0.8,0.0577999999999999,0.8578
2046,2,82.0,0.7,Switch,1.6,-0.4424000000000001,1.1576
2046,2,83.0,0.3,Switch,1.4,-0.4408999999999998,0.9591
2046,2,84.0,0.7,Switch,0.8,0.1664999999999999,0.9665
2046,2,85.0,0.3,Switch,0.8,0.1756999999999999,0.9757
2046,2,86.0,0.7,Switch,1.6,-0.3106,1.2894
2046,2,87.0,0.3,Switch,0.8,0.3249999999999999,1.125
2046,2,88.0,0.7,Switch,0.8,0.4982999999999999,1.2983
2046,2,91.0,0.3,Repeat,1.4,-0.379,1.021
2046,2,92.0,0.3,Repeat,0.8,-0.2468,0.5532
2046,2,93.0,0.7,Switch,1.0,-0.0192999999999999,0.9807
2046,2,94.0,0.3,Switch,0.8,0.0412,0.8412000000000001
2046,2,95.0,0.7,Switch,1.2,-0.0852999999999999,1.1147
2046,2,96.0,0.3,Switch,1.4,-0.0597999999999998,1.3402
2046,2,97.0,0.7,Switch,1.0,0.0335999999999998,1.0336
2046,2,98.0,0.7,Repeat,0.8,-0.0482000000000001,0.7517999999999999
2046,2,99.0,0.7,Repeat,1.4,-0.2920999999999998,1.1079
2046,2,100.0,0.3,Switch,1.6,-0.2755000000000001,1.3245
2046,2,101.0,0.3,Repeat,1.6,-0.0761,1.5239
2046,2,102.0,0.7,Switch,1.4,-0.1674,1.2326
2046,2,103.0,0.7,Repeat,1.4,-0.4499999999999999,0.95
2046,2,104.0,0.7,Repeat,0.8,0.2171,1.0171
2046,2,105.0,0.3,Switch,1.2,-0.2981,0.9019
2046,2,106.0,0.3,Repeat,0.8,-0.0268,0.7732
2046,2,107.0,0.3,Repeat,1.0,-0.2581,0.7419
2046,2,108.0,0.7,Switch,1.0,-0.0268999999999999,0.9731
2046,2,109.0,0.3,Switch,1.0,0.0907999999999999,1.0908
2046,2,110.0,0.7,Switch,0.8,0.0715,0.8715
2046,2,111.0,0.7,Repeat,1.6,-0.5277000000000001,1.0723
2046,2,112.0,0.3,Switch,1.4,-0.3020999999999998,1.0979
2046,2,113.0,0.7,Switch,1.2,-0.3422999999999999,0.8577
2046,2,114.0,0.7,Repeat,1.6,-0.425,1.175
2046,2,115.0,0.3,Switch,1.2,-0.1594999999999999,1.0405
2046,2,116.0,0.3,Repeat,1.0,-0.182,0.818
2046,2,117.0,0.7,Switch,1.2,-0.1022999999999998,1.0977
2046,2,118.0,0.7,Repeat,1.6,-0.3194000000000001,1.2806
2046,2,119.0,0.3,Switch,1.2,-0.2995,0.9005
2046,2,121.0,0.7,Repeat,1.2,-0.2822999999999999,0.9177
2046,2,122.0,0.3,Switch,1.4,-0.1924999999999999,1.2075
2046,2,123.0,0.7,Switch,1.4,-0.3129999999999999,1.087
2046,2,124.0,0.3,Switch,1.6,-0.2156,1.3844
2046,2,125.0,0.3,Repeat,1.6,0.0964999999999998,1.6965
2046,2,127.0,0.7,Repeat,0.8,0.1725,0.9725
2046,2,128.0,0.3,Switch,1.2,-0.0488999999999999,1.1511
2046,2,129.0,0.3,Repeat,1.0,0.1889,1.1889
2046,2,130.0,0.7,Switch,1.0,0.1137999999999999,1.1138
2046,2,131.0,0.3,Switch,1.0,0.1347,1.1347
2046,2,132.0,0.3,Repeat,0.8,-0.1589,0.6411
2046,2,133.0,0.3,Repeat,0.8,0.0332999999999998,0.8332999999999999
2046,2,134.0,0.7,Switch,1.0,-0.1186,0.8814
2046,2,135.0,0.3,Switch,1.4,-0.4593999999999999,0.9406
2046,2,136.0,0.3,Repeat,1.0,-0.159,0.841
2046,2,137.0,0.3,Repeat,1.4,-0.3437999999999999,1.0562
2046,2,138.0,0.3,Repeat,1.2,-0.1477999999999999,1.0522
2046,2,139.0,0.7,Switch,1.4,-0.1923999999999999,1.2076
2046,2,140.0,0.7,Repeat,1.4,-0.3239000000000001,1.0760999999999998
2046,2,141.0,0.3,Switch,0.8,0.0337999999999999,0.8338
2046,2,142.0,0.7,Switch,1.2,-0.1828999999999998,1.0171
2046,2,143.0,0.3,Switch,1.2,-0.3744999999999999,0.8255
2046,2,144.0,0.7,Switch,1.0,0.1085,1.1085
2046,2,145.0,0.7,Repeat,0.8,0.2904,1.0904
2046,2,146.0,0.3,Switch,1.6,-0.1435000000000001,1.4565
2046,2,147.0,0.7,Switch,1.2,-0.0931999999999999,1.1068
2046,2,149.0,0.7,Repeat,0.8,0.2245999999999999,1.0246
2046,2,151.0,0.3,Repeat,1.0,0.2684999999999999,1.2685
2046,2,152.0,0.3,Repeat,1.6,-0.1420999999999999,1.4579000000000002
2046,2,153.0,0.7,Switch,0.8,-0.1512000000000001,0.6487999999999999
2046,2,154.0,0.7,Repeat,1.0,-0.1257,0.8743
2046,2,155.0,0.3,Switch,1.6,-0.4750000000000001,1.125
2046,2,156.0,0.7,Switch,1.2,-0.1150999999999997,1.0849000000000002
2046,2,157.0,0.3,Switch,1.2,-0.1191999999999999,1.0808
2046,2,158.0,0.3,Repeat,1.4,-0.3439000000000001,1.0560999999999998
2046,2,159.0,0.7,Switch,1.2,-0.2398999999999999,0.9601
2046,2,160.0,0.3,Switch,1.2,-0.2008999999999999,0.9991
2046,2,161.0,0.7,Switch,1.2,-0.2719999999999999,0.928
2046,2,162.0,0.7,Repeat,1.4,-0.4588999999999998,0.9411
2046,2,163.0,0.7,Repeat,1.6,-0.5602,1.0398
2046,2,164.0,0.3,Switch,0.8,-0.1109,0.6891
2046,2,165.0,0.7,Switch,1.4,-0.1995,1.2005
2046,2,166.0,0.3,Switch,0.8,-0.0442000000000001,0.7557999999999999
2046,2,167.0,0.7,Switch,1.6,-0.3920000000000001,1.208
2046,2,168.0,0.7,Repeat,1.0,-0.118,0.882
2046,2,169.0,0.7,Repeat,1.0,-0.0395999999999999,0.9604
2046,2,170.0,0.3,Switch,1.0,-0.0090999999999999,0.9909
2046,2,171.0,0.3,Repeat,1.4,-0.2529999999999999,1.147
2046,2,172.0,0.3,Repeat,1.6,-0.3635000000000001,1.2365
2046,2,173.0,0.3,Repeat,1.4,-0.2675999999999998,1.1324
2046,2,174.0,0.7,Switch,1.4,-0.0474999999999998,1.3525
2046,2,175.0,0.7,Repeat,0.8,0.0814999999999999,0.8815
2046,2,176.0,0.3,Switch,1.0,0.0164999999999999,1.0165
2046,2,177.0,0.7,Switch,1.6,-0.1685000000000001,1.4315
2046,2,178.0,0.7,Repeat,0.8,0.1714999999999999,0.9715
2046,2,179.0,0.3,Switch,0.8,0.1635999999999999,0.9636
2046,2,181.0,0.7,Switch,1.0,-0.0995,0.9005
2046,2,182.0,0.3,Switch,1.6,-0.5110000000000001,1.089
2046,2,183.0,0.7,Switch,1.2,-0.1299000000000001,1.0700999999999998
2046,2,184.0,0.3,Switch,1.2,-0.0343999999999999,1.1656
2046,2,185.0,0.7,Switch,1.2,-0.0094,1.1906
2046,2,186.0,0.7,Repeat,1.4,-0.4675999999999999,0.9324
2046,2,187.0,0.7,Repeat,0.8,0.1900999999999999,0.9901
2046,2,188.0,0.7,Repeat,1.6,-0.5419000000000003,1.0580999999999998
2046,2,189.0,0.3,Switch,1.2,-0.0924,1.1076
2046,2,190.0,0.7,Switch,0.8,0.2338,1.0338
2046,2,191.0,0.3,Switch,1.0,0.1145999999999998,1.1145999999999998
2046,2,192.0,0.7,Switch,1.0,0.1329,1.1329
2046,2,193.0,0.7,Repeat,1.4,-0.2748999999999999,1.1251
2046,2,194.0,0.3,Switch,1.4,-0.1918999999999999,1.2081
2046,2,195.0,0.7,Switch,1.6,-0.3672000000000002,1.2328
2046,2,196.0,0.3,Switch,1.6,-0.0002000000000002,1.5998
2046,2,197.0,0.3,Repeat,0.8,0.3317999999999999,1.1318
2046,2,198.0,0.3,Repeat,0.8,0.3673999999999999,1.1674
2046,2,199.0,0.7,Switch,1.4,-0.2502,1.1498
2046,2,200.0,0.3,Switch,1.0,0.2250000000000001,1.225
2046,2,201.0,0.3,Repeat,0.8,0.1907999999999998,0.9908
2046,2,202.0,0.7,Switch,0.8,0.0072999999999998,0.8072999999999999
2046,2,203.0,0.3,Switch,1.2,-0.2200999999999999,0.9799
2046,2,204.0,0.7,Switch,1.0,0.1667,1.1667
2046,2,205.0,0.7,Repeat,1.2,0.0726,1.2726
2046,2,206.0,0.3,Switch,1.4,-0.2335999999999998,1.1664
2046,2,207.0,0.3,Repeat,1.6,-0.3574000000000001,1.2426
2046,2,208.0,0.7,Switch,1.6,-0.2678,1.3322
2046,2,209.0,0.3,Switch,1.0,0.0577,1.0577
2046,2,211.0,0.3,Switch,1.6,-0.2360999999999999,1.3639
2046,2,212.0,0.7,Switch,1.2,-0.0500999999999998,1.1499
2046,2,213.0,0.7,Repeat,1.6,0.0830999999999997,1.6830999999999998
2046,2,214.0,0.3,Switch,0.8,0.0832999999999999,0.8833
2046,2,215.0,0.7,Switch,0.8,0.1829999999999999,0.983
2046,2,216.0,0.7,Repeat,1.0,0.0054,1.0054
2046,2,217.0,0.7,Repeat,1.2,-0.3203999999999999,0.8796
2046,2,218.0,0.7,Repeat,1.4,-0.3834999999999999,1.0165
2046,2,219.0,0.3,Switch,1.2,-0.1037999999999998,1.0962
2046,2,221.0,0.3,Repeat,1.0,0.1815999999999999,1.1816
2046,2,222.0,0.7,Switch,1.4,-0.1957999999999999,1.2042
2046,2,223.0,0.7,Repeat,0.8,0.1805,0.9805
2046,2,224.0,0.3,Switch,1.2,-0.2268999999999998,0.9731
2046,2,225.0,0.7,Switch,1.6,-0.5362000000000002,1.0638
2046,2,226.0,0.7,Repeat,1.4,-0.1760999999999999,1.2239
2046,2,227.0,0.3,Switch,1.2,0.2570999999999999,1.4570999999999998
2046,2,228.0,0.7,Switch,1.0,0.1573999999999999,1.1574
2046,2,229.0,0.3,Switch,0.8,0.2161999999999999,1.0162
2046,2,230.0,0.3,Repeat,1.0,0.2242999999999999,1.2243
2046,2,231.0,0.3,Repeat,1.6,-0.1084000000000002,1.4915999999999998
2046,2,232.0,0.7,Switch,1.0,0.2341999999999999,1.2342
2046,2,233.0,0.3,Switch,1.4,-0.1437999999999999,1.2562
2046,2,234.0,0.7,Switch,1.2,0.0679,1.2679
2046,2,235.0,0.3,Switch,1.4,0.0232000000000001,1.4232
2046,2,236.0,0.3,Repeat,1.4,0.0564000000000002,1.4564
2046,2,237.0,0.3,Repeat,0.8,0.2009999999999998,1.001
2046,2,238.0,0.3,Repeat,1.6,-0.4595,1.1405
2046,2,239.0,0.7,Switch,0.8,0.2494,1.0494
2046,2,241.0,0.7,Switch,1.6,-0.4925000000000001,1.1075
2046,2,242.0,0.3,Switch,1.0,0.0569000000000001,1.0569000000000002
2046,2,243.0,0.3,Repeat,1.4,-0.1685999999999998,1.2314
2046,2,244.0,0.3,Repeat,0.8,0.2060999999999999,1.0061
2046,2,245.0,0.7,Switch,0.8,0.1910999999999999,0.9911
2046,2,246.0,0.3,Switch,1.0,0.2895000000000001,1.2895
2046,2,247.0,0.3,Repeat,0.8,0.4978,1.2978
2046,2,248.0,0.3,Repeat,1.6,-0.2870000000000001,1.313
2046,2,250.0,0.7,Repeat,1.4,-0.1824999999999998,1.2175
2046,2,251.0,0.7,Repeat,1.4,-0.1249,1.2751
2046,2,252.0,0.7,Repeat,0.8,0.1759999999999999,0.976
2046,2,253.0,0.7,Repeat,1.2,0.0677000000000001,1.2677
2046,2,254.0,0.7,Repeat,1.2,0.2635,1.4635
2046,2,255.0,0.7,Repeat,1.6,-0.1181000000000001,1.4819
2046,2,257.0,0.7,Switch,1.6,-0.1597999999999999,1.4402
2046,2,258.0,0.3,Switch,1.2,0.1672,1.3672
2046,2,259.0,0.7,Switch,1.0,0.3079,1.3079
2046,2,260.0,0.3,Switch,1.4,-0.0472999999999999,1.3527
2046,2,261.0,0.3,Repeat,1.2,0.0602,1.2602
2046,2,262.0,0.7,Switch,0.8,0.5367999999999999,1.3368
2046,2,263.0,0.7,Repeat,1.0,0.1805999999999998,1.1806
2046,2,264.0,0.3,Switch,1.6,-0.5444000000000002,1.0556
2046,2,265.0,0.3,Repeat,1.0,0.4630000000000001,1.463
2046,2,266.0,0.3,Repeat,1.4,-0.2920999999999998,1.1079
2046,2,267.0,0.7,Switch,1.0,0.2575999999999998,1.2575999999999998
2046,2,268.0,0.3,Switch,1.2,-0.0392999999999998,1.1607
2046,2,269.0,0.7,Switch,1.4,-0.1618999999999999,1.2381
62573,2,31.0,0.7,Switch,1.4,-0.1227999999999998,1.2772
62573,2,32.0,0.3,Switch,1.0,0.2512999999999998,1.2513
62573,2,33.0,0.7,Switch,1.6,-0.4642000000000001,1.1358
62573,2,34.0,0.3,Switch,1.2,-0.0762,1.1238
62573,2,35.0,0.3,Repeat,1.6,-0.5990000000000002,1.001
62573,2,36.0,0.7,Switch,1.0,0.2490999999999998,1.2491
62573,2,37.0,0.3,Switch,0.8,0.1180999999999999,0.9181
62573,2,38.0,0.7,Switch,1.0,0.0218,1.0218
62573,2,39.0,0.7,Repeat,0.8,0.2663999999999999,1.0664
62573,2,40.0,0.7,Repeat,1.2,-0.1494999999999999,1.0505
62573,2,41.0,0.3,Switch,1.6,-0.4937,1.1063
62573,2,42.0,0.7,Switch,1.0,0.3872,1.3872
62573,2,44.0,0.3,Repeat,1.2,-0.0563,1.1437
62573,2,45.0,0.3,Repeat,1.6,-0.3442,1.2558
62573,2,46.0,0.7,Switch,0.8,0.1658999999999999,0.9659
62573,2,47.0,0.7,Repeat,1.4,-0.2172,1.1828
62573,2,48.0,0.7,Repeat,1.2,-0.1639000000000001,1.0360999999999998
62573,2,49.0,0.7,Repeat,1.6,-0.4025000000000001,1.1975
62573,2,50.0,0.7,Repeat,1.2,0.2509000000000001,1.4509
62573,2,51.0,0.3,Switch,1.4,-0.1164,1.2836
62573,2,53.0,0.3,Repeat,1.0,-0.0386999998999999,0.9613000001
62573,2,54.0,0.3,Repeat,1.4,-0.0384999999999999,1.3615
62573,2,55.0,0.7,Switch,1.4,0.0059000000000002,1.4059
62573,2,56.0,0.3,Switch,1.4,-0.0317,1.3682999999999998
62573,2,57.0,0.7,Switch,1.6,-0.1887000000000001,1.4113
62573,2,58.0,0.3,Switch,1.2,-0.1050999999999999,1.0949
62573,2,61.0,0.7,Repeat,1.6,-0.3835000000000002,1.2165
62573,2,62.0,0.3,Switch,1.6,-0.2970000000000001,1.303
62573,2,63.0,0.7,Switch,1.0,0.0504,1.0504
62573,2,64.0,0.7,Repeat,1.4,-0.1342999999999998,1.2657
62573,2,65.0,0.3,Switch,1.4,-0.1254999999999999,1.2745
62573,2,66.0,0.3,Repeat,0.8,0.4161999999999999,1.2162
62573,2,67.0,0.7,Switch,1.0,0.1654999999999999,1.1655
62573,2,68.0,0.7,Repeat,1.0,0.2823,1.2823
62573,2,69.0,0.3,Switch,1.0,0.4512,1.4512
62573,2,70.0,0.7,Switch,1.2,-0.2031999998999999,0.9968000001
62573,2,71.0,0.3,Switch,0.8,0.3836999999999999,1.1837
62573,2,72.0,0.7,Switch,0.8,0.1836999998999999,0.9836999999
62573,2,74.0,0.3,Switch,1.0,0.5172999999999999,1.5173
62573,2,75.0,0.7,Switch,1.6,0.1604999999999998,1.7605
62573,2,76.0,0.3,Switch,0.8,0.2392,1.0392
62573,2,77.0,0.3,Repeat,1.2,-0.1080999999999998,1.0919
62573,2,78.0,0.7,Switch,1.2,-0.0948,1.1052
62573,2,79.0,0.7,Repeat,1.2,0.1337000000000001,1.3337
62573,2,80.0,0.3,Switch,1.4,-0.3665999999999998,1.0334
62573,2,81.0,0.3,Repeat,1.4,-0.3005999999999997,1.0994000000000002
62573,2,82.0,0.3,Repeat,1.6,-0.3339000000000001,1.2661
62573,2,83.0,0.7,Switch,0.8,0.1995,0.9995
62573,2,84.0,0.7,Repeat,1.4,-0.0957999999999998,1.3042
62573,2,85.0,0.3,Switch,1.2,0.1860999999999999,1.3861
62573,2,86.0,0.3,Repeat,1.0,0.0515999999999998,1.0516
62573,2,87.0,0.3,Repeat,1.2,-0.2137999999999998,0.9862
62573,2,88.0,0.7,Switch,1.4,0.2040000000000001,1.604
62573,2,89.0,0.3,Switch,1.6,-0.1161,1.4839
62573,2,91.0,0.7,Switch,1.0,0.2319999999999999,1.232
62573,2,92.0,0.3,Switch,1.2,0.2170999999999998,1.4170999999999998
62573,2,93.0,0.3,Repeat,1.0,-0.1972999999999999,0.8027000000000001
62573,2,94.0,0.7,Switch,0.8,0.0635,0.8635
62573,2,95.0,0.3,Switch,0.8,0.0334999999999999,0.8335
62573,2,96.0,0.7,Switch,1.6,0.0002999999999999,1.6003
62573,2,98.0,0.7,Repeat,1.6,-0.1557000000000001,1.4443
62573,2,99.0,0.7,Repeat,0.8,0.1237,0.9237
62573,2,100.0,0.7,Repeat,1.2,0.3027000000000002,1.5027
62573,2,101.0,0.3,Switch,1.0,0.0687999999999999,1.0688
62573,2,102.0,0.3,Repeat,1.4,-0.1494999999999999,1.2505
62573,2,103.0,0.3,Repeat,1.2,0.0227000000000001,1.2227
62573,2,104.0,0.7,Switch,1.4,0.3381,1.7381
62573,2,105.0,0.3,Switch,1.0,-0.2165,0.7835
62573,2,106.0,0.3,Repeat,1.2,0.0815999999999999,1.2816
62573,2,107.0,0.3,Repeat,1.4,-0.0709999999999999,1.329
62573,2,108.0,0.7,Switch,1.0,0.2330000000000001,1.233
62573,2,109.0,0.7,Repeat,0.8,0.3164,1.1164
62573,2,110.0,0.3,Switch,1.4,0.0483,1.4483
62573,2,111.0,0.3,Repeat,0.8,0.5169000000000001,1.3169000000000002
62573,2,113.0,0.3,Repeat,0.8,0.4222999999999999,1.2223
62573,2,114.0,0.3,Repeat,1.6,-0.4669000000000001,1.1331
62573,2,115.0,0.7,Switch,1.4,-0.3772999999999999,1.0227
62573,2,116.0,0.7,Repeat,1.0,0.0686,1.0686
62573,2,117.0,0.7,Repeat,1.4,-0.0157,1.3843
62573,2,118.0,0.7,Repeat,1.2,0.0514000000000001,1.2514
62573,2,119.0,0.7,Repeat,1.2,-0.0972999999999999,1.1027
62573,2,121.0,0.7,Repeat,1.4,-0.0689999999999999,1.331
62573,2,122.0,0.7,Repeat,1.6,-0.5467000000000002,1.0533
62573,2,123.0,0.3,Switch,1.4,-0.1818999999999999,1.2181
62573,2,124.0,0.3,Repeat,1.6,0.0840999999999998,1.6841
62573,2,125.0,0.3,Repeat,1.2,0.2513000000000001,1.4513
62573,2,126.0,0.7,Switch,1.4,-0.0495999999999998,1.3504
62573,2,127.0,0.7,Repeat,1.4,-0.1570999999999998,1.2429
62573,2,128.0,0.3,Switch,1.2,0.044,1.244
62573,2,129.0,0.3,Repeat,0.8,0.5505999999999998,1.3505999999999998
62573,2,130.0,0.7,Switch,0.8,0.3479999999999998,1.148
62573,2,131.0,0.3,Switch,1.0,-0.1673,0.8327
62573,2,132.0,0.7,Switch,0.8,0.1787999999999999,0.9788
62573,2,133.0,0.3,Switch,1.4,-0.3665999999999998,1.0334
62573,2,134.0,0.3,Repeat,0.8,0.2197,1.0197
62573,2,135.0,0.3,Repeat,1.6,-0.0984000000000002,1.5015999999999998
62573,2,136.0,0.3,Repeat,0.8,0.3177999999999998,1.1178
62573,2,137.0,0.7,Switch,1.0,0.1364,1.1364
62573,2,138.0,0.7,Repeat,1.2,-0.2010999998999999,0.9989000001
62573,2,139.0,0.7,Repeat,0.8,0.2737999999999998,1.0738
62573,2,140.0,0.7,Repeat,1.0,0.0330999999999999,1.0331
62573,2,141.0,0.3,Switch,1.4,-0.2737,1.1263
62573,2,142.0,0.3,Repeat,1.0,0.4627000000000001,1.4627
62573,2,143.0,0.3,Repeat,1.0,-0.2178,0.7822
62573,2,144.0,0.7,Switch,1.6,-0.3492000000000002,1.2508
62573,2,145.0,0.7,Repeat,1.2,-0.0334999999999998,1.1665
62573,2,146.0,0.7,Repeat,1.0,0.082,1.082
62573,2,147.0,0.3,Switch,1.6,-0.4495,1.1505
62573,2,148.0,0.7,Switch,1.6,-0.2422000000000002,1.3578
62573,2,149.0,0.3,Switch,1.2,-0.0477,1.1523
62573,2,151.0,0.7,Switch,1.0,0.2817,1.2817
62573,2,153.0,0.3,Switch,1.4,-0.3640999999999998,1.0359
62573,2,154.0,0.3,Repeat,1.4,-0.2987999999999999,1.1012
62573,2,155.0,0.7,Switch,1.4,0.1694000000000002,1.5694
62573,2,156.0,0.7,Repeat,1.2,0.032,1.232
62573,2,157.0,0.3,Switch,1.0,-0.0377,0.9623
62573,2,158.0,0.3,Repeat,1.6,-0.3007000000000002,1.2993
62573,2,159.0,0.7,Switch,0.8,0.2829999999999999,1.083
62573,2,161.0,0.7,Switch,1.6,-0.1499000000000001,1.4501
62573,2,162.0,0.7,Repeat,1.4,-0.0227999999999999,1.3772
62573,2,163.0,0.3,Switch,0.8,0.3924000000000001,1.1924
62573,2,164.0,0.7,Switch,1.6,-0.4465000000000001,1.1535
62573,2,165.0,0.7,Repeat,0.8,0.4415,1.2415
62573,2,166.0,0.7,Repeat,1.2,0.0036,1.2036
62573,2,167.0,0.3,Switch,0.8,0.2337,1.0337
62573,2,168.0,0.3,Repeat,1.2,-0.1707,1.0293
62573,2,169.0,0.7,Switch,1.0,0.1171999999999999,1.1172
62573,2,170.0,0.3,Switch,1.6,-0.2679000000000002,1.3320999999999998
62573,2,171.0,0.3,Repeat,1.2,0.1379000000000001,1.3379
62573,2,172.0,0.3,Repeat,1.0,0.5067000000000002,1.5067000000000002
62573,2,173.0,0.7,Switch,1.4,-0.0335999999999998,1.3664
62573,2,174.0,0.3,Switch,1.4,-0.0999999999999998,1.3
62573,2,175.0,0.3,Repeat,1.2,0.1657999999999999,1.3658
62573,2,176.0,0.7,Switch,1.0,0.08,1.08
62573,2,177.0,0.7,Repeat,1.2,0.0423,1.2423
62573,2,178.0,0.7,Repeat,1.6,-0.3515999999999999,1.2484000000000002
62573,2,179.0,0.3,Switch,0.8,0.2697999999999998,1.0698
62573,2,181.0,0.7,Switch,1.0,0.1365999999999998,1.1365999999999998
62573,2,182.0,0.7,Repeat,0.8,0.2457,1.0457
62573,2,183.0,0.3,Switch,1.4,-0.2834000000000001,1.1165999999999998
62573,2,185.0,0.7,Switch,0.8,0.3772999999999999,1.1773
62573,2,186.0,0.3,Switch,1.6,-0.2208000000000001,1.3792
62573,2,187.0,0.3,Repeat,1.4,0.0501,1.4501
62573,2,188.0,0.3,Repeat,1.0,0.1434999999999999,1.1435
62573,2,189.0,0.7,Switch,1.6,-0.3503,1.2497
62573,2,190.0,0.7,Repeat,1.6,-0.5079000000000002,1.0920999999999998
62573,2,191.0,0.3,Switch,1.6,-0.5021,1.0979
62573,2,192.0,0.7,Switch,1.2,0.4379000000000002,1.6379
62573,2,193.0,0.7,Repeat,1.2,0.0635999999999998,1.2635999999999998
62573,2,194.0,0.3,Switch,0.8,0.2427999999999999,1.0428
62573,2,195.0,0.7,Switch,1.4,-0.1493999999999999,1.2506
62573,2,196.0,0.7,Repeat,1.4,-0.1999999999999999,1.2
62573,2,197.0,0.3,Switch,1.2,-0.0914999999999999,1.1085
62573,2,198.0,0.3,Repeat,1.4,-0.2390999999999998,1.1609
62573,2,199.0,0.7,Switch,1.6,-0.0145000000000001,1.5855
62573,2,200.0,0.3,Switch,1.0,0.2178999999999999,1.2179
62573,2,201.0,0.7,Switch,1.2,0.0502,1.2502
62573,2,202.0,0.7,Repeat,1.0,0.0047000000000001,1.0047
62573,2,203.0,0.3,Switch,1.2,-0.2000999999999999,0.9999
62573,2,204.0,0.3,Repeat,0.8,0.2817,1.0817
62573,2,205.0,0.3,Repeat,0.8,0.2950999999999999,1.0951
62573,2,206.0,0.3,Repeat,1.2,-0.2852,0.9148
62573,2,207.0,0.7,Switch,1.4,-0.4349999999999999,0.965
62573,2,208.0,0.7,Repeat,1.0,0.0171000000000001,1.0171
62573,2,209.0,0.7,Repeat,0.8,0.3774999999999999,1.1775
62573,2,211.0,0.7,Switch,1.0,0.1359000000000001,1.1359
62573,2,212.0,0.7,Repeat,1.2,0.2173,1.4173
62573,2,213.0,0.3,Switch,1.2,-0.0170999999999998,1.1829
62573,2,214.0,0.3,Repeat,1.2,-0.0827999999999999,1.1172
62573,2,215.0,0.7,Switch,1.4,-0.2519,1.1481
62573,2,216.0,0.3,Switch,1.0,0.1999000000000002,1.1999000000000002
62573,2,217.0,0.7,Switch,1.2,-0.2943000001,0.9056999999
62573,2,218.0,0.3,Switch,1.6,-0.3834000000000002,1.2166
62573,2,219.0,0.7,Switch,1.0,0.5065,1.5065
62573,2,220.0,0.7,Repeat,1.0,0.2843,1.2843
62573,2,221.0,0.7,Repeat,0.8,0.3434000000000001,1.1434000000000002
62573,2,222.0,0.3,Switch,0.8,-0.053,0.747
62573,2,223.0,0.3,Repeat,1.2,-0.1587999999999998,1.0412
62573,2,224.0,0.7,Switch,1.4,-0.1669999999999998,1.233
62573,2,225.0,0.7,Repeat,1.6,-0.5335000000000001,1.0665
62573,2,226.0,0.3,Switch,1.4,0.0014000000000002,1.4014000000000002
62573,2,227.0,0.7,Switch,0.8,0.2002999999999999,1.0003
62573,2,229.0,0.3,Switch,0.8,-0.0397999999999999,0.7602000000000001
62573,2,230.0,0.3,Repeat,1.4,0.3287000000000002,1.7287
62573,2,231.0,0.3,Repeat,1.6,0.3044,1.9044
62573,2,232.0,0.3,Repeat,1.0,0.2179999999999999,1.218
62573,2,233.0,0.7,Switch,1.6,0.4213,2.0213
62573,2,234.0,0.7,Repeat,1.4,-0.0466999999999999,1.3533
62573,2,235.0,0.3,Switch,1.6,-0.1500000000000001,1.45
62573,2,236.0,0.7,Switch,1.2,-0.1240999999999998,1.0759
62573,2,237.0,0.7,Repeat,1.6,-0.121,1.479
62573,2,238.0,0.3,Switch,0.8,0.0443999999999998,0.8443999999999999
62573,2,239.0,0.3,Repeat,1.0,0.0764,1.0764
62573,2,241.0,0.3,Repeat,1.6,0.1942999999999999,1.7943
62573,2,242.0,0.3,Repeat,1.4,-0.2371999999999998,1.1628
62573,2,243.0,0.3,Repeat,1.4,0.1831,1.5831
62573,2,244.0,0.3,Repeat,1.2,0.0099000000000002,1.2099000000000002
62573,2,246.0,0.7,Repeat,1.6,-0.3146,1.2854
62573,2,247.0,0.3,Switch,0.8,-0.2338000001000001,0.5661999998999999
62573,2,248.0,0.3,Repeat,0.8,-0.1619000001,0.6380999999
62573,2,249.0,0.3,Repeat,1.6,-0.0045999999999999,1.5954000000000002
62573,2,250.0,0.7,Switch,1.4,-0.4300999998999998,0.9699000001
62573,2,251.0,0.7,Repeat,0.8,0.1239000001,0.9239000001
62573,2,252.0,0.7,Repeat,0.8,0.3969,1.1969
62573,2,253.0,0.7,Repeat,1.2,-0.3658999999999999,0.8341000000000001
62573,2,254.0,0.7,Repeat,1.0,-0.3507,0.6493
62573,2,255.0,0.7,Repeat,1.6,0.0474999999999998,1.6475
62573,2,256.0,0.3,Switch,1.0,0.1674999999999999,1.1675
62573,2,257.0,0.7,Switch,1.6,-0.1427,1.4573
62573,2,258.0,0.7,Repeat,1.0,0.3959999999999999,1.396
62573,2,259.0,0.3,Switch,1.0,0.2842,1.2842
62573,2,260.0,0.3,Repeat,1.0,0.1672,1.1672
62573,2,261.0,0.7,Switch,1.0,0.435,1.435
62573,2,262.0,0.3,Switch,1.4,0.1493,1.5493
62573,2,263.0,0.7,Switch,1.2,0.2045999999999999,1.4045999999999998
62573,2,264.0,0.3,Switch,1.6,-0.2834000000000001,1.3166
62573,2,265.0,0.7,Switch,1.2,0.2547000000000001,1.4547
62573,2,266.0,0.7,Repeat,0.8,0.4834,1.2834
62573,2,267.0,0.7,Repeat,1.4,-0.0494000000000001,1.3505999999999998
62573,2,268.0,0.3,Switch,1.2,0.157,1.357
62573,2,269.0,0.3,Repeat,0.8,0.3713999999999999,1.1714
82622,2,31.0,0.7,Repeat,1.6,-0.2317000000000002,1.3682999999999998
82622,2,32.0,0.3,Switch,1.6,-0.4132000000000002,1.1868
82622,2,33.0,0.7,Switch,0.8,0.4527000000000001,1.2527
82622,2,34.0,0.3,Switch,1.0,0.0775999999999998,1.0776
82622,2,35.0,0.7,Switch,0.8,0.0826,0.8826
82622,2,36.0,0.3,Switch,1.4,0.0159000000000002,1.4159000000000002
82622,2,37.0,0.3,Repeat,1.2,-0.0592999999999999,1.1407
82622,2,38.0,0.7,Switch,1.2,-0.1780999999999999,1.0219
82622,2,39.0,0.3,Switch,1.4,-0.1099000000000001,1.2900999999999998
82622,2,40.0,0.7,Switch,1.4,0.0022999999999999,1.4023
82622,2,41.0,0.3,Switch,1.0,-0.3696,0.6304
82622,2,42.0,0.3,Repeat,1.6,-0.4768000000000001,1.1232
82622,2,43.0,0.3,Repeat,1.6,0.0231999999999998,1.6232
82622,2,44.0,0.3,Repeat,1.2,-0.0334999999999998,1.1665
82622,2,45.0,0.7,Switch,1.6,0.0077,1.6077
82622,2,46.0,0.7,Repeat,1.2,0.1742999999999999,1.3743
82622,2,47.0,0.7,Repeat,1.2,0.2730000000000001,1.473
82622,2,49.0,0.3,Repeat,0.8,-0.0803,0.7197
82622,2,50.0,0.3,Repeat,1.4,-0.2125999999999999,1.1874
82622,2,51.0,0.7,Switch,1.6,-0.1229000000000002,1.4771
82622,2,52.0,0.3,Switch,0.8,-0.0492000000000001,0.7507999999999999
82622,2,53.0,0.7,Switch,1.0,0.3135999999999999,1.3136
82622,2,54.0,0.7,Repeat,1.0,-0.1052,0.8947999999999999
82622,2,55.0,0.7,Repeat,1.4,-0.2934999999999998,1.1065
82622,2,56.0,0.7,Repeat,1.0,0.1035999999999999,1.1036
82622,2,57.0,0.3,Switch,1.0,0.2004000000000001,1.2004
82622,2,58.0,0.7,Switch,0.8,-0.0577,0.7423
82622,2,59.0,0.3,Switch,1.2,-0.2493999999999999,0.9506
82622,2,61.0,0.7,Switch,1.0,-0.0012,0.9988
82622,2,62.0,0.7,Repeat,0.8,0.0750999999999999,0.8751
82622,2,63.0,0.7,Repeat,1.4,-0.4790999999999999,0.9209
82622,2,64.0,0.3,Switch,1.2,-0.3267,0.8733
82622,2,65.0,0.3,Repeat,0.8,0.1789999999999999,0.979
82622,2,66.0,0.3,Repeat,1.6,-0.2300999999999999,1.3699
82622,2,67.0,0.7,Switch,1.2,-0.01,1.19
82622,2,68.0,0.3,Switch,1.0,9.9999999999989e-05,1.0001
82622,2,69.0,0.3,Repeat,1.4,-0.2300999999999997,1.1699000000000002
82622,2,70.0,0.7,Switch,1.0,0.3159,1.3159
82622,2,72.0,0.3,Repeat,0.8,0.0689999999999999,0.869
82622,2,73.0,0.7,Switch,1.6,-0.3726,1.2274
82622,2,74.0,0.3,Switch,1.6,-0.0582,1.5418
82622,2,75.0,0.7,Switch,1.0,0.0546999999999999,1.0547
82622,2,76.0,0.7,Repeat,1.2,-0.2211999999999999,0.9788
82622,2,77.0,0.7,Repeat,1.6,-0.4720999999999999,1.1279
82622,2,78.0,0.3,Switch,1.4,-0.0065999999999997,1.3934000000000002
82622,2,79.0,0.3,Repeat,1.0,0.2490999999999998,1.2491
82622,2,80.0,0.7,Switch,0.8,0.2012999999999998,1.0013
82622,2,81.0,0.7,Repeat,1.4,-0.2604999999999999,1.1395
82622,2,82.0,0.7,Repeat,0.8,0.3870999999999998,1.1870999999999998
82622,2,83.0,0.3,Switch,0.8,0.5317999999999998,1.3318
82622,2,84.0,0.7,Switch,1.4,-0.2277,1.1723
82622,2,85.0,0.7,Repeat,1.2,0.2514,1.4514
82622,2,86.0,0.3,Switch,1.2,-0.016,1.184
82622,2,87.0,0.3,Repeat,1.0,-0.1040999999999999,0.8959
82622,2,88.0,0.7,Switch,1.6,0.0084999999999999,1.6085
82622,2,89.0,0.3,Switch,1.4,0.2662000000000002,1.6662
82622,2,91.0,0.3,Repeat,1.2,0.1999000000000002,1.3999
82622,2,92.0,0.3,Repeat,1.0,0.2697,1.2697
82622,2,93.0,0.7,Switch,1.0,-0.1787999999999999,0.8212
82622,2,94.0,0.3,Switch,0.8,0.0973999999999999,0.8974
82622,2,95.0,0.7,Switch,1.2,-0.0322,1.1678
82622,2,96.0,0.3,Switch,1.2,-0.177,1.023
82622,2,97.0,0.7,Switch,1.0,-0.0658999999999999,0.9341
82622,2,98.0,0.3,Switch,0.8,-0.0928,0.7072
82622,2,99.0,0.7,Switch,1.4,0.1449000000000002,1.5449000000000002
82622,2,100.0,0.7,Repeat,1.2,-0.2190999999999999,0.9809
82622,2,101.0,0.7,Repeat,0.8,0.1337,0.9337
82622,2,102.0,0.7,Repeat,0.8,0.0537999999999999,0.8538
82622,2,103.0,0.3,Switch,1.4,-0.2740999999999998,1.1259
82622,2,104.0,0.3,Repeat,0.8,0.0322999999999998,0.8322999999999999
82622,2,105.0,0.3,Repeat,1.6,-0.4962999999999999,1.1037
82622,2,106.0,0.7,Switch,1.4,0.2655,1.6655
82622,2,107.0,0.7,Repeat,0.8,0.1321,0.9321
82622,2,108.0,0.3,Switch,1.4,-0.1915,1.2085
82622,2,109.0,0.7,Switch,1.0,0.1079000000000001,1.1079
82622,2,110.0,0.3,Switch,1.0,-0.1117,0.8883
82622,2,111.0,0.7,Switch,1.2,-0.1367999999999998,1.0632
82622,2,112.0,0.7,Repeat,1.6,-0.0550999999999999,1.5449000000000002
82622,2,113.0,0.3,Switch,1.0,0.042,1.042
82622,2,114.0,0.7,Switch,1.4,0.0562,1.4562
82622,2,115.0,0.3,Switch,1.6,-0.1612000000000002,1.4388
82622,2,116.0,0.7,Switch,1.6,-0.08,1.52
82622,2,117.0,0.3,Switch,1.2,-0.1379999999999999,1.062
82622,2,118.0,0.7,Switch,1.6,-0.1422000000000001,1.4578
82622,2,119.0,0.3,Switch,1.6,0.0035999999999998,1.6036
82622,2,121.0,0.3,Switch,0.8,0.5124,1.3124
82622,2,122.0,0.3,Repeat,1.2,0.2225999999999999,1.4226
82622,2,123.0,0.3,Repeat,1.4,-0.0909999999999999,1.309
82622,2,124.0,0.7,Switch,1.2,-0.0544,1.1456
82622,2,125.0,0.3,Switch,1.0,0.0857999999999998,1.0858
82622,2,126.0,0.7,Switch,1.0,0.2084999999999999,1.2085
82622,2,127.0,0.3,Switch,1.4,-0.1127,1.2873
82622,2,128.0,0.7,Switch,1.6,0.2745999999999997,1.8746
82622,2,129.0,0.7,Repeat,1.0,0.0622,1.0622
82622,2,130.0,0.7,Repeat,1.6,0.1501999999999999,1.7502
82622,2,131.0,0.3,Switch,1.4,-0.1616999999999999,1.2383
82622,2,132.0,0.3,Repeat,0.8,-0.1556,0.6444
82622,2,133.0,0.3,Repeat,1.0,0.3550999999999999,1.3551
82622,2,134.0,0.3,Repeat,1.2,-0.0125999999999999,1.1874
82622,2,135.0,0.7,Switch,1.4,-0.2125999999999999,1.1874
82622,2,136.0,0.7,Repeat,0.8,-0.0281,0.7719
82622,2,137.0,0.7,Repeat,1.0,-0.1673,0.8327
82622,2,138.0,0.7,Repeat,1.4,-0.1727999999999998,1.2272
82622,2,139.0,0.3,Switch,1.6,-0.0161,1.5839
82622,2,140.0,0.3,Repeat,1.2,-0.0127999999999999,1.1872
82622,2,141.0,0.7,Switch,0.8,0.4002000000000001,1.2002000000000002
82622,2,142.0,0.7,Repeat,1.4,-0.0660999999999998,1.3339
82622,2,143.0,0.3,Switch,0.8,0.1383999999999999,0.9384
82622,2,144.0,0.3,Repeat,1.0,-0.1060999999999999,0.8939
82622,2,145.0,0.3,Repeat,1.6,-0.2725000000000002,1.3275
82622,2,146.0,0.3,Repeat,1.6,-0.1204000000000002,1.4795999999999998
82622,2,147.0,0.7,Switch,1.6,0.1297999999999999,1.7298
82622,2,148.0,0.7,Repeat,1.2,0.028,1.228
82622,2,149.0,0.7,Repeat,0.8,0.3290999999999999,1.1291
82622,2,151.0,0.7,Switch,0.8,-0.1325,0.6675
82622,2,152.0,0.7,Repeat,1.2,-0.0139,1.1861
82622,2,153.0,0.3,Switch,1.4,-0.1464,1.2535999999999998
82622,2,154.0,0.3,Repeat,1.2,0.0279,1.2279
82622,2,155.0,0.7,Switch,1.6,0.0659,1.6659000000000002
82622,2,156.0,0.7,Repeat,1.2,0.012,1.212
82622,2,157.0,0.3,Switch,1.4,-0.0879,1.3120999999999998
82622,2,158.0,0.7,Switch,1.6,0.2928999999999999,1.8929
82622,2,159.0,0.7,Repeat,1.2,-0.1584999999999998,1.0415
82622,2,160.0,0.7,Repeat,1.4,-0.1498999999999999,1.2501
82622,2,161.0,0.3,Switch,0.8,0.1224999999999999,0.9225
82622,2,162.0,0.3,Repeat,1.0,-0.1827,0.8172999999999999
82622,2,163.0,0.3,Repeat,1.6,-0.3697000000000001,1.2303
82622,2,164.0,0.3,Repeat,1.6,-0.4951000000000001,1.1049
82622,2,165.0,0.7,Switch,1.0,0.2895999999999998,1.2896
82622,2,166.0,0.7,Repeat,0.8,0.1978999999999999,0.9979
82622,2,167.0,0.7,Repeat,0.8,-0.0228,0.7772
82622,2,168.0,0.3,Switch,0.8,0.2211,1.0211
82622,2,169.0,0.3,Repeat,1.2,0.0107999999999999,1.2108
82622,2,170.0,0.3,Repeat,1.0,0.0807,1.0807
82622,2,171.0,0.3,Repeat,1.4,-0.1924999999999999,1.2075
82622,2,172.0,0.7,Switch,1.6,0.0037999999999998,1.6038
82622,2,173.0,0.3,Switch,1.2,-0.2440999999999999,0.9559
82622,2,174.0,0.7,Switch,1.4,-0.0464999999999999,1.3535
82622,2,175.0,0.7,Repeat,1.0,-0.0047,0.9953
82622,2,176.0,0.7,Repeat,1.4,-0.2519,1.1481
82622,2,177.0,0.3,Switch,1.0,-0.2308,0.7692
82622,2,178.0,0.7,Switch,1.0,0.2075,1.2075
82622,2,179.0,0.3,Switch,1.6,-0.3524000000000002,1.2475999999999998
82622,2,181.0,0.7,Switch,0.8,0.3867999999999998,1.1868
82622,2,182.0,0.3,Switch,1.6,-0.1452000000000002,1.4548
82622,2,183.0,0.7,Switch,1.0,0.3422,1.3422
82622,2,184.0,0.7,Repeat,1.0,0.5197,1.5197
82622,2,185.0,0.3,Switch,0.8,0.2809999999999999,1.081
82622,2,186.0,0.3,Repeat,1.0,0.0834000000000001,1.0834
82622,2,187.0,0.3,Repeat,1.4,-0.0442,1.3558
82622,2,188.0,0.7,Switch,1.2,0.1954000000000002,1.3954000000000002
82622,2,189.0,0.7,Repeat,1.6,-0.4131,1.1869
82622,2,190.0,0.7,Repeat,1.2,0.0495999999999998,1.2495999999999998
82622,2,191.0,0.3,Switch,1.6,0.0499,1.6499
82622,2,192.0,0.7,Switch,1.6,0.1469,1.7469
82622,2,193.0,0.3,Switch,1.4,-0.1522999999999998,1.2477
82622,2,194.0,0.7,Switch,1.0,0.3029000000000001,1.3029000000000002
82622,2,195.0,0.3,Switch,1.2,0.0084000000000001,1.2084
82622,2,196.0,0.3,Repeat,1.4,-0.2377999999999998,1.1622
82622,2,197.0,0.7,Switch,1.4,-0.0299,1.3701
82622,2,198.0,0.7,Repeat,1.4,0.0578,1.4578
82622,2,199.0,0.3,Switch,0.8,0.0773999999999999,0.8774
82622,2,200.0,0.7,Switch,0.8,0.1998999999999999,0.9999
82622,2,201.0,0.3,Switch,1.0,0.1434000000000002,1.1434000000000002
82622,2,202.0,0.7,Switch,1.6,-0.3486,1.2514
82622,2,203.0,0.7,Repeat,0.8,0.1365999999999999,0.9366
82622,2,204.0,0.7,Repeat,1.2,0.2335,1.4335
82622,2,205.0,0.7,Repeat,1.4,0.119,1.519
82622,2,206.0,0.3,Switch,1.0,0.1322999999999998,1.1323
82622,2,207.0,0.3,Repeat,1.2,0.2372,1.4372
82622,2,208.0,0.3,Repeat,1.6,-0.0829000000000002,1.5171
82622,2,209.0,0.3,Repeat,1.2,-0.2219,0.9781
82622,2,211.0,0.3,Switch,0.8,-0.0235,0.7765
82622,2,212.0,0.7,Switch,0.8,0.2209999999999998,1.021
82622,2,213.0,0.7,Repeat,1.6,-0.1807,1.4193
82622,2,214.0,0.3,Switch,1.4,-0.1270999999999997,1.2729
82622,2,215.0,0.7,Switch,1.2,-0.0548999999999999,1.1451
82622,2,216.0,0.3,Switch,0.8,0.1592999999999999,0.9593
82622,2,217.0,0.7,Switch,0.8,0.1558999999999999,0.9559
82622,2,218.0,0.3,Switch,1.2,0.0917000000000001,1.2917
82622,2,219.0,0.7,Switch,1.0,0.3332999999999999,1.3333
82622,2,220.0,0.3,Switch,1.2,0.0275999999999998,1.2275999999999998
82622,2,221.0,0.7,Switch,1.6,-0.1415999999999999,1.4584
82622,2,222.0,0.3,Switch,1.0,0.381,1.381
82622,2,223.0,0.3,Repeat,1.6,-0.1208,1.4792
82622,2,224.0,0.7,Switch,1.6,-0.3501000000000001,1.2499
82622,2,225.0,0.7,Repeat,1.2,0.1754000000000002,1.3754000000000002
82622,2,226.0,0.3,Switch,1.2,0.3459000000000001,1.5459
82622,2,227.0,0.3,Repeat,1.6,-0.0182999999999999,1.5817
82622,2,228.0,0.7,Switch,0.8,0.1202999999999999,0.9203
82622,2,229.0,0.3,Switch,0.8,0.0774999999999999,0.8775
82622,2,230.0,0.3,Repeat,1.6,-0.3121,1.2879
82622,2,231.0,0.7,Switch,1.0,0.125,1.125
82622,2,232.0,0.7,Repeat,1.4,-0.0462999999999997,1.3537
82622,2,233.0,0.3,Switch,1.4,-0.2750999999999999,1.1249
82622,2,234.0,0.7,Switch,1.4,-0.0114,1.3885999999999998
82622,2,235.0,0.3,Switch,1.0,0.3283,1.3283
82622,2,236.0,0.3,Repeat,1.4,0.0970000000000002,1.497
82622,2,237.0,0.7,Switch,1.2,-0.0954000000000001,1.1045999999999998
82622,2,238.0,0.7,Repeat,1.4,-0.4043999999999998,0.9956
82622,2,239.0,0.3,Switch,1.0,0.3540000000000001,1.354
82622,2,241.0,0.3,Switch,0.8,-0.0094,0.7906
82622,2,242.0,0.7,Switch,1.0,0.2259999999999999,1.226
82622,2,243.0,0.3,Switch,1.4,-0.0837999999999998,1.3162
82622,2,244.0,0.3,Repeat,1.0,0.1652,1.1652
82622,2,245.0,0.7,Switch,0.8,0.2374,1.0374
82622,2,246.0,0.7,Repeat,1.0,0.0826,1.0826
82622,2,247.0,0.7,Repeat,1.2,-0.0363,1.1637
82622,2,248.0,0.3,Switch,1.2,-0.1647999999999998,1.0352
82622,2,249.0,0.3,Repeat,1.0,0.2452,1.2452
82622,2,250.0,0.3,Repeat,1.6,0.1013999999999999,1.7014
82622,2,251.0,0.7,Switch,1.6,-0.1467,1.4533
82622,2,252.0,0.3,Switch,1.6,0.1472,1.7472
82622,2,253.0,0.3,Repeat,1.4,-0.1084,1.2916
82622,2,254.0,0.7,Switch,1.2,0.1545999999999998,1.3545999999999998
82622,2,255.0,0.7,Repeat,1.6,-0.1220000000000001,1.478
82622,2,256.0,0.3,Switch,1.6,-0.1209000000000002,1.4791
82622,2,257.0,0.3,Repeat,0.8,0.1846999999999999,0.9847
82622,2,258.0,0.3,Repeat,1.0,0.1054999999999999,1.1055
82622,2,259.0,0.3,Repeat,0.8,-0.0034,0.7966
82622,2,260.0,0.7,Switch,0.8,0.0362,0.8362
82622,2,261.0,0.7,Repeat,0.8,-0.0497999999999999,0.7502000000000001
82622,2,262.0,0.7,Repeat,1.4,-0.0882,1.3118
82622,2,263.0,0.3,Switch,1.2,-0.1798999999999999,1.0201
82622,2,264.0,0.7,Switch,1.6,-0.0772000000000001,1.5228
82622,2,265.0,0.7,Repeat,1.4,-0.0169999999999999,1.383
82622,2,266.0,0.7,Repeat,1.2,0.0928,1.2928
82622,2,267.0,0.3,Switch,1.2,0.2372,1.4372
82622,2,268.0,0.7,Switch,1.0,0.165,1.165
82622,2,269.0,0.3,Switch,1.4,-0.1725999999999998,1.2274
118354,2,31.0,0.7,Switch,1.0,-0.1006,0.8994
118354,2,32.0,0.3,Switch,0.8,0.0988999999999999,0.8989
118354,2,33.0,0.3,Repeat,1.4,-0.5389999999999999,0.861
118354,2,35.0,0.3,Switch,0.8,0.1709999999999999,0.971
118354,2,36.0,0.7,Switch,0.8,0.0652,0.8652000000000001
118354,2,38.0,0.7,Switch,1.6,-0.5157,1.0843
118354,2,39.0,0.3,Switch,1.0,-0.2497999999999999,0.7502000000000001
118354,2,40.0,0.7,Switch,1.6,0.2824,1.8824
118354,2,41.0,0.3,Switch,1.0,-0.1001,0.8998999999999999
118354,2,42.0,0.3,Repeat,1.2,0.4339000000000002,1.6339
118354,2,44.0,0.7,Switch,1.4,0.032,1.432
118354,2,45.0,0.3,Switch,1.0,0.1048,1.1048
118354,2,46.0,0.7,Switch,1.0,0.4995,1.4995
118354,2,47.0,0.3,Switch,1.2,0.4632,1.6632
118354,2,48.0,0.7,Switch,1.4,0.2305000000000001,1.6305
118354,2,50.0,0.3,Switch,1.6,0.0927999999999997,1.6928
118354,2,51.0,0.3,Repeat,1.4,0.4057000000000001,1.8057
118354,2,52.0,0.7,Switch,1.2,0.3354000000000001,1.5354
118354,2,53.0,0.7,Repeat,1.0,0.2300999999999999,1.2301
118354,2,54.0,0.3,Switch,1.6,0.2349999999999998,1.835
118354,2,55.0,0.7,Switch,0.8,0.4520999999999999,1.2521
118354,2,56.0,0.7,Repeat,0.8,0.5199,1.3199
118354,2,57.0,0.3,Switch,0.8,-0.0437999999999999,0.7562000000000001
118354,2,58.0,0.7,Switch,1.2,-0.3825999999999999,0.8174
118354,2,59.0,0.7,Repeat,1.6,-0.0527999999999999,1.5472
118354,2,61.0,0.3,Repeat,0.8,-0.2032,0.5968
118354,2,62.0,0.3,Repeat,1.6,-0.385,1.215
118354,2,63.0,0.7,Switch,0.8,-0.2021,0.5979
118354,2,64.0,0.7,Repeat,1.0,-0.2991,0.7009
118354,2,65.0,0.3,Switch,1.4,-0.5667999999999999,0.8332
118354,2,66.0,0.7,Switch,1.6,-0.4013,1.1987
118354,2,67.0,0.7,Repeat,1.4,0.0829000000000002,1.4829
118354,2,68.0,0.7,Repeat,1.4,-0.0642,1.3358
118354,2,69.0,0.3,Switch,1.4,-0.1164999999999998,1.2835
118354,2,70.0,0.7,Switch,1.4,-0.1432999999999997,1.2567000000000002
118354,2,71.0,0.3,Switch,1.2,0.1160999999999998,1.3160999999999998
118354,2,72.0,0.7,Switch,1.2,0.2854000000000001,1.4854
118354,2,73.0,0.7,Repeat,1.0,-0.0707999999999999,0.9292
118354,2,74.0,0.3,Switch,1.4,-0.2840999999999998,1.1159
118354,2,75.0,0.3,Repeat,1.2,-0.5492999999999999,0.6507000000000001
118354,2,76.0,0.7,Switch,1.2,0.2962,1.4962
118354,2,77.0,0.7,Repeat,0.8,0.4315999999999997,1.2315999999999998
118354,2,78.0,0.3,Switch,0.8,-0.0329,0.7671
118354,2,79.0,0.3,Repeat,1.0,-0.2012999999999999,0.7987000000000001
118354,2,80.0,0.3,Repeat,1.2,-0.1616999999999999,1.0383
118354,2,81.0,0.7,Switch,1.6,0.1299999999999999,1.73
118354,2,82.0,0.3,Switch,1.0,-0.0685,0.9315
118354,2,84.0,0.7,Repeat,1.2,-0.3681999999999999,0.8318
118354,2,86.0,0.3,Repeat,1.0,0.3668,1.3668
118354,2,87.0,0.7,Switch,0.8,-0.2153,0.5847
118354,2,89.0,0.7,Switch,1.0,-0.1039999999999999,0.896
118354,2,91.0,0.3,Repeat,0.8,-0.2161,0.5839
118354,2,92.0,0.7,Switch,1.0,0.1025,1.1025
118354,2,93.0,0.3,Switch,1.0,-0.3497,0.6503
118354,2,94.0,0.3,Repeat,1.0,-0.3016,0.6984
118354,2,95.0,0.7,Switch,1.0,-0.3018999999999999,0.6981
118354,2,96.0,0.7,Repeat,1.4,-0.2331999999999998,1.1668
118354,2,97.0,0.3,Switch,1.2,0.0803,1.2803
118354,2,98.0,0.7,Switch,1.6,-0.4333,1.1667
118354,2,99.0,0.3,Switch,1.6,-0.2504000000000002,1.3496
118354,2,100.0,0.3,Repeat,1.4,-0.0329999999999999,1.367
118354,2,101.0,0.7,Switch,0.8,0.0171,0.8171
118354,2,102.0,0.7,Repeat,1.6,0.0999000000000001,1.6999000000000002
118354,2,103.0,0.7,Repeat,1.2,-0.2008999999999999,0.9991
118354,2,104.0,0.7,Repeat,0.8,0.1462999999999998,0.9463
118354,2,105.0,0.7,Repeat,1.6,0.3821999999999999,1.9822
118354,2,106.0,0.7,Repeat,1.2,-0.3156,0.8844
118354,2,108.0,0.3,Switch,1.6,-0.1680999999999999,1.4319000000000002
118354,2,109.0,0.3,Repeat,0.8,0.0660999999999999,0.8661
118354,2,110.0,0.7,Switch,1.4,-0.3495999999999999,1.0504
118354,2,111.0,0.3,Switch,1.4,-0.4995999999999999,0.9004
118354,2,112.0,0.3,Repeat,1.0,-0.299,0.701
118354,2,113.0,0.3,Repeat,1.2,-0.4192,0.7807999999999999
118354,2,114.0,0.7,Switch,1.2,0.5980000000000001,1.798
118354,2,115.0,0.7,Repeat,1.0,-0.4272999999999999,0.5727000000000001
118354,2,116.0,0.3,Switch,1.2,-0.2186,0.9814
118354,2,117.0,0.3,Repeat,1.6,-0.4317000000000002,1.1683
118354,2,118.0,0.3,Repeat,1.4,-0.5030999999999999,0.8969
118354,2,119.0,0.7,Switch,1.4,0.3486,1.7486
118354,2,121.0,0.7,Switch,1.4,0.0322999999999999,1.4323
118354,2,122.0,0.7,Repeat,1.0,0.3032000000000001,1.3032
118354,2,123.0,0.7,Repeat,1.2,-0.2330999999999999,0.9669
118354,2,124.0,0.7,Repeat,0.8,0.5124,1.3124
118354,2,125.0,0.7,Repeat,0.8,0.1632999999999999,0.9633
118354,2,126.0,0.3,Switch,1.0,0.5330999999999999,1.5331
118354,2,127.0,0.7,Switch,1.2,-0.5466,0.6534
118354,2,128.0,0.7,Repeat,1.6,-0.4660000000000002,1.134
118354,2,129.0,0.3,Switch,0.8,0.0007,0.8007000000000001
118354,2,130.0,0.3,Repeat,1.0,0.0987,1.0987
118354,2,131.0,0.3,Repeat,1.4,-0.3147,1.0853
118354,2,132.0,0.7,Switch,1.4,-0.2339,1.1661
118354,2,133.0,0.3,Switch,1.4,0.2345000000000001,1.6345
118354,2,134.0,0.7,Switch,1.4,-0.3329999999999999,1.067
118354,2,135.0,0.7,Repeat,1.0,-0.1675999999999999,0.8324
118354,2,136.0,0.3,Switch,1.6,-0.5967000000000002,1.0033
118354,2,138.0,0.3,Switch,1.2,0.0855999999999999,1.2856
118354,2,140.0,0.7,Switch,0.8,-0.0012999999999999,0.7987000000000001
118354,2,141.0,0.3,Switch,1.2,-0.5989,0.6011
118354,2,142.0,0.3,Repeat,1.0,0.0985,1.0985
118354,2,143.0,0.7,Switch,1.2,-0.1400999999999999,1.0599
118354,2,145.0,0.7,Switch,1.0,0.3828,1.3828
118354,2,147.0,0.3,Repeat,1.6,0.3122999999999998,1.9123
118354,2,149.0,0.7,Switch,1.6,-0.0503,1.5497
118354,2,151.0,0.3,Switch,1.6,-0.1335000000000001,1.4665
118354,2,152.0,0.7,Switch,1.2,0.3492000000000002,1.5492
118354,2,153.0,0.3,Switch,1.4,-0.3339999999999998,1.066
118354,2,154.0,0.3,Repeat,1.4,0.4024000000000001,1.8024
118354,2,155.0,0.3,Repeat,1.6,-0.2505999999999999,1.3494000000000002
118354,2,156.0,0.7,Switch,0.8,0.3145999999999997,1.1145999999999998
118354,2,157.0,0.3,Switch,1.0,-0.0342,0.9658
118354,2,158.0,0.3,Repeat,1.2,-0.483,0.717
118354,2,159.0,0.7,Switch,1.2,0.2834000000000001,1.4834
118354,2,160.0,0.3,Switch,1.0,0.0959000000000001,1.0959
118354,2,161.0,0.3,Repeat,1.2,-0.5152,0.6848
118354,2,162.0,0.3,Repeat,1.6,-0.1338000000000001,1.4662
118354,2,163.0,0.3,Repeat,1.4,0.1487,1.5487
118354,2,164.0,0.3,Repeat,1.2,0.4522999999999999,1.6523
118354,2,165.0,0.3,Repeat,0.8,0.1665999999999999,0.9666
118354,2,166.0,0.7,Switch,1.6,0.0247999999999999,1.6248
118354,2,167.0,0.7,Repeat,1.4,0.2347000000000001,1.6347
118354,2,168.0,0.7,Repeat,1.6,0.1296999999999999,1.7297
118354,2,169.0,0.3,Switch,1.0,-0.0502999999999999,0.9497
118354,2,170.0,0.7,Switch,0.8,0.4349,1.2349
118354,2,171.0,0.7,Repeat,1.0,0.0680999999999998,1.0680999999999998
118354,2,172.0,0.7,Repeat,1.6,0.1137999999999999,1.7138
118354,2,173.0,0.3,Switch,0.8,-0.2338,0.5662
118354,2,174.0,0.3,Repeat,0.8,0.0476999999999999,0.8477
118354,2,175.0,0.7,Switch,1.4,-0.2321999999999999,1.1678
118354,2,176.0,0.7,Repeat,1.0,0.3214000000000001,1.3214
118354,2,177.0,0.7,Repeat,0.8,0.2815999999999998,1.0816
118354,2,178.0,0.7,Repeat,1.4,-0.3464999999999998,1.0535
118354,2,179.0,0.7,Repeat,1.0,0.2835999999999998,1.2836
118354,2,181.0,0.7,Repeat,1.6,-0.1204000000000002,1.4795999999999998
118354,2,182.0,0.3,Switch,1.4,0.5267999999999999,1.9268
118354,2,183.0,0.7,Switch,0.8,-0.1342000000000001,0.6658
118354,2,184.0,0.7,Repeat,1.4,-0.2361999999999999,1.1638
118354,2,185.0,0.7,Repeat,1.0,0.4327999999999998,1.4328
118354,2,187.0,0.3,Repeat,1.0,-0.1180999999999999,0.8819
118354,2,190.0,0.7,Switch,1.0,-0.3496,0.6504
118354,2,191.0,0.7,Repeat,1.6,0.1838999999999999,1.7839
118354,2,193.0,0.3,Switch,1.2,0.5655999999999999,1.7655999999999998
118354,2,194.0,0.3,Repeat,1.0,-0.5848,0.4152
118354,2,196.0,0.3,Repeat,0.8,-0.4833,0.3167
118354,2,197.0,0.7,Switch,1.6,-0.1649000000000002,1.4350999999999998
118354,2,200.0,0.7,Switch,0.8,0.4882999999999999,1.2883
118354,2,201.0,0.7,Repeat,1.2,0.5494000000000001,1.7494
118354,2,203.0,0.3,Switch,0.8,0.5831,1.3831
118354,2,205.0,0.7,Switch,1.4,0.0161,1.4161
118354,2,206.0,0.3,Switch,1.6,-0.2673000000000001,1.3327
118354,2,207.0,0.7,Switch,1.4,0.1653,1.5653
118354,2,208.0,0.7,Repeat,1.2,0.2675,1.4675
118354,2,209.0,0.3,Switch,0.8,0.3676999999999999,1.1677
118354,2,211.0,0.3,Repeat,1.2,0.3831,1.5831
118354,2,212.0,0.3,Repeat,1.0,0.3475999999999999,1.3476
118354,2,214.0,0.7,Switch,1.6,-0.0527000000000001,1.5473
118354,2,215.0,0.3,Switch,0.8,0.0842999999999999,0.8843
118354,2,216.0,0.7,Switch,1.4,-0.25,1.15
118354,2,217.0,0.7,Repeat,1.2,0.1394999999999999,1.3395
118354,2,218.0,0.3,Switch,0.8,0.0128999999999999,0.8129
118354,2,219.0,0.7,Switch,0.8,0.2016,1.0016
118354,2,220.0,0.3,Switch,1.2,0.0345999999999999,1.2346
118354,2,221.0,0.3,Repeat,1.4,0.0330000000000001,1.433
118354,2,222.0,0.7,Switch,1.4,0.0336,1.4336
118354,2,223.0,0.3,Switch,1.2,0.3152000000000001,1.5152
118354,2,224.0,0.7,Switch,1.6,0.0544999999999999,1.6545
118354,2,225.0,0.3,Switch,0.8,0.2489000000000001,1.0489000000000002
118354,2,226.0,0.7,Switch,1.4,-0.0346999999999999,1.3653
118354,2,227.0,0.3,Switch,1.4,0.1973,1.5973
118354,2,228.0,0.7,Switch,1.2,-0.5812,0.6187999999999999
118354,2,229.0,0.7,Repeat,1.0,0.3026,1.3026
118354,2,230.0,0.3,Switch,1.0,-0.1503999999999999,0.8496
118354,2,231.0,0.7,Switch,1.0,0.0822,1.0822
118354,2,232.0,0.7,Repeat,1.2,0.167,1.367
118354,2,233.0,0.7,Repeat,0.8,-0.0988,0.7012
118354,2,234.0,0.3,Switch,1.0,0.0512999999999999,1.0513
118354,2,235.0,0.7,Switch,1.0,0.2290000000000001,1.229
118354,2,236.0,0.3,Switch,1.4,-0.1461999999999998,1.2538
118354,2,237.0,0.7,Switch,1.6,-0.0403,1.5597
118354,2,238.0,0.7,Repeat,0.8,-0.051,0.749
118354,2,239.0,0.3,Switch,1.6,-0.1363000000000001,1.4637
118354,2,241.0,0.3,Switch,1.2,0.0610999999999999,1.2611
118354,2,242.0,0.7,Switch,1.6,-0.3141,1.2859
118354,2,243.0,0.3,Switch,0.8,-0.3166,0.4834
118354,2,244.0,0.3,Repeat,1.6,0.0985999999999998,1.6986
118354,2,245.0,0.3,Repeat,1.4,-0.1167,1.2833
118354,2,246.0,0.7,Switch,1.2,-0.2528999999999999,0.9471
118354,2,247.0,0.7,Repeat,1.2,-0.2261999999999999,0.9738
118354,2,248.0,0.7,Repeat,0.8,0.0834999999999999,0.8835
118354,2,250.0,0.7,Switch,1.2,0.3839000000000001,1.5839
118354,2,251.0,0.3,Switch,1.4,-0.0051999999999998,1.3948
118354,2,252.0,0.7,Switch,1.0,-0.2360999999999999,0.7639
118354,2,253.0,0.3,Switch,1.0,0.2509999999999999,1.251
118354,2,254.0,0.3,Repeat,0.8,0.1170999999999999,0.9171
118354,2,255.0,0.3,Repeat,1.6,0.1317999999999999,1.7318
118354,2,256.0,0.3,Repeat,1.0,0.0312999999999998,1.0313
118354,2,257.0,0.7,Switch,1.0,-0.0162999999999999,0.9837
118354,2,259.0,0.3,Switch,0.8,-0.2319,0.5681
118354,2,260.0,0.7,Switch,1.0,0.082,1.082
118354,2,261.0,0.7,Repeat,1.4,0.0332000000000001,1.4332
118354,2,262.0,0.7,Repeat,0.8,0.4647999999999999,1.2648
118354,2,263.0,0.7,Repeat,1.6,-0.1962000000000001,1.4038
118354,2,264.0,0.7,Repeat,1.6,-0.3712999999999999,1.2287
118354,2,265.0,0.3,Switch,1.0,-0.2342,0.7657999999999999
118354,2,266.0,0.7,Switch,1.4,-0.1481999999999999,1.2518
118354,2,267.0,0.3,Switch,1.2,-0.0159,1.1841
118354,2,268.0,0.3,Repeat,1.2,0.3114000000000001,1.5114
118354,2,269.0,0.3,Repeat,1.4,0.0037,1.4037
169207,2,31.0,0.3,Switch,1.2,0.0136,1.2136
169207,2,32.0,0.7,Switch,1.4,-0.0055999999999998,1.3944
169207,2,33.0,0.3,Switch,1.0,0.1513,1.1513
169207,2,34.0,0.3,Repeat,1.2,0.0004000000000001,1.2004
169207,2,35.0,0.7,Switch,1.0,-0.0712999999999999,0.9287
169207,2,36.0,0.3,Switch,1.6,0.0230999999999999,1.6231
169207,2,37.0,0.3,Repeat,1.2,-0.0625999999999997,1.1374000000000002
169207,2,38.0,0.3,Repeat,1.6,-0.1859000000000001,1.4141
169207,2,39.0,0.3,Repeat,0.8,0.1633999999999998,0.9634
169207,2,40.0,0.3,Repeat,0.8,-0.0589,0.7411
169207,2,41.0,0.3,Repeat,1.4,-0.1034999999999999,1.2965
169207,2,42.0,0.7,Switch,1.4,-0.3876999999999999,1.0123
169207,2,43.0,0.3,Switch,1.4,-0.0127999999999999,1.3872
169207,2,44.0,0.7,Switch,0.8,0.0543999999999998,0.8543999999999999
169207,2,45.0,0.7,Repeat,1.0,-0.0978,0.9022
169207,2,46.0,0.7,Repeat,1.2,-0.0555999999999998,1.1444
169207,2,47.0,0.3,Switch,1.4,-0.1454999999999999,1.2545
169207,2,48.0,0.3,Repeat,1.0,0.0056,1.0056
169207,2,50.0,0.3,Switch,1.6,-0.3523,1.2477
169207,2,51.0,0.7,Switch,1.0,0.0036,1.0036
169207,2,52.0,0.3,Switch,0.8,-0.2244,0.5756
169207,2,53.0,0.7,Switch,1.6,-0.3169000000000002,1.2831
169207,2,54.0,0.7,Repeat,1.4,-0.0267999999999999,1.3732
169207,2,55.0,0.3,Switch,1.0,-0.0291,0.9709
169207,2,56.0,0.7,Switch,0.8,-0.0647999999999999,0.7352000000000001
169207,2,57.0,0.7,Repeat,1.6,-0.2334000000000002,1.3665999999999998
169207,2,58.0,0.7,Repeat,1.2,0.1389000000000002,1.3389000000000002
169207,2,59.0,0.7,Repeat,1.2,0.0970999999999999,1.2971
169207,2,61.0,0.7,Switch,1.2,0.0214,1.2214
169207,2,62.0,0.7,Repeat,1.2,-0.1739999999999999,1.026
169207,2,63.0,0.3,Switch,1.2,-0.2394999999999999,0.9605
169207,2,64.0,0.7,Switch,1.2,-0.0795999999999999,1.1204
169207,2,65.0,0.7,Repeat,1.6,-0.1219000000000001,1.4781
169207,2,66.0,0.7,Repeat,1.4,0.1471,1.5471
169207,2,67.0,0.7,Repeat,0.8,0.0662999999999999,0.8663
169207,2,68.0,0.7,Repeat,1.4,-0.3179,1.0820999999999998
169207,2,69.0,0.3,Switch,1.6,0.0991999999999999,1.6992
169207,2,70.0,0.3,Repeat,1.4,-0.1929,1.2070999999999998
169207,2,71.0,0.3,Repeat,1.4,-0.4570999999999999,0.9429
169207,2,72.0,0.7,Switch,1.0,-0.0775,0.9225
169207,2,73.0,0.3,Switch,1.0,-0.3137000000000001,0.6862999999999999
169207,2,74.0,0.3,Repeat,1.2,-0.0284999999999999,1.1715
169207,2,75.0,0.3,Repeat,1.6,-0.1090999999999999,1.4909
169207,2,76.0,0.7,Switch,1.6,0.0505999999999997,1.6505999999999998
169207,2,77.0,0.3,Switch,1.0,-0.0147999999999999,0.9852
169207,2,78.0,0.7,Switch,0.8,0.5177999999999998,1.3178
169207,2,79.0,0.7,Repeat,1.6,-0.4580999999999999,1.1419
169207,2,80.0,0.7,Repeat,1.0,-0.0776999999999999,0.9223
169207,2,81.0,0.3,Switch,1.0,0.2409000000000001,1.2409
169207,2,82.0,0.3,Repeat,1.4,-0.3205999999999998,1.0794
169207,2,83.0,0.7,Switch,1.0,-0.1127,0.8873
169207,2,85.0,0.3,Repeat,0.8,0.2444999999999999,1.0445
169207,2,86.0,0.7,Switch,1.4,-0.2284999999999999,1.1715
169207,2,87.0,0.7,Repeat,0.8,-0.0857999999999999,0.7142000000000001
169207,2,88.0,0.3,Switch,1.2,0.008,1.208
169207,2,89.0,0.3,Repeat,0.8,0.2087000000000001,1.0087000000000002
169207,2,91.0,0.7,Switch,0.8,0.0790999999999999,0.8791
169207,2,92.0,0.7,Repeat,1.4,-0.1975999999999997,1.2024
169207,2,93.0,0.3,Switch,1.4,0.0810999999999999,1.4811
169207,2,94.0,0.3,Repeat,1.0,-0.0571,0.9429
169207,2,95.0,0.3,Repeat,0.8,0.1431,0.9431
169207,2,96.0,0.3,Repeat,1.6,-0.1104000000000002,1.4895999999999998
169207,2,97.0,0.7,Switch,1.4,-0.1472999999999997,1.2527
169207,2,98.0,0.7,Repeat,1.6,-0.2149000000000001,1.3851
169207,2,99.0,0.7,Repeat,1.2,-0.1319999999999999,1.068
169207,2,100.0,0.3,Switch,0.8,0.5669,1.3669
169207,2,101.0,0.7,Switch,1.4,-0.2106999999999999,1.1893
169207,2,102.0,0.3,Switch,1.0,0.2405999999999999,1.2406
169207,2,103.0,0.7,Switch,1.6,-0.2714000000000001,1.3286
169207,2,104.0,0.3,Switch,1.0,-0.0126,0.9874
169207,2,105.0,0.7,Switch,1.0,0.2425999999999999,1.2426
169207,2,106.0,0.7,Repeat,1.0,-0.0839999999999999,0.916
169207,2,107.0,0.7,Repeat,0.8,0.3452999999999999,1.1453
169207,2,109.0,0.7,Repeat,1.2,-0.2776999999999999,0.9223
169207,2,110.0,0.3,Switch,1.2,0.0934000000000001,1.2934
169207,2,111.0,0.7,Switch,1.0,-0.0776,0.9224
169207,2,112.0,0.3,Switch,1.4,-0.2886999999999999,1.1113
169207,2,113.0,0.7,Switch,1.2,0.0967,1.2967
169207,2,114.0,0.3,Switch,0.8,-0.2869,0.5131
169207,2,115.0,0.3,Repeat,1.6,-0.3583,1.2417
169207,2,116.0,0.3,Repeat,1.2,0.1936,1.3936
169207,2,118.0,0.3,Repeat,1.2,-0.1147,1.0853
169207,2,119.0,0.7,Switch,0.8,0.0568999999999999,0.8569
169207,2,121.0,0.3,Switch,1.0,-0.1827999999999999,0.8172
169207,2,122.0,0.3,Repeat,1.2,-0.0349000000000001,1.1650999999999998
169207,2,124.0,0.3,Repeat,1.6,-0.4334000000000002,1.1666
169207,2,125.0,0.3,Repeat,1.6,-0.3792000000000002,1.2208
169207,2,126.0,0.3,Repeat,0.8,0.1333999999999999,0.9334
169207,2,127.0,0.7,Switch,1.6,-0.365,1.235
169207,2,128.0,0.7,Repeat,0.8,0.2404999999999999,1.0405
169207,2,129.0,0.7,Repeat,1.0,-0.1115,0.8885
169207,2,130.0,0.3,Switch,0.8,-0.0503,0.7497
169207,2,131.0,0.3,Repeat,1.4,-0.3521999999999998,1.0478
169207,2,132.0,0.7,Switch,1.4,-0.0756999999999998,1.3243
169207,2,133.0,0.7,Repeat,1.6,-0.3389000000000002,1.2611
169207,2,134.0,0.7,Repeat,1.2,0.0415999999999998,1.2415999999999998
169207,2,136.0,0.3,Switch,1.2,0.1385,1.3385
169207,2,137.0,0.3,Repeat,1.4,0.0005000000000001,1.4005
169207,2,138.0,0.7,Switch,1.0,0.0890999999999999,1.0891
169207,2,139.0,0.7,Repeat,0.8,0.3932,1.1932
169207,2,140.0,0.3,Switch,1.0,0.221,1.221
169207,2,141.0,0.7,Switch,1.2,-0.0415999999999998,1.1584
169207,2,142.0,0.3,Switch,1.0,-0.0046,0.9954
169207,2,143.0,0.7,Switch,0.8,-0.0592000000000001,0.7407999999999999
169207,2,144.0,0.3,Switch,1.4,0.0137,1.4137
169207,2,145.0,0.3,Repeat,1.6,-0.1857000000000002,1.4143
169207,2,146.0,0.3,Repeat,0.8,0.0712999999999999,0.8713
169207,2,147.0,0.7,Switch,1.6,-0.3067999999999999,1.2932
169207,2,148.0,0.7,Repeat,1.4,-0.1674,1.2326
169207,2,149.0,0.7,Repeat,1.4,-0.2517,1.1483
169207,2,151.0,0.3,Switch,0.8,0.2406999999999999,1.0407
169207,2,152.0,0.7,Switch,0.8,0.1362999999999998,0.9363
169207,2,153.0,0.3,Switch,1.6,-0.2545000000000001,1.3455
169207,2,154.0,0.3,Repeat,1.0,0.072,1.072
169207,2,155.0,0.7,Switch,1.2,-0.0417,1.1583
169207,2,156.0,0.3,Switch,1.2,-0.1095999999999999,1.0904
169207,2,157.0,0.7,Switch,1.4,-0.4585999999999999,0.9414
169207,2,158.0,0.3,Switch,1.6,-0.4752,1.1248
169207,2,159.0,0.3,Repeat,1.2,-0.1264,1.0736
169207,2,160.0,0.3,Repeat,0.8,0.4561999999999999,1.2562
169207,2,161.0,0.7,Switch,1.2,-0.2637999999999999,0.9362
169207,2,162.0,0.3,Switch,1.4,-0.1121999999999998,1.2878
169207,2,163.0,0.7,Switch,1.2,-0.4171,0.7828999999999999
169207,2,164.0,0.7,Repeat,1.0,0.1097999999999999,1.1098
169207,2,165.0,0.3,Switch,1.4,0.0870999999999999,1.4871
169207,2,166.0,0.7,Switch,1.0,0.0327999999999999,1.0328
169207,2,167.0,0.3,Switch,1.0,0.0687999999999999,1.0688
169207,2,168.0,0.7,Switch,0.8,-0.1396,0.6604
169207,2,169.0,0.7,Repeat,1.6,-0.324,1.276
169207,2,170.0,0.3,Switch,1.6,-0.2722000000000002,1.3278
169207,2,171.0,0.7,Switch,0.8,-0.1472000000000001,0.6527999999999999
169207,2,172.0,0.3,Switch,1.0,0.1575999999999999,1.1576
169207,2,173.0,0.3,Repeat,1.4,-0.2363999999999999,1.1636
169207,2,174.0,0.3,Repeat,1.2,0.1473,1.3473
169207,2,175.0,0.7,Switch,1.4,-0.3353999999999999,1.0646
169207,2,177.0,0.7,Repeat,1.6,0.1947999999999998,1.7948
169207,2,178.0,0.7,Repeat,1.0,0.4427000000000001,1.4427
169207,2,179.0,0.3,Switch,0.8,0.4417999999999999,1.2418
169207,2,181.0,0.7,Switch,0.8,-0.1603,0.6397
169207,2,182.0,0.7,Repeat,1.0,-0.2984,0.7016
169207,2,183.0,0.3,Switch,1.4,-0.2555999999999998,1.1444
169207,2,184.0,0.7,Switch,1.6,-0.3403,1.2597
169207,2,185.0,0.7,Repeat,1.0,0.1032999999999999,1.1033
169207,2,186.0,0.3,Switch,1.4,-0.0264999999999999,1.3735
169207,2,187.0,0.3,Repeat,0.8,-0.2457000000000001,0.5542999999999999
169207,2,188.0,0.7,Switch,0.8,0.1107999999999999,0.9108
169207,2,189.0,0.7,Repeat,1.2,-0.2010999999999999,0.9989
169207,2,190.0,0.3,Switch,1.6,-0.4747000000000001,1.1253
169207,2,191.0,0.7,Switch,1.2,0.1956999999999999,1.3957
169207,2,192.0,0.7,Repeat,1.4,-0.1061999999999998,1.2938
169207,2,193.0,0.3,Switch,1.0,0.0334,1.0334
169207,2,194.0,0.3,Repeat,1.2,-0.1896999999999999,1.0103
169207,2,195.0,0.3,Repeat,1.0,-0.2118,0.7882
169207,2,196.0,0.3,Repeat,1.6,-0.5224000000000002,1.0776
169207,2,197.0,0.3,Repeat,0.8,0.0191,0.8191
169207,2,198.0,0.3,Repeat,1.0,0.0312000000000001,1.0312
169207,2,199.0,0.7,Switch,1.6,-0.1959000000000001,1.4041
169207,2,200.0,0.3,Switch,1.4,0.0155,1.4155
169207,2,201.0,0.7,Switch,1.4,-0.1204999999999998,1.2795
169207,2,202.0,0.3,Switch,1.2,-0.1681999999999999,1.0318
169207,2,203.0,0.7,Switch,1.6,-0.0764000000000002,1.5235999999999998
169207,2,204.0,0.3,Switch,1.6,-0.2510000000000001,1.349
169207,2,205.0,0.7,Switch,1.4,-0.0331999999999998,1.3668
169207,2,206.0,0.3,Switch,0.8,0.2824,1.0824
169207,2,207.0,0.7,Switch,1.2,-0.3122999999999999,0.8877
169207,2,208.0,0.7,Repeat,0.8,-0.2320000000000001,0.568
169207,2,209.0,0.7,Repeat,1.0,-0.182,0.818
169207,2,211.0,0.7,Switch,1.0,0.0685,1.0685
169207,2,212.0,0.3,Switch,1.4,-0.0793999999999999,1.3206
169207,2,213.0,0.3,Repeat,1.0,-0.132,0.868
169207,2,214.0,0.3,Repeat,1.6,-0.3279000000000001,1.2721
169207,2,215.0,0.3,Repeat,1.6,-0.0107000000000001,1.5893
169207,2,216.0,0.3,Repeat,1.6,-0.3614000000000001,1.2386
169207,2,217.0,0.7,Switch,1.2,-0.1470999999999998,1.0529000000000002
169207,2,218.0,0.3,Switch,1.0,-0.0595,0.9405
169207,2,219.0,0.7,Switch,0.8,0.0294999999999999,0.8295
169207,2,220.0,0.7,Repeat,0.8,0.1080999999999999,0.9081
169207,2,221.0,0.3,Switch,0.8,-0.2499,0.5501
169207,2,222.0,0.7,Switch,1.6,0.0184999999999999,1.6185
169207,2,223.0,0.7,Repeat,1.4,-0.3460999999999998,1.0539
169207,2,224.0,0.7,Repeat,1.0,0.1245999999999998,1.1245999999999998
169207,2,225.0,0.3,Switch,1.0,0.0964,1.0964
169207,2,226.0,0.7,Switch,1.6,-0.1615000000000002,1.4385
169207,2,227.0,0.7,Repeat,1.4,-0.3459999999999998,1.054
169207,2,228.0,0.7,Repeat,1.6,-0.2612000000000001,1.3388
169207,2,229.0,0.7,Repeat,1.0,0.5055999999999998,1.5055999999999998
169207,2,230.0,0.3,Switch,1.2,0.0402,1.2402
169207,2,231.0,0.7,Switch,1.2,-0.0619,1.1381
169207,2,232.0,0.3,Switch,1.4,-0.0965999999999998,1.3034
169207,2,233.0,0.7,Switch,1.2,0.0632999999999999,1.2633
169207,2,234.0,0.3,Switch,1.2,-0.1932999999999998,1.0067000000000002
169207,2,235.0,0.3,Repeat,1.4,0.1272999999999999,1.5273
169207,2,236.0,0.7,Switch,1.4,-0.0568999999999999,1.3431
169207,2,237.0,0.3,Switch,1.2,-0.2267,0.9733
169207,2,238.0,0.3,Repeat,0.8,-0.2153,0.5847
169207,2,239.0,0.7,Switch,0.8,-0.071,0.729
169207,2,241.0,0.3,Switch,1.4,-0.2874999999999998,1.1125
169207,2,242.0,0.7,Switch,1.4,0.0794000000000001,1.4794
169207,2,243.0,0.7,Repeat,0.8,0.0737999999999998,0.8737999999999999
169207,2,244.0,0.3,Switch,1.6,-0.2829000000000001,1.3171
169207,2,245.0,0.7,Switch,0.8,0.2386999999999999,1.0387
169207,2,246.0,0.3,Switch,1.0,-0.0427999999999999,0.9572
169207,2,247.0,0.3,Repeat,1.4,0.1542000000000001,1.5542
169207,2,248.0,0.3,Repeat,0.8,0.1733999999999999,0.9734
169207,2,249.0,0.3,Repeat,1.2,0.2777,1.4777
169207,2,250.0,0.7,Switch,1.4,0.1014000000000001,1.5014
169207,2,251.0,0.7,Repeat,1.6,-0.3292000000000001,1.2708
169207,2,252.0,0.3,Switch,1.4,0.0554000000000001,1.4554
169207,2,253.0,0.7,Switch,1.6,-0.2214000000000002,1.3785999999999998
169207,2,254.0,0.7,Repeat,1.2,0.1945000000000001,1.3945
169207,2,255.0,0.7,Repeat,1.6,-0.0650000000000001,1.535
169207,2,256.0,0.3,Switch,1.0,-0.0442,0.9558
169207,2,257.0,0.3,Repeat,1.6,-0.3524000000000002,1.2475999999999998
169207,2,258.0,0.3,Repeat,0.8,0.1983999999999999,0.9984
169207,2,259.0,0.7,Switch,1.0,0.0527999999999999,1.0528
169207,2,260.0,0.3,Switch,0.8,0.0455999999999999,0.8456
169207,2,261.0,0.3,Repeat,1.2,-0.0814999999999999,1.1185
169207,2,262.0,0.3,Repeat,1.2,-0.0782,1.1218
169207,2,263.0,0.7,Switch,1.4,-0.0366999999999999,1.3633
169207,2,264.0,0.7,Repeat,0.8,0.1403999999999999,0.9404
169207,2,265.0,0.3,Switch,1.6,-0.2614000000000001,1.3386
169207,2,266.0,0.3,Repeat,1.0,0.0377,1.0377
169207,2,267.0,0.7,Switch,1.2,-0.0349000000000001,1.1650999999999998
169207,2,268.0,0.7,Repeat,1.2,-0.2082999999999999,0.9917
169207,2,269.0,0.7,Repeat,1.0,0.167,1.167
183923,2,31.0,0.7,Switch,1.4,-0.2354,1.1646
183923,2,32.0,0.3,Switch,1.6,-0.2844000000000002,1.3156
183923,2,33.0,0.3,Repeat,1.6,0.1839999999999999,1.784
183923,2,34.0,0.7,Switch,0.8,0.133,0.933
183923,2,35.0,0.3,Switch,0.8,0.1697999999999999,0.9698
183923,2,36.0,0.3,Repeat,1.2,0.2482000000000002,1.4482000000000002
183923,2,37.0,0.7,Switch,1.2,-0.0660999999999998,1.1339
183923,2,38.0,0.7,Repeat,1.0,-0.1501,0.8499
183923,2,40.0,0.3,Repeat,0.8,-0.2562000000000001,0.5438
183923,2,41.0,0.7,Switch,0.8,0.4312,1.2312
183923,2,43.0,0.3,Switch,1.4,-0.0141999999999999,1.3858
183923,2,44.0,0.7,Switch,0.8,-0.1508,0.6492
183923,2,45.0,0.7,Repeat,1.0,0.0805,1.0805
183923,2,46.0,0.7,Repeat,1.6,-0.207,1.393
183923,2,47.0,0.3,Switch,0.8,0.4945999999999999,1.2946
183923,2,48.0,0.7,Switch,1.2,0.0472000000000001,1.2472
183923,2,49.0,0.7,Repeat,1.2,0.062,1.262
183923,2,50.0,0.3,Switch,1.6,-0.2855000000000001,1.3145
183923,2,51.0,0.7,Switch,1.4,-0.1012999999999999,1.2987
183923,2,52.0,0.3,Switch,1.0,-0.0542,0.9458
183923,2,53.0,0.3,Repeat,1.2,-0.0197,1.1803
183923,2,54.0,0.3,Repeat,1.2,0.4975,1.6975
183923,2,55.0,0.7,Switch,1.6,-0.4000000000000001,1.2
183923,2,56.0,0.3,Switch,1.4,-0.2317,1.1683
183923,2,57.0,0.7,Switch,1.0,0.3788,1.3788
183923,2,58.0,0.3,Switch,1.0,-0.2796,0.7203999999999999
183923,2,59.0,0.7,Switch,1.4,-0.0511999999999999,1.3488
183923,2,61.0,0.7,Repeat,1.4,-0.0165999999999997,1.3834000000000002
183923,2,63.0,0.3,Switch,1.0,-0.2171,0.7828999999999999
183923,2,64.0,0.3,Repeat,0.8,-0.1151,0.6849
183923,2,65.0,0.3,Repeat,0.8,-0.0182000000000001,0.7817999999999999
183923,2,66.0,0.7,Switch,1.2,0.0637,1.2637
183923,2,67.0,0.3,Switch,1.2,-0.3667,0.8332999999999999
183923,2,68.0,0.3,Repeat,1.4,-0.4003999999999998,0.9996
183923,2,69.0,0.7,Switch,0.8,0.0859999999999999,0.886
183923,2,70.0,0.7,Repeat,0.8,0.0686,0.8686
183923,2,71.0,0.3,Switch,1.4,-0.5368999999999999,0.8631
183923,2,72.0,0.7,Switch,1.2,-0.2672,0.9328
183923,2,73.0,0.7,Repeat,1.0,0.0539,1.0539
183923,2,74.0,0.3,Switch,1.2,-0.2038999999999999,0.9961
183923,2,75.0,0.7,Switch,1.6,-0.2205999999999999,1.3794000000000002
183923,2,77.0,0.7,Switch,1.2,-0.0715999999999998,1.1284
183923,2,78.0,0.3,Switch,1.4,-0.2463999999999999,1.1536
183923,2,79.0,0.7,Switch,1.4,0.0890000000000001,1.489
183923,2,80.0,0.7,Repeat,1.0,0.1795,1.1795
183923,2,81.0,0.3,Switch,1.0,0.1337999999999999,1.1338
183923,2,82.0,0.7,Switch,0.8,0.0336999999999999,0.8337
183923,2,83.0,0.3,Switch,1.6,-0.1671,1.4329
183923,2,84.0,0.3,Repeat,1.6,-0.1048,1.4952
183923,2,85.0,0.3,Repeat,1.0,0.2615999999999998,1.2615999999999998
183923,2,86.0,0.7,Switch,1.6,-0.3029000000000001,1.2971
183923,2,87.0,0.3,Switch,1.6,0.3195999999999999,1.9196
183923,2,88.0,0.3,Repeat,0.8,0.0946,0.8946000000000001
183923,2,89.0,0.7,Switch,1.6,-0.0336,1.5664
183923,2,91.0,0.7,Repeat,0.8,-0.0389,0.7611
183923,2,92.0,0.3,Switch,1.0,-0.0002,0.9998
183923,2,93.0,0.7,Switch,1.0,0.1710999999999998,1.1710999999999998
183923,2,94.0,0.3,Switch,0.8,0.1361,0.9361
183923,2,95.0,0.3,Repeat,1.0,-0.52,0.48
183923,2,96.0,0.7,Switch,0.8,0.0194999999999999,0.8195
183923,2,97.0,0.3,Switch,1.2,-0.3655999999999999,0.8344
183923,2,98.0,0.3,Repeat,0.8,0.0544999999999999,0.8545
183923,2,99.0,0.7,Switch,1.2,-0.1881999999999999,1.0118
183923,2,100.0,0.7,Repeat,1.2,-0.0994000000000001,1.1005999999999998
183923,2,101.0,0.3,Switch,1.6,-0.3167999999999999,1.2832
183923,2,102.0,0.3,Repeat,1.4,-0.5126,0.8874
183923,2,103.0,0.3,Repeat,0.8,0.0666999999999999,0.8667
183923,2,104.0,0.7,Switch,1.0,-0.1001,0.8998999999999999
183923,2,105.0,0.3,Switch,1.2,-0.2343999999999999,0.9656
183923,2,106.0,0.3,Repeat,1.2,-0.5358999999999999,0.6641
183923,2,107.0,0.7,Switch,1.6,-0.3465,1.2535
183923,2,108.0,0.7,Repeat,1.4,-0.2170999999999998,1.1829
183923,2,109.0,0.3,Switch,1.4,-0.1336999999999999,1.2663
183923,2,110.0,0.7,Switch,0.8,0.5617000000000001,1.3617
183923,2,111.0,0.7,Repeat,1.4,0.4680000000000002,1.868
183923,2,112.0,0.3,Switch,1.6,-0.3315000000000001,1.2685
183923,2,113.0,0.3,Repeat,1.4,0.1826000000000001,1.5826
183923,2,114.0,0.7,Switch,1.6,-0.0367000000000001,1.5633
183923,2,115.0,0.3,Switch,1.6,-0.0164000000000001,1.5836
183923,2,116.0,0.7,Switch,1.6,-0.3117000000000001,1.2883
183923,2,117.0,0.7,Repeat,1.0,0.4607999999999999,1.4608
183923,2,118.0,0.3,Switch,1.0,-0.1002,0.8997999999999999
183923,2,119.0,0.7,Switch,1.4,-0.2534,1.1465999999999998
183923,2,121.0,0.7,Switch,1.2,-0.4837,0.7162999999999999
183923,2,122.0,0.3,Switch,1.4,-0.1667999999999998,1.2332
183923,2,123.0,0.7,Switch,1.4,-0.3339999999999998,1.066
183923,2,124.0,0.7,Repeat,1.2,0.1114000000000001,1.3114
183923,2,125.0,0.3,Switch,1.2,0.1454999999999999,1.3455
183923,2,126.0,0.7,Switch,1.4,-0.2667999999999999,1.1332
183923,2,128.0,0.3,Repeat,0.8,-0.4683,0.3317
183923,2,129.0,0.7,Switch,1.0,0.4307999999999998,1.4307999999999998
183923,2,130.0,0.3,Switch,1.6,-0.0452000000000001,1.5548
183923,2,131.0,0.3,Repeat,0.8,0.2131,1.0131
183923,2,132.0,0.3,Repeat,1.2,0.1512,1.3512
183923,2,133.0,0.3,Repeat,1.0,-0.2336,0.7664
183923,2,134.0,0.3,Repeat,1.4,0.3037000000000001,1.7037
183923,2,135.0,0.7,Switch,1.4,-0.4618999999999998,0.9381
183923,2,136.0,0.7,Repeat,1.0,0.1174999999999999,1.1175
183923,2,137.0,0.7,Repeat,1.0,0.0477,1.0477
183923,2,138.0,0.3,Switch,1.6,-0.183,1.417
183923,2,139.0,0.3,Repeat,1.2,0.0999000000000001,1.2999
183923,2,140.0,0.7,Switch,1.6,-0.0849000000000002,1.5151
183923,2,141.0,0.7,Repeat,1.2,-0.0685,1.1315
183923,2,142.0,0.3,Switch,1.0,-0.3166,0.6834
183923,2,143.0,0.3,Repeat,0.8,-0.0377,0.7623
183923,2,144.0,0.3,Repeat,1.4,-0.1207999999999998,1.2792
183923,2,145.0,0.7,Switch,0.8,-0.2618,0.5382
183923,2,146.0,0.7,Repeat,0.8,-0.1051,0.6949
183923,2,147.0,0.7,Repeat,0.8,0.4830999999999998,1.2831
183923,2,148.0,0.7,Repeat,1.6,-0.0701,1.5299
183923,2,149.0,0.7,Repeat,1.6,-0.1168,1.4832
183923,2,151.0,0.7,Switch,1.4,0.032,1.432
183923,2,152.0,0.7,Repeat,1.6,-0.1994000000000002,1.4005999999999998
183923,2,154.0,0.7,Switch,1.0,0.1045999999999998,1.1045999999999998
183923,2,155.0,0.3,Switch,1.2,0.0395,1.2395
183923,2,156.0,0.3,Repeat,1.0,-0.1157999999999999,0.8842000000000001
183923,2,157.0,0.7,Switch,1.6,-0.4670000000000001,1.133
183923,2,159.0,0.7,Switch,0.8,-0.1102999999999999,0.6897000000000001
183923,2,160.0,0.7,Repeat,1.4,-0.3791,1.0209
183923,2,161.0,0.7,Repeat,1.6,-0.0334,1.5666
183923,2,162.0,0.7,Repeat,1.4,-0.0887999999999997,1.3112
183923,2,163.0,0.3,Switch,0.8,-0.0019,0.7981
183923,2,164.0,0.3,Repeat,1.4,-0.0947999999999997,1.3052
183923,2,165.0,0.3,Repeat,1.0,0.1189,1.1189
183923,2,166.0,0.3,Repeat,0.8,-0.2165,0.5835
183923,2,167.0,0.3,Repeat,1.4,0.0604000000000002,1.4604
183923,2,168.0,0.3,Repeat,1.2,-0.0335999999999998,1.1664
183923,2,169.0,0.7,Switch,1.2,-0.3002,0.8997999999999999
183923,2,170.0,0.3,Switch,1.6,-0.2709000000000001,1.3291
183923,2,171.0,0.7,Switch,1.0,0.0055,1.0055
183923,2,172.0,0.3,Switch,1.2,-0.1802999999999999,1.0197
183923,2,173.0,0.3,Repeat,0.8,0.0315999999999999,0.8316
183923,2,174.0,0.7,Switch,1.2,0.1000999999999998,1.3000999999999998
183923,2,175.0,0.3,Switch,1.0,-0.0353999999999999,0.9646
183923,2,176.0,0.7,Switch,1.0,0.0322999999999999,1.0323
183923,2,177.0,0.7,Repeat,1.2,-0.1963999999999999,1.0036
183923,2,178.0,0.7,Repeat,0.8,-0.1332999999999999,0.6667000000000001
183923,2,179.0,0.7,Repeat,0.8,-0.0509,0.7491
183923,2,181.0,0.3,Repeat,1.2,0.2193,1.4193
183923,2,182.0,0.7,Switch,1.0,-0.1668999999999999,0.8331000000000001
183923,2,183.0,0.3,Switch,1.4,0.0137,1.4137
183923,2,184.0,0.7,Switch,0.8,-0.1271000000000001,0.6728999999999999
183923,2,185.0,0.3,Switch,1.2,0.133,1.333
183923,2,186.0,0.3,Repeat,1.0,-0.153,0.847
183923,2,187.0,0.3,Repeat,1.6,0.0666999999999999,1.6667
183923,2,188.0,0.7,Switch,1.4,-0.2063999999999999,1.1936
183923,2,189.0,0.7,Repeat,1.0,0.199,1.199
183923,2,190.0,0.7,Repeat,0.8,0.4280999999999999,1.2281
183923,2,191.0,0.3,Switch,0.8,-0.0522000000000001,0.7477999999999999
183923,2,192.0,0.7,Switch,1.0,0.2178999999999999,1.2179
183923,2,193.0,0.3,Switch,1.4,-0.0766999999999999,1.3233
183923,2,194.0,0.7,Switch,0.8,-0.1996000000000001,0.6003999999999999
183923,2,195.0,0.7,Repeat,1.6,-0.4669000000000001,1.1331
183923,2,196.0,0.7,Repeat,1.4,0.0498,1.4498
183923,2,197.0,0.3,Switch,0.8,0.0665,0.8665
183923,2,199.0,0.3,Repeat,1.6,0.4059999999999997,2.006
183923,2,200.0,0.7,Switch,1.2,0.1164,1.3164
183923,2,201.0,0.7,Repeat,1.6,0.1000999999999998,1.7001
183923,2,203.0,0.3,Switch,0.8,0.1502,0.9502
183923,2,204.0,0.3,Repeat,1.4,0.1669000000000002,1.5669000000000002
183923,2,205.0,0.7,Switch,1.2,0.2501,1.4501
183923,2,208.0,0.7,Switch,1.6,-0.2336,1.3664
183923,2,209.0,0.3,Switch,1.0,-0.0042,0.9958
183923,2,211.0,0.7,Switch,1.4,0.0167000000000001,1.4167
183923,2,212.0,0.7,Repeat,1.2,0.1685000000000001,1.3685
183923,2,214.0,0.3,Repeat,1.2,0.0024999999999999,1.2025
183923,2,217.0,0.3,Switch,1.4,0.5722,1.9722
183923,2,218.0,0.3,Repeat,1.0,0.0677000000000001,1.0677
183923,2,219.0,0.3,Repeat,1.0,-0.0669999999999999,0.933
183923,2,220.0,0.3,Repeat,1.6,0.0451999999999999,1.6452
183923,2,221.0,0.7,Switch,1.0,0.0152999999999998,1.0153
183923,2,222.0,0.7,Repeat,1.4,-0.1669,1.2331
183923,2,223.0,0.3,Switch,0.8,0.1664999999999999,0.9665
183923,2,224.0,0.7,Switch,1.2,0.2315,1.4315
183923,2,225.0,0.3,Switch,0.8,-0.0843,0.7157
183923,2,226.0,0.7,Switch,0.8,0.0354999999999999,0.8355
183923,2,227.0,0.7,Repeat,1.2,0.0347999999999999,1.2348
183923,2,228.0,0.7,Repeat,0.8,-0.2335,0.5665
183923,2,230.0,0.7,Switch,1.0,0.3149000000000002,1.3149000000000002
183923,2,231.0,0.3,Switch,1.6,0.0947,1.6947
183923,2,232.0,0.3,Repeat,1.2,0.1825000000000001,1.3825
183923,2,234.0,0.7,Repeat,1.0,-0.055,0.945
183923,2,235.0,0.3,Switch,0.8,-0.0172000000000001,0.7827999999999999
183923,2,236.0,0.7,Switch,1.4,0.0541,1.4541
183923,2,237.0,0.7,Repeat,0.8,-0.0675,0.7325
183923,2,238.0,0.3,Switch,1.2,0.1334000000000001,1.3334
183923,2,239.0,0.7,Switch,1.6,0.0146999999999999,1.6147
183923,2,242.0,0.3,Switch,1.2,-0.4147999999999999,0.7852
183923,2,243.0,0.7,Switch,1.6,-0.1519000000000001,1.4481
183923,2,244.0,0.3,Switch,1.2,0.0182999999999999,1.2183
183923,2,245.0,0.7,Switch,1.2,0.0714000000000001,1.2714
183923,2,246.0,0.3,Switch,1.4,-0.1665999999999998,1.2334
183923,2,247.0,0.3,Repeat,0.8,0.1344999999999999,0.9345
183923,2,248.0,0.3,Repeat,1.6,0.0330999999999999,1.6331
183923,2,249.0,0.3,Repeat,1.2,-0.0166999999999999,1.1833
183923,2,250.0,0.3,Repeat,1.6,-0.1953,1.4047
183923,2,251.0,0.7,Switch,1.2,0.0392999999999998,1.2392999999999998
183923,2,252.0,0.3,Switch,1.4,-0.0835999999999999,1.3164
183923,2,253.0,0.7,Switch,1.6,-0.0350000000000001,1.565
183923,2,254.0,0.7,Repeat,0.8,-0.0832,0.7168
183923,2,255.0,0.7,Repeat,0.8,0.1632999999999999,0.9633
183923,2,256.0,0.7,Repeat,1.4,-0.3687999999999998,1.0312
183923,2,258.0,0.7,Switch,0.8,0.133,0.933
183923,2,259.0,0.3,Switch,1.0,0.1180000000000001,1.118
183923,2,260.0,0.7,Switch,1.0,0.1829,1.1829
183923,2,261.0,0.7,Repeat,1.0,0.3197000000000001,1.3197
183923,2,262.0,0.7,Repeat,1.2,0.1804000000000001,1.3804
183923,2,263.0,0.3,Switch,0.8,-0.1132999999999999,0.6867000000000001
183923,2,264.0,0.3,Repeat,1.0,0.0306999999999999,1.0307
183923,2,265.0,0.3,Repeat,1.0,-0.0667999999999999,0.9332
183923,2,267.0,0.7,Repeat,1.4,-0.0302999999999997,1.3697
183923,2,268.0,0.7,Repeat,1.0,0.1337999999999999,1.1338
183923,2,269.0,0.3,Switch,1.6,0.0030999999999998,1.6031
184189,2,31.0,0.7,Repeat,0.8,0.573,1.373
184189,2,36.0,0.7,Switch,1.6,0.0667999999999999,1.6668
184189,2,39.0,0.3,Switch,1.4,-0.0580999999999998,1.3419
184189,2,40.0,0.3,Repeat,1.2,0.3835999999999999,1.5836
184189,2,42.0,0.7,Switch,0.8,0.5989,1.3989
184189,2,43.0,0.3,Switch,1.6,-0.5665,1.0335
184189,2,47.0,0.7,Repeat,1.4,-0.1414999999999999,1.2585
184189,2,48.0,0.3,Switch,1.6,-0.3452000000000002,1.2548
184189,2,49.0,0.3,Repeat,1.4,0.5110999999999999,1.9111
184189,2,50.0,0.7,Switch,1.6,0.2064999999999999,1.8065
184189,2,51.0,0.7,Repeat,1.4,0.5872000000000002,1.9872
184189,2,52.0,0.3,Switch,1.2,0.3497999999999999,1.5497999999999998
184189,2,54.0,0.7,Switch,1.0,0.0970999999999999,1.0971
184189,2,55.0,0.3,Switch,1.0,0.1739999999999999,1.174
184189,2,58.0,0.7,Repeat,1.2,0.2122000000000001,1.4122
184189,2,59.0,0.3,Switch,0.8,0.595,1.395
184189,2,61.0,0.7,Switch,1.6,0.1754,1.7754
184189,2,63.0,0.3,Switch,1.2,0.5572999999999999,1.7573
184189,2,64.0,0.7,Switch,1.2,-0.0057999999999998,1.1942000000000002
184189,2,65.0,0.3,Switch,0.8,0.5315999999999999,1.3316
184189,2,66.0,0.3,Repeat,0.8,0.2435,1.0435
184189,2,67.0,0.3,Repeat,1.4,-0.0976999999999999,1.3023
184189,2,68.0,0.3,Repeat,1.4,-0.0172999999999998,1.3827
184189,2,69.0,0.7,Switch,1.0,0.4559000000000002,1.4559000000000002
184189,2,70.0,0.7,Repeat,0.8,0.3725,1.1725
184189,2,71.0,0.7,Repeat,1.6,-0.4117999999999999,1.1882
184189,2,72.0,0.3,Switch,1.6,-0.3774000000000002,1.2226
184189,2,74.0,0.7,Repeat,1.6,0.0240999999999997,1.6241
184189,2,75.0,0.7,Repeat,1.0,0.1853,1.1853
184189,2,76.0,0.7,Repeat,0.8,0.0838000002,0.8838000002
184189,2,77.0,0.3,Switch,1.4,-0.2235999999999998,1.1764
184189,2,78.0,0.7,Switch,0.8,0.2427999999999999,1.0428
184189,2,79.0,0.7,Repeat,1.4,0.1070999999999999,1.5071
184189,2,80.0,0.3,Switch,1.0,0.4613,1.4613
184189,2,81.0,0.3,Repeat,1.2,0.1489,1.3489
184189,2,82.0,0.3,Repeat,1.6,-0.4137999999999999,1.1862
184189,2,83.0,0.3,Repeat,1.0,-0.057,0.943
184189,2,84.0,0.3,Repeat,1.2,-0.0692999999999999,1.1307
184189,2,85.0,0.7,Switch,1.4,0.1325,1.5325
184189,2,86.0,0.7,Repeat,1.2,-0.0069999999999998,1.193
184189,2,87.0,0.7,Repeat,1.4,0.0210000000000001,1.421
184189,2,88.0,0.3,Switch,1.6,0.2790999999999999,1.8791
184189,2,89.0,0.3,Repeat,0.8,0.0829000000999999,0.8829000001
184189,2,91.0,0.3,Switch,1.0,-0.1078999995999999,0.8921000004
184189,2,92.0,0.7,Switch,0.8,0.3269999999999999,1.127
184189,2,93.0,0.7,Repeat,1.2,-0.1233999999999999,1.0766
184189,2,94.0,0.7,Repeat,1.4,-0.0705999999999997,1.3294
184189,2,95.0,0.3,Switch,1.0,-0.0092999996999999,0.9907000003
184189,2,96.0,0.7,Switch,0.8,-0.1352000003000001,0.6647999996999999
184189,2,97.0,0.3,Switch,1.6,-0.5222000000000002,1.0778
184189,2,98.0,0.3,Repeat,0.8,0.0439000001,0.8439000001000001
184189,2,99.0,0.3,Repeat,1.4,-0.1415999999999997,1.2584000000000002
184189,2,100.0,0.7,Switch,1.4,0.0221,1.4221
184189,2,101.0,0.3,Switch,0.8,0.0137000002999999,0.8137000003
184189,2,102.0,0.7,Switch,1.6,-0.161,1.439
184189,2,103.0,0.7,Repeat,1.0,0.2724000000000002,1.2724000000000002
184189,2,104.0,0.7,Repeat,1.2,0.2744999999999999,1.4745
184189,2,106.0,0.3,Repeat,1.2,-0.1674,1.0326
184189,2,107.0,0.3,Repeat,1.4,-0.4036000003999999,0.9963999996
184189,2,108.0,0.7,Switch,0.8,0.1543000002,0.9543000002
184189,2,109.0,0.7,Repeat,1.2,-0.2956000004,0.9043999996
184189,2,110.0,0.3,Switch,1.2,-0.1513,1.0487
184189,2,111.0,0.3,Repeat,1.4,-0.3591999999999999,1.0408
184189,2,112.0,0.7,Switch,1.4,-0.3042,1.0958
184189,2,113.0,0.7,Repeat,1.6,-0.2917,1.3083
184189,2,114.0,0.3,Switch,1.6,-0.3657000000000001,1.2343
184189,2,115.0,0.3,Repeat,1.6,-0.3154000000000001,1.2846
184189,2,116.0,0.7,Switch,1.0,-0.0289000001,0.9710999999
184189,2,117.0,0.3,Switch,1.2,-0.1034999999999999,1.0965
184189,2,118.0,0.3,Repeat,1.0,0.2424999999999999,1.2425
184189,2,119.0,0.7,Switch,1.0,-0.2812000003,0.7187999997
184189,2,122.0,0.3,Switch,0.8,-0.0500999999,0.7499000001
184189,2,123.0,0.7,Switch,1.4,0.0755999999999998,1.4755999999999998
184189,2,124.0,0.7,Repeat,1.4,-0.0034999999999998,1.3965
184189,2,125.0,0.3,Switch,1.2,0.2329000000000001,1.4329
184189,2,127.0,0.3,Switch,1.2,-0.2043000001999999,0.9956999998
184189,2,128.0,0.7,Switch,1.4,-0.2421999999999999,1.1578
184189,2,129.0,0.3,Switch,1.0,0.0270999999999999,1.0271
184189,2,131.0,0.3,Repeat,1.2,-0.1372999999999999,1.0627
184189,2,132.0,0.7,Switch,1.0,0.1162,1.1162
184189,2,133.0,0.3,Switch,0.8,-0.1287000003,0.6712999997
184189,2,134.0,0.3,Repeat,1.0,0.0819,1.0819
184189,2,135.0,0.7,Switch,1.0,-0.1856999997999999,0.8143000002
184189,2,136.0,0.3,Switch,1.4,-0.0355999999999998,1.3644
184189,2,137.0,0.7,Switch,0.8,0.2806999999999999,1.0807
184189,2,138.0,0.3,Switch,1.6,0.1480999999999999,1.7481
184189,2,139.0,0.3,Repeat,1.4,-0.3672999999999999,1.0327
184189,2,140.0,0.3,Repeat,0.8,0.2319999999999999,1.032
184189,2,141.0,0.7,Switch,1.2,-0.0551999999999999,1.1448
184189,2,142.0,0.7,Repeat,1.6,0.1619999999999999,1.762
184189,2,143.0,0.3,Switch,1.0,0.3755999999999999,1.3756
184189,2,144.0,0.7,Switch,0.8,-0.1265,0.6735
184189,2,145.0,0.7,Repeat,1.0,-0.0273999995999999,0.9726000004
184189,2,146.0,0.7,Repeat,1.2,-0.0637,1.1363
184189,2,147.0,0.3,Switch,1.6,-0.5641,1.0359
184189,2,148.0,0.7,Switch,1.6,-0.3335000000000001,1.2665
184189,2,149.0,0.3,Switch,1.6,-0.038,1.562
184189,2,152.0,0.7,Repeat,1.0,0.5620999999999998,1.5620999999999998
184189,2,153.0,0.3,Switch,1.6,-0.1626,1.4374
184189,2,155.0,0.7,Switch,1.2,0.0341,1.2341
184189,2,156.0,0.7,Repeat,1.4,-0.2081999999999999,1.1918
184189,2,157.0,0.7,Repeat,1.6,-0.1004000000000002,1.4995999999999998
184189,2,158.0,0.3,Switch,1.6,0.2962,1.8962
184189,2,159.0,0.7,Switch,1.4,-0.1356999999999999,1.2643
184189,2,160.0,0.3,Switch,1.2,0.0210000000000001,1.221
184189,2,161.0,0.3,Repeat,0.8,0.2834000000000001,1.0834
184189,2,162.0,0.7,Switch,0.8,-0.0850999998999999,0.7149000001000001
184189,2,163.0,0.3,Switch,1.2,-0.2700999998999999,0.9299000001
184189,2,164.0,0.7,Switch,1.0,-0.0244999999999999,0.9755
184189,2,165.0,0.7,Repeat,1.6,-0.3488,1.2512
184189,2,166.0,0.3,Switch,0.8,-0.1660999999,0.6339000001
184189,2,167.0,0.3,Repeat,1.0,-0.2716999998,0.7283000002
184189,2,168.0,0.3,Repeat,1.6,-0.2516,1.3484
184189,2,169.0,0.3,Repeat,1.4,0.0810999999999999,1.4811
184189,2,170.0,0.3,Repeat,1.2,0.2147000000000001,1.4147
184189,2,171.0,0.7,Switch,1.2,0.1134999999999999,1.3135
184189,2,172.0,0.7,Repeat,0.8,0.0999000001,0.8999000001
184189,2,173.0,0.3,Switch,0.8,0.1339000001,0.9339000001
184189,2,175.0,0.3,Repeat,1.0,-0.1017000003,0.8982999997
184189,2,176.0,0.7,Switch,1.0,0.3403,1.3403
184189,2,177.0,0.7,Repeat,1.2,-0.0274999999999998,1.1725
184189,2,178.0,0.7,Repeat,1.6,-0.3190999999999999,1.2809
184189,2,179.0,0.3,Switch,1.4,-0.1335999999999997,1.2664000000000002
184189,2,181.0,0.3,Switch,1.0,-0.0981999998,0.9018000002
184189,2,182.0,0.3,Repeat,1.4,-0.1090999999999997,1.2909000000000002
184189,2,183.0,0.3,Repeat,1.2,-0.0249000000000001,1.1750999999999998
184189,2,184.0,0.3,Repeat,1.4,-0.3253999999999999,1.0746
184189,2,185.0,0.7,Switch,1.6,-0.3172000000000001,1.2828
184189,2,186.0,0.3,Switch,1.2,0.2145999999999999,1.4146
184189,2,187.0,0.7,Switch,1.2,0.032,1.232
184189,2,188.0,0.3,Switch,0.8,0.0921000003999999,0.8921000004
184189,2,189.0,0.7,Switch,1.2,-0.4524000001,0.7475999998999999
184189,2,190.0,0.7,Repeat,0.8,0.3839000000000001,1.1839000000000002
184189,2,191.0,0.3,Switch,1.6,-0.3602000000000001,1.2398
184189,2,192.0,0.3,Repeat,1.6,-0.5598000000000001,1.0402
184189,2,193.0,0.7,Switch,1.2,0.3900999999999999,1.5900999999999998
184189,2,194.0,0.7,Repeat,1.0,-0.049,0.951
184189,2,195.0,0.7,Repeat,0.8,0.0648000001999999,0.8648000002
184189,2,196.0,0.7,Repeat,1.4,0.0093,1.4093
184189,2,197.0,0.7,Repeat,1.4,0.5193000000000001,1.9193
184189,2,198.0,0.3,Switch,1.0,0.0579,1.0579
184189,2,200.0,0.3,Switch,1.2,0.0634000000000001,1.2634
184189,2,202.0,0.3,Repeat,0.8,0.1248000001999999,0.9248000002
184189,2,203.0,0.7,Switch,1.4,-0.3689,1.0311
184189,2,204.0,0.7,Repeat,1.6,-0.2247000000000001,1.3753
184189,2,205.0,0.7,Repeat,1.0,-0.0424999999999999,0.9575
184189,2,206.0,0.7,Repeat,1.0,-0.1529000001,0.8470999999
184189,2,207.0,0.3,Switch,0.8,0.1144999999999999,0.9145
184189,2,208.0,0.3,Repeat,1.0,-0.0743000002,0.9256999998
184189,2,209.0,0.3,Repeat,1.6,-0.4357000000000002,1.1643
184189,2,211.0,0.7,Switch,1.4,-0.2485999999999997,1.1514000000000002
184189,2,212.0,0.3,Switch,0.8,0.294,1.094
184189,2,213.0,0.7,Switch,1.6,0.1151999999999999,1.7152
184189,2,215.0,0.7,Switch,1.0,0.1092999999999999,1.1093
184189,2,216.0,0.7,Repeat,1.4,-0.1397999999999999,1.2602
184189,2,217.0,0.3,Switch,1.4,-0.1432999999999997,1.2567000000000002
184189,2,218.0,0.7,Switch,1.0,0.1900999999999999,1.1901
184189,2,219.0,0.7,Repeat,1.2,0.0179,1.2179
184189,2,220.0,0.3,Switch,1.6,-0.4544000000000001,1.1456
184189,2,221.0,0.3,Repeat,1.6,-0.187,1.413
184189,2,222.0,0.3,Repeat,0.8,0.1136999998,0.9136999998
184189,2,223.0,0.7,Switch,1.0,0.4719,1.4719
184189,2,224.0,0.3,Switch,1.0,-0.2678999996,0.7321000004
184189,2,225.0,0.7,Switch,1.6,-0.0175,1.5825
184189,2,226.0,0.3,Switch,1.0,0.3390999999999999,1.3391
184189,2,227.0,0.3,Repeat,1.2,-0.0568999999999999,1.1431
184189,2,228.0,0.7,Switch,1.2,0.0310999999999999,1.2311
184189,2,229.0,0.7,Repeat,1.2,0.1944000000000001,1.3944
184189,2,230.0,0.7,Repeat,1.6,-0.0008000000000001,1.5992
184189,2,231.0,0.3,Switch,1.4,0.0040999999999999,1.4041
184189,2,232.0,0.7,Switch,0.8,-0.0538000002,0.7461999998
184189,2,233.0,0.3,Switch,1.6,-0.401,1.199
184189,2,234.0,0.3,Repeat,1.0,0.2972000000000001,1.2972
184189,2,235.0,0.7,Switch,0.8,0.1360999998999998,0.9360999999
184189,2,236.0,0.3,Switch,1.2,0.0542,1.2542
184189,2,237.0,0.3,Repeat,0.8,-0.1285999999,0.6714000001
184189,2,238.0,0.7,Switch,1.4,0.1869000000000003,1.5869000000000002
184189,2,239.0,0.7,Repeat,0.8,-0.2334000001,0.5665999999
184189,2,241.0,0.3,Switch,1.0,0.0927,1.0927
184189,2,242.0,0.7,Switch,1.0,-0.0450999998999999,0.9549000001
184189,2,243.0,0.3,Switch,0.8,-0.0167000003,0.7832999997
184189,2,244.0,0.7,Switch,1.2,0.0912000000000001,1.2912
184189,2,245.0,0.7,Repeat,1.4,-0.0714999999999999,1.3285
184189,2,246.0,0.3,Switch,1.0,-0.0808999996,0.9191000004
184189,2,247.0,0.3,Repeat,1.2,0.0755999999999998,1.2755999999999998
184189,2,248.0,0.7,Switch,1.2,0.1326,1.3326
184189,2,249.0,0.7,Repeat,1.6,-0.1363000000000001,1.4637
184189,2,250.0,0.3,Switch,1.6,0.0167999999999999,1.6168
184189,2,251.0,0.3,Repeat,1.4,0.1194000000000001,1.5194
184189,2,252.0,0.7,Switch,0.8,-0.0810999998999999,0.7189000001000001
184189,2,253.0,0.3,Switch,0.8,0.0156999997999999,0.8156999998
184189,2,254.0,0.3,Repeat,1.4,-0.3299000000000001,1.0700999999999998
184189,2,255.0,0.7,Switch,1.0,0.2414,1.2414
184189,2,256.0,0.3,Switch,1.4,0.0581,1.4581
184189,2,257.0,0.3,Repeat,1.6,0.2645999999999997,1.8646
184189,2,258.0,0.7,Switch,1.6,-0.1752000000000002,1.4247999999999998
184189,2,259.0,0.7,Repeat,1.4,-0.1837999999999999,1.2162
184189,2,260.0,0.7,Repeat,1.2,0.1085,1.3085
184189,2,261.0,0.3,Switch,1.2,-0.0154999999999998,1.1845
184189,2,262.0,0.7,Switch,1.4,-0.0794999999999999,1.3205
184189,2,263.0,0.3,Switch,0.8,-0.2715999998999999,0.5284000001000001
184189,2,264.0,0.7,Switch,0.8,0.3974,1.1974
184189,2,265.0,0.3,Switch,1.6,-0.1852,1.4148
184189,2,266.0,0.3,Repeat,1.2,0.1137999999999999,1.3138
184189,2,267.0,0.3,Repeat,1.0,0.2507999999999999,1.2508
184189,2,268.0,0.7,Switch,1.6,0.0625999999999997,1.6626
184189,2,269.0,0.7,Repeat,1.0,-0.1240999998999999,0.8759000001
189058,2,31.0,0.7,Switch,1.0,0.0228999999999999,1.0229
189058,2,32.0,0.3,Switch,1.4,-0.2227999999999999,1.1772
189058,2,33.0,0.3,Repeat,1.0,-0.1085,0.8915
189058,2,34.0,0.3,Repeat,1.0,0.3127999999999999,1.3128
189058,2,35.0,0.7,Switch,1.4,-0.0662999999999998,1.3337
189058,2,36.0,0.3,Switch,1.2,0.1331999999999999,1.3332
189058,2,37.0,0.7,Switch,1.6,-0.5018,1.0982
189058,2,38.0,0.7,Repeat,0.8,0.4637,1.2637
189058,2,39.0,0.3,Switch,1.2,0.2484000000000001,1.4484
189058,2,40.0,0.7,Switch,1.6,0.1998999999999999,1.7999
189058,2,41.0,0.7,Repeat,1.2,0.0262999999999999,1.2263
189058,2,42.0,0.7,Repeat,1.4,0.0584000000000002,1.4584
189058,2,43.0,0.7,Repeat,1.6,-0.0809000000000002,1.5191
189058,2,44.0,0.3,Switch,1.6,-0.2818,1.3182
189058,2,45.0,0.7,Switch,0.8,0.4314,1.2314
189058,2,46.0,0.3,Switch,1.6,-0.2182000000000001,1.3818
189058,2,47.0,0.3,Repeat,0.8,0.0479999999999999,0.848
189058,2,48.0,0.3,Repeat,1.2,-0.3173999999999999,0.8826
189058,2,49.0,0.7,Switch,1.0,0.1332999999999999,1.1333
189058,2,50.0,0.3,Switch,0.8,0.2489999999999999,1.049
189058,2,51.0,0.3,Repeat,1.4,-0.2192999999999998,1.1807
189058,2,52.0,0.7,Switch,0.8,0.4467000000000001,1.2467
189058,2,53.0,0.3,Switch,1.0,0.0991999999999999,1.0992
189058,2,54.0,0.3,Repeat,0.8,0.1338999999999999,0.9339
189058,2,55.0,0.7,Switch,1.2,-0.2855,0.9145
189058,2,56.0,0.7,Repeat,1.4,-0.2165999999999999,1.1834
189058,2,57.0,0.3,Switch,1.6,-0.3544000000000002,1.2455999999999998
189058,2,58.0,0.7,Switch,1.0,0.4315,1.4315
189058,2,59.0,0.7,Repeat,1.2,0.0605,1.2605
189058,2,61.0,0.3,Switch,1.6,-0.3993,1.2007
189058,2,62.0,0.3,Repeat,1.4,-0.0487999999999999,1.3512
189058,2,63.0,0.7,Switch,0.8,0.2292,1.0292
189058,2,64.0,0.3,Switch,1.2,-0.0995999999999999,1.1004
189058,2,65.0,0.3,Repeat,1.4,0.0150999999999998,1.4150999999999998
189058,2,66.0,0.7,Switch,1.6,0.0277999999999998,1.6278
189058,2,67.0,0.7,Repeat,1.0,0.0330999999999999,1.0331
189058,2,68.0,0.7,Repeat,1.6,-0.3512000000000002,1.2488
189058,2,69.0,0.7,Repeat,1.0,-0.0532999999999999,0.9467
189058,2,70.0,0.3,Switch,1.0,-0.1003999999999999,0.8996000000000001
189058,2,71.0,0.7,Switch,1.4,-0.2502999999999999,1.1497
189058,2,72.0,0.3,Switch,1.0,0.1622000000000001,1.1622
189058,2,73.0,0.3,Repeat,1.4,-0.1519999999999999,1.248
189058,2,74.0,0.7,Switch,1.4,-0.4214999999999999,0.9785
189058,2,75.0,0.7,Repeat,0.8,0.0308999999999999,0.8309
189058,2,76.0,0.3,Switch,0.8,-0.1667,0.6333
189058,2,77.0,0.7,Switch,1.6,-0.3166,1.2834
189058,2,78.0,0.7,Repeat,1.2,0.0849000000000002,1.2849000000000002
189058,2,79.0,0.3,Switch,1.2,0.1180999999999998,1.3180999999999998
189058,2,80.0,0.3,Repeat,1.6,-0.0882,1.5118
189058,2,81.0,0.3,Repeat,1.2,0.1659000000000001,1.3659
189058,2,82.0,0.7,Switch,1.2,0.066,1.266
189058,2,83.0,0.3,Switch,1.6,0.1215999999999999,1.7216
189058,2,84.0,0.3,Repeat,1.0,0.4162000000000001,1.4162
189058,2,85.0,0.7,Switch,1.2,-0.5783999999999999,0.6216
189058,2,86.0,0.7,Repeat,1.0,0.1602000000000001,1.1602
189058,2,87.0,0.3,Switch,0.8,-0.1148,0.6852
189058,2,88.0,0.7,Switch,0.8,-0.067,0.733
189058,2,89.0,0.3,Switch,0.8,-0.083,0.717
189058,2,91.0,0.7,Switch,0.8,0.0131999999999999,0.8132
189058,2,92.0,0.3,Switch,1.2,0.0487000000000001,1.2487
189058,2,93.0,0.3,Repeat,1.2,-0.2834,0.9166
189058,2,96.0,0.3,Switch,1.4,0.1132999999999999,1.5133
189058,2,97.0,0.3,Repeat,1.0,0.1442999999999998,1.1443
189058,2,98.0,0.3,Repeat,1.0,0.3657000000000001,1.3657
189058,2,99.0,0.3,Repeat,0.8,0.3867,1.1867
189058,2,100.0,0.7,Switch,1.4,-0.0880999999999998,1.3119
189058,2,101.0,0.7,Repeat,1.6,-0.2165999999999999,1.3834000000000002
189058,2,102.0,0.7,Repeat,0.8,0.4437,1.2437
189058,2,103.0,0.3,Switch,1.6,-0.0016,1.5984
189058,2,104.0,0.7,Switch,1.0,0.0825,1.0825
189058,2,106.0,0.3,Switch,1.6,0.367,1.967
189058,2,107.0,0.7,Switch,1.4,0.0125999999999999,1.4126
189058,2,108.0,0.7,Repeat,1.6,-0.2356,1.3644
189058,2,109.0,0.7,Repeat,1.0,0.4155999999999999,1.4156
189058,2,110.0,0.3,Switch,0.8,-0.0513,0.7487
189058,2,111.0,0.3,Repeat,1.2,-0.253,0.947
189058,2,112.0,0.7,Switch,1.4,-0.2001999999999999,1.1998
189058,2,113.0,0.7,Repeat,0.8,0.3042,1.1042
189058,2,114.0,0.7,Repeat,1.2,-0.1520999999999999,1.0479
189058,2,115.0,0.3,Switch,1.4,-0.2189000000000001,1.1810999999999998
189058,2,116.0,0.3,Repeat,1.4,-0.2470999999999998,1.1529
189058,2,117.0,0.3,Repeat,1.0,0.4464000000000001,1.4464
189058,2,118.0,0.7,Switch,1.2,0.0324999999999999,1.2325
189058,2,119.0,0.3,Switch,1.6,-0.1318000000000001,1.4682
189058,2,121.0,0.7,Repeat,1.4,0.2139000000000002,1.6139
189058,2,122.0,0.7,Repeat,1.6,0.4811999999999998,2.0812
189058,2,123.0,0.7,Repeat,1.2,-0.0504,1.1496
189058,2,124.0,0.3,Switch,1.4,0.2663,1.6663
189058,2,125.0,0.3,Repeat,1.6,-0.0665999999999999,1.5334
189058,2,126.0,0.7,Switch,1.2,0.0385999999999999,1.2386
189058,2,127.0,0.3,Switch,1.0,0.3655999999999999,1.3656
189058,2,130.0,0.3,Repeat,0.8,0.2955999999999998,1.0956
189058,2,131.0,0.3,Repeat,1.4,0.0496,1.4496
189058,2,132.0,0.7,Switch,1.2,0.0706,1.2706
189058,2,133.0,0.7,Repeat,1.4,-0.3642999999999998,1.0357
189058,2,134.0,0.7,Repeat,1.4,-0.1318999999999999,1.2681
189058,2,135.0,0.3,Switch,1.2,0.1182,1.3182
189058,2,136.0,0.3,Repeat,1.2,0.2176,1.4176
189058,2,137.0,0.7,Switch,0.8,0.1503999999999999,0.9504
189058,2,138.0,0.3,Switch,1.6,-0.3508,1.2492
189058,2,139.0,0.7,Switch,1.0,0.1462000000000001,1.1462
189058,2,140.0,0.3,Switch,1.2,0.0162999999999999,1.2163
189058,2,141.0,0.7,Switch,0.8,0.0999999999999999,0.9
189058,2,142.0,0.7,Repeat,1.0,-0.1496,0.8503999999999999
189058,2,143.0,0.3,Switch,1.0,0.1482999999999998,1.1483
189058,2,144.0,0.7,Switch,0.8,0.1444999999999999,0.9445
189058,2,146.0,0.3,Repeat,1.0,-0.3982,0.6018
189058,2,147.0,0.7,Switch,1.6,-0.0995000000000001,1.5005
189058,2,148.0,0.3,Switch,0.8,0.5999999999999999,1.4
189058,2,149.0,0.7,Switch,1.0,0.1955,1.1955
189058,2,151.0,0.7,Repeat,1.0,0.4319000000000002,1.4319000000000002
189058,2,153.0,0.3,Switch,1.4,0.0512000000000001,1.4512
189058,2,154.0,0.3,Repeat,1.6,0.1291999999999999,1.7292
189058,2,156.0,0.7,Switch,1.4,0.0028000000000001,1.4028
189058,2,157.0,0.3,Switch,1.0,0.1650999999999998,1.1650999999999998
189058,2,158.0,0.7,Switch,1.2,-0.0867999999999999,1.1132
189058,2,159.0,0.7,Repeat,0.8,0.0786,0.8786
189058,2,160.0,0.3,Switch,1.2,-0.0862999999999998,1.1137
189058,2,161.0,0.7,Switch,1.6,-0.3449000000000002,1.2551
189058,2,162.0,0.3,Switch,1.0,0.0054,1.0054
189058,2,163.0,0.7,Switch,1.0,0.2785999999999999,1.2786
189058,2,164.0,0.7,Repeat,1.4,-0.1863999999999999,1.2136
189058,2,165.0,0.3,Switch,0.8,0.1157999999999999,0.9158
189058,2,166.0,0.3,Repeat,1.0,0.181,1.181
189058,2,167.0,0.3,Repeat,1.4,-0.4567999999999999,0.9432
189058,2,168.0,0.7,Switch,1.4,-0.1707999999999998,1.2292
189058,2,169.0,0.3,Switch,1.6,0.0117,1.6117
189058,2,170.0,0.3,Repeat,1.4,0.296,1.696
189058,2,171.0,0.3,Repeat,1.2,0.3023,1.5023
189058,2,172.0,0.3,Repeat,1.6,-0.4640000000000002,1.136
189058,2,173.0,0.7,Switch,1.6,-0.2684000000000002,1.3316
189058,2,174.0,0.3,Switch,0.8,0.4665999999999999,1.2666
189058,2,175.0,0.7,Switch,1.2,-0.0940999999999998,1.1059
189058,2,176.0,0.7,Repeat,0.8,0.2505999999999999,1.0506
189058,2,177.0,0.3,Switch,0.8,0.2837,1.0837
189058,2,178.0,0.7,Switch,1.6,-0.4949000000000001,1.1051
189058,2,179.0,0.7,Repeat,0.8,0.2667999999999999,1.0668
189058,2,181.0,0.3,Switch,1.0,0.3190999999999999,1.3191
189058,2,182.0,0.3,Repeat,1.2,-0.0300999999999997,1.1699000000000002
189058,2,183.0,0.3,Repeat,1.2,0.018,1.218
189058,2,184.0,0.7,Switch,1.6,-0.0542,1.5458
189058,2,185.0,0.7,Repeat,1.2,0.1660999999999999,1.3661
189058,2,186.0,0.3,Switch,0.8,0.1622,0.9622
189058,2,187.0,0.7,Switch,1.4,-0.1825999999999998,1.2174
189058,2,188.0,0.3,Switch,1.4,0.1463000000000001,1.5463
189058,2,189.0,0.3,Repeat,1.4,0.0327000000000001,1.4327
189058,2,190.0,0.3,Repeat,1.0,0.2310999999999998,1.2311
189058,2,191.0,0.3,Repeat,1.6,0.0807,1.6807
189058,2,192.0,0.3,Repeat,1.2,0.4444000000000001,1.6444
189058,2,193.0,0.7,Switch,0.8,0.1762999999999999,0.9763
189058,2,194.0,0.7,Repeat,1.4,-0.0168999999999999,1.3831
189058,2,195.0,0.7,Repeat,1.2,0.2364000000000001,1.4364
189058,2,196.0,0.7,Repeat,1.6,0.2141999999999999,1.8142
189058,2,197.0,0.7,Repeat,1.0,0.1332999999999999,1.1333
189058,2,198.0,0.3,Switch,0.8,0.1501,0.9501
189058,2,199.0,0.3,Repeat,1.6,-0.1032999999999999,1.4967
189058,2,200.0,0.7,Switch,1.2,0.2819,1.4819
189058,2,201.0,0.7,Repeat,0.8,0.3856999999999999,1.1857
189058,2,202.0,0.7,Repeat,1.0,0.1164,1.1164
189058,2,203.0,0.3,Switch,1.0,0.2430999999999998,1.2431
189058,2,204.0,0.7,Switch,1.6,-0.2990000000000001,1.301
189058,2,205.0,0.3,Switch,1.4,-0.1002999999999998,1.2997
189058,2,206.0,0.7,Switch,0.8,0.1522,0.9522
189058,2,207.0,0.3,Switch,0.8,-0.0501,0.7499
189058,2,208.0,0.7,Switch,1.0,0.1154000000000001,1.1154000000000002
189058,2,209.0,0.3,Switch,1.6,-0.203,1.397
189058,2,211.0,0.7,Switch,1.6,-0.2862000000000002,1.3138
189058,2,212.0,0.7,Repeat,0.8,0.0964999999999999,0.8965
189058,2,213.0,0.7,Repeat,1.6,-0.5630000000000002,1.037
189058,2,214.0,0.7,Repeat,1.2,0.2002999999999999,1.4003
189058,2,215.0,0.3,Switch,1.0,0.3014000000000001,1.3014
189058,2,216.0,0.7,Switch,0.8,0.0185999999999999,0.8186
189058,2,218.0,0.3,Repeat,0.8,0.2615,1.0615
189058,2,219.0,0.7,Switch,1.4,-0.1529999999999998,1.247
189058,2,220.0,0.7,Repeat,1.2,0.0835000000000001,1.2835
189058,2,221.0,0.3,Switch,1.0,0.3647,1.3647
189058,2,222.0,0.3,Repeat,1.4,-0.1690999999999998,1.2309
189058,2,223.0,0.3,Repeat,1.2,-0.0529999999999999,1.147
189058,2,224.0,0.3,Repeat,1.0,0.0157,1.0157
189058,2,225.0,0.7,Switch,1.4,-0.4770999999999999,0.9229
189058,2,226.0,0.3,Switch,1.6,-0.2002000000000001,1.3998
189058,2,227.0,0.7,Switch,1.0,-0.2168,0.7832
189058,2,228.0,0.7,Repeat,1.4,0.0656000000000001,1.4656
189058,2,229.0,0.7,Repeat,1.2,0.2981,1.4981
189058,2,230.0,0.3,Switch,1.2,-0.0827999999999999,1.1172
189058,2,232.0,0.7,Switch,1.6,-0.2998,1.3002
189058,2,233.0,0.7,Repeat,0.8,0.1367,0.9367
189058,2,234.0,0.3,Switch,0.8,0.0848999999999999,0.8849
189058,2,235.0,0.3,Repeat,1.4,-0.1007999999999997,1.2992
189058,2,236.0,0.3,Repeat,1.2,-0.0006999999999999,1.1993
189058,2,237.0,0.7,Switch,1.0,0.1167,1.1167
189058,2,238.0,0.3,Switch,1.6,-0.5453000000000001,1.0547
189058,2,239.0,0.7,Switch,1.0,0.0726,1.0726
189058,2,241.0,0.7,Switch,1.4,-0.1905999999999998,1.2094
189058,2,242.0,0.7,Repeat,1.6,-0.0958000000000001,1.5042
189058,2,243.0,0.7,Repeat,0.8,0.4000999999999999,1.2001
189058,2,244.0,0.7,Repeat,1.4,-0.1962999999999999,1.2037
189058,2,245.0,0.7,Repeat,0.8,0.2118,1.0118
189058,2,246.0,0.3,Switch,1.0,0.2015,1.2015
189058,2,247.0,0.3,Repeat,1.0,0.3330999999999999,1.3331
189058,2,248.0,0.7,Switch,1.6,0.0662,1.6662
189058,2,249.0,0.3,Switch,1.4,-0.2354,1.1646
189058,2,250.0,0.7,Switch,1.2,0.1494000000000002,1.3494000000000002
189058,2,251.0,0.3,Switch,1.6,-0.1527,1.4473
189058,2,252.0,0.7,Switch,1.4,-0.0350999999999999,1.3649
189058,2,253.0,0.7,Repeat,0.8,-0.0289,0.7711
189058,2,254.0,0.3,Switch,1.4,-0.0680999999999998,1.3319
189058,2,255.0,0.7,Switch,1.0,0.2518,1.2518
189058,2,256.0,0.7,Repeat,1.2,-0.3127,0.8873
189058,2,257.0,0.3,Switch,1.6,-0.2360999999999999,1.3639
189058,2,260.0,0.7,Switch,1.0,0.086,1.086
189058,2,261.0,0.7,Repeat,1.2,-0.0952999999999999,1.1047
189058,2,262.0,0.3,Switch,0.8,0.0607999999999999,0.8608
189058,2,263.0,0.3,Repeat,1.6,-0.2337000000000002,1.3662999999999998
189058,2,264.0,0.7,Switch,1.6,-0.4529000000000001,1.1471
189058,2,265.0,0.3,Switch,1.2,0.1508,1.3508
189058,2,266.0,0.3,Repeat,0.8,0.4000999999999999,1.2001
189058,2,267.0,0.7,Switch,1.0,0.3824000000000001,1.3824
189058,2,268.0,0.3,Switch,1.0,0.1471,1.1471
189058,2,269.0,0.3,Repeat,1.2,0.4325000000000001,1.6325
194491,2,32.0,0.7,Switch,1.2,0.254,1.454
194491,2,33.0,0.7,Repeat,1.4,-0.3734999999999999,1.0265
194491,2,34.0,0.3,Switch,1.0,0.0774000000000001,1.0774
194491,2,35.0,0.3,Repeat,0.8,0.0014999999999999,0.8015
194491,2,36.0,0.3,Repeat,1.2,-0.3402999999999999,0.8597
194491,2,38.0,0.3,Switch,1.6,-0.5244000000000002,1.0756
194491,2,39.0,0.7,Switch,1.6,-0.4499000000000002,1.1501
194491,2,40.0,0.3,Switch,1.2,-0.1045999999999998,1.0954000000000002
194491,2,41.0,0.7,Switch,1.0,-0.0877,0.9123
194491,2,42.0,0.7,Repeat,1.6,-0.4694000000000002,1.1305999999999998
194491,2,43.0,0.3,Switch,1.4,-0.0488999999999999,1.3511
194491,2,44.0,0.7,Switch,0.8,0.272,1.072
194491,2,45.0,0.3,Switch,0.8,0.2545999999999999,1.0546
194491,2,46.0,0.7,Switch,1.2,-0.2168999999999999,0.9831
194491,2,47.0,0.3,Switch,1.4,-0.2307999999999999,1.1692
194491,2,48.0,0.7,Switch,0.8,0.3427,1.1427
194491,2,49.0,0.7,Repeat,1.2,-0.2816999999999999,0.9183
194491,2,50.0,0.3,Switch,1.4,-0.0415999999999998,1.3584
194491,2,51.0,0.7,Switch,1.0,-0.1032,0.8967999999999999
194491,2,53.0,0.7,Repeat,1.6,-0.4032000000000002,1.1968
194491,2,55.0,0.3,Switch,1.0,0.1919000000000001,1.1919000000000002
194491,2,56.0,0.3,Repeat,1.2,-0.3688999999999999,0.8311000000000001
194491,2,57.0,0.3,Repeat,1.0,-0.2377999999999999,0.7622000000000001
194491,2,58.0,0.7,Switch,1.0,-0.1902,0.8098
194491,2,59.0,0.3,Switch,0.8,0.0927,0.8927
194491,2,62.0,0.3,Repeat,1.6,-0.5693000000000001,1.0307
194491,2,64.0,0.3,Switch,1.6,-0.5755000000000001,1.0245
194491,2,65.0,0.3,Repeat,1.4,-0.4918999999999999,0.9081
194491,2,66.0,0.7,Switch,1.2,-0.0410999999999999,1.1589
194491,2,67.0,0.7,Repeat,1.6,-0.5800000000000001,1.02
194491,2,68.0,0.3,Switch,1.0,0.1080999999999998,1.1081
194491,2,69.0,0.3,Repeat,1.0,-0.1916,0.8084
194491,2,71.0,0.7,Switch,1.6,-0.1980000000000001,1.402
194491,2,72.0,0.7,Repeat,1.4,-0.2668999999999999,1.1331
194491,2,73.0,0.3,Switch,1.0,0.2338,1.2338
194491,2,74.0,0.7,Switch,1.2,-0.1039000000000001,1.0961
194491,2,75.0,0.3,Switch,0.8,0.2994000000000001,1.0994000000000002
194491,2,77.0,0.3,Switch,0.8,0.5945999999999998,1.3945999999999998
194491,2,78.0,0.3,Repeat,1.4,-0.1817999999999999,1.2182
194491,2,79.0,0.3,Repeat,1.2,-0.1108,1.0892
194491,2,81.0,0.7,Repeat,1.4,-0.3813,1.0187
194491,2,82.0,0.3,Switch,1.2,0.3369999999999999,1.537
194491,2,83.0,0.3,Repeat,1.2,-0.0892999999999999,1.1107
194491,2,84.0,0.7,Switch,0.8,0.3035999999999998,1.1036
194491,2,85.0,0.7,Repeat,0.8,0.3799999999999999,1.18
194491,2,86.0,0.7,Repeat,1.0,0.2706999999999999,1.2707
194491,2,87.0,0.7,Repeat,1.0,0.3844000000000001,1.3844
194491,2,88.0,0.3,Switch,0.8,0.4580999999999999,1.2581
194491,2,89.0,0.7,Switch,1.2,-0.1352,1.0648
194491,2,91.0,0.7,Switch,1.0,0.2804999999999999,1.2805
194491,2,92.0,0.3,Switch,1.4,-0.0813999999999999,1.3186
194491,2,93.0,0.7,Switch,0.8,0.3937999999999999,1.1938
194491,2,94.0,0.7,Repeat,1.6,-0.1615000000000002,1.4385
194491,2,95.0,0.7,Repeat,1.2,0.1464,1.3464
194491,2,96.0,0.3,Switch,1.0,0.0579,1.0579
194491,2,97.0,0.7,Switch,1.4,-0.1826999999999998,1.2173
194491,2,98.0,0.7,Repeat,0.8,0.3654999999999999,1.1655
194491,2,99.0,0.7,Repeat,1.4,-0.0406999999999999,1.3593
194491,2,101.0,0.3,Repeat,1.2,0.0498,1.2498
194491,2,102.0,0.7,Switch,0.8,0.4630999999999998,1.2631
194491,2,103.0,0.3,Switch,1.4,-0.2254999999999998,1.1745
194491,2,104.0,0.3,Repeat,0.8,0.3074999999999999,1.1075
194491,2,105.0,0.3,Repeat,1.2,-0.1139999999999998,1.086
194491,2,106.0,0.3,Repeat,0.8,0.2597,1.0597
194491,2,107.0,0.3,Repeat,1.0,0.248,1.248
194491,2,108.0,0.3,Repeat,1.6,-0.5660000000000001,1.034
194491,2,110.0,0.7,Repeat,1.0,0.2789999999999999,1.279
194491,2,111.0,0.3,Switch,1.0,0.1003,1.1003
194491,2,112.0,0.7,Switch,1.0,0.3605999999999998,1.3605999999999998
194491,2,113.0,0.7,Repeat,1.4,-0.1030999999999997,1.2969000000000002
194491,2,114.0,0.3,Switch,1.2,-0.0629999999999999,1.137
194491,2,115.0,0.7,Switch,1.6,-0.3622000000000001,1.2378
194491,2,116.0,0.7,Repeat,1.2,0.0482,1.2482
194491,2,117.0,0.7,Repeat,1.2,-0.3186,0.8814
194491,2,119.0,0.3,Repeat,1.4,0.1985000000000001,1.5985
194491,2,121.0,0.3,Repeat,1.0,0.5957999999999999,1.5958
194491,2,122.0,0.7,Switch,1.2,-0.2068999999999999,0.9931
194491,2,123.0,0.3,Switch,1.4,-0.3009999999999999,1.099
194491,2,124.0,0.3,Repeat,1.2,0.0835999999999999,1.2836
194491,2,125.0,0.7,Switch,1.4,0.1643000000000001,1.5643
194491,2,126.0,0.3,Switch,1.2,0.1015999999999999,1.3016
194491,2,127.0,0.7,Switch,1.0,0.0537999999999998,1.0537999999999998
194491,2,128.0,0.3,Switch,1.0,0.47,1.47
194491,2,129.0,0.7,Switch,1.2,-0.2221999999999999,0.9778
194491,2,130.0,0.3,Switch,0.8,0.4214,1.2214
194491,2,131.0,0.7,Switch,1.4,0.0350999999999999,1.4350999999999998
194491,2,132.0,0.7,Repeat,1.0,0.2250999999999998,1.2251
194491,2,133.0,0.7,Repeat,1.4,0.0866,1.4866
194491,2,134.0,0.7,Repeat,1.2,-0.1510999999999998,1.0489000000000002
194491,2,135.0,0.7,Repeat,0.8,0.1495999999999999,0.9496
194491,2,136.0,0.3,Switch,1.4,-0.3071999999999999,1.0928
194491,2,137.0,0.7,Switch,0.8,0.2037,1.0037
194491,2,139.0,0.3,Repeat,1.4,-0.4765999999999999,0.9234
194491,2,140.0,0.3,Repeat,1.2,-0.1932,1.0068
194491,2,141.0,0.7,Switch,1.6,-0.2134000000000002,1.3865999999999998
194491,2,142.0,0.3,Switch,1.6,-0.3290000000000002,1.271
194491,2,143.0,0.3,Repeat,0.8,0.3322999999999998,1.1323
194491,2,144.0,0.7,Switch,1.6,-0.4655,1.1345
194491,2,147.0,0.7,Repeat,1.6,0.2089999999999998,1.809
194491,2,148.0,0.3,Switch,1.6,-0.3884000000000001,1.2116
194491,2,149.0,0.7,Switch,1.0,0.3347,1.3347
194491,2,153.0,0.7,Switch,1.0,0.5079,1.5079
194491,2,154.0,0.7,Repeat,1.6,-0.0185000000000001,1.5815
194491,2,156.0,0.3,Repeat,1.4,0.4075999999999999,1.8076
194491,2,159.0,0.3,Repeat,1.2,0.3626,1.5626
194491,2,160.0,0.7,Switch,1.0,0.2055,1.2055
194491,2,161.0,0.7,Repeat,1.2,0.2159000000000002,1.4159000000000002
194491,2,162.0,0.3,Switch,1.2,0.0594000000000001,1.2594
194491,2,163.0,0.7,Switch,1.4,0.1054000000000001,1.5054
194491,2,165.0,0.3,Switch,1.6,-0.1808,1.4192
194491,2,166.0,0.7,Switch,1.4,0.1038000000000001,1.5038
194491,2,167.0,0.7,Repeat,1.0,0.1832,1.1832
194491,2,168.0,0.3,Switch,1.0,0.0805,1.0805
194491,2,171.0,0.7,Switch,1.4,-0.2810999999999999,1.1189
194491,2,172.0,0.7,Repeat,1.2,0.1009000000000002,1.3009000000000002
194491,2,174.0,0.3,Repeat,1.4,-0.1161999999999998,1.2838
194491,2,176.0,0.7,Repeat,1.2,0.3249000000000002,1.5249
194491,2,177.0,0.3,Switch,0.8,0.3573999999999999,1.1574
194491,2,178.0,0.3,Repeat,1.4,-0.1554999999999999,1.2445
194491,2,179.0,0.3,Repeat,0.8,0.1679999999999999,0.968
194491,2,181.0,0.7,Switch,1.2,0.0484999999999999,1.2485
194491,2,182.0,0.7,Repeat,1.0,0.2797,1.2797
194491,2,183.0,0.3,Switch,1.0,0.2855999999999998,1.2856
194491,2,184.0,0.7,Switch,0.8,-0.4625,0.3375
194491,2,186.0,0.7,Repeat,0.8,0.4580999999999999,1.2581
194491,2,187.0,0.3,Switch,0.8,0.4902999999999999,1.2903
194491,2,188.0,0.7,Switch,1.4,-0.3367,1.0633
194491,2,189.0,0.7,Repeat,1.0,0.2260999999999999,1.2261
194491,2,190.0,0.3,Switch,1.0,0.3672999999999999,1.3673
194491,2,191.0,0.7,Switch,1.2,0.193,1.393
194491,2,192.0,0.3,Switch,1.4,-0.3115999999999999,1.0884
194491,2,193.0,0.7,Switch,0.8,0.5799999999999998,1.38
194491,2,194.0,0.3,Switch,1.4,-0.0184999999999999,1.3815
194491,2,195.0,0.3,Repeat,1.6,0.0516999999999998,1.6517
194491,2,196.0,0.3,Repeat,1.2,0.3791,1.5791
194491,2,197.0,0.7,Switch,1.2,0.2377,1.4377
194491,2,199.0,0.3,Repeat,1.2,0.2148000000000001,1.4148
194491,2,200.0,0.7,Switch,1.6,-0.1744000000000001,1.4256
194491,2,201.0,0.3,Switch,1.2,0.2304000000000001,1.4304
194491,2,202.0,0.7,Switch,1.4,0.0024000000000001,1.4024
194491,2,203.0,0.3,Switch,1.6,-0.1493,1.4507
194491,2,204.0,0.3,Repeat,1.6,0.0469999999999999,1.647
194491,2,205.0,0.7,Switch,1.6,-0.1739000000000001,1.4261
194491,2,206.0,0.3,Switch,1.0,0.1195999999999999,1.1196
194491,2,207.0,0.3,Repeat,0.8,0.5047999999999999,1.3048
194491,2,209.0,0.7,Repeat,1.6,-0.3712999999999999,1.2287
194491,2,211.0,0.7,Switch,0.8,0.2972999999999999,1.0973
194491,2,212.0,0.3,Switch,1.2,-0.0306999999999999,1.1693
194491,2,214.0,0.3,Repeat,0.8,0.4860999999999997,1.2860999999999998
194491,2,215.0,0.7,Switch,1.0,0.0839,1.0839
194491,2,216.0,0.7,Repeat,1.6,-0.3390999999999999,1.2609
194491,2,217.0,0.7,Repeat,1.4,-0.1858999999999999,1.2141
194491,2,218.0,0.3,Switch,1.6,-0.4191,1.1809
194491,2,219.0,0.3,Repeat,1.2,-0.1449,1.0551
194491,2,220.0,0.7,Switch,0.8,0.3995999999999999,1.1996
194491,2,221.0,0.7,Repeat,1.0,-0.1645999999999999,0.8354
194491,2,222.0,0.3,Switch,1.4,0.0798000000000001,1.4798
194491,2,223.0,0.3,Repeat,1.6,-0.5805,1.0195
194491,2,224.0,0.3,Repeat,0.8,0.4879,1.2879
194491,2,225.0,0.7,Switch,1.6,-0.3047000000000002,1.2953
194491,2,226.0,0.7,Repeat,1.0,0.4790000000000001,1.479
194491,2,227.0,0.3,Switch,1.4,-0.1959999999999999,1.204
194491,2,228.0,0.7,Switch,1.2,0.1352,1.3352
194491,2,229.0,0.3,Switch,1.6,-0.3799000000000001,1.2201
194491,2,231.0,0.7,Repeat,1.4,0.032,1.432
194491,2,232.0,0.3,Switch,1.4,-0.1347999999999998,1.2652
194491,2,233.0,0.7,Switch,1.2,0.2040999999999999,1.4041
194491,2,234.0,0.7,Repeat,1.2,0.0189000000000001,1.2189
194491,2,236.0,0.7,Switch,1.4,0.0327999999999999,1.4328
194491,2,237.0,0.3,Switch,1.2,0.2122000000000001,1.4122
194491,2,238.0,0.3,Repeat,1.0,0.2264999999999999,1.2265
194491,2,239.0,0.7,Switch,1.6,-0.0753000000000001,1.5247
194491,2,241.0,0.7,Switch,1.4,0.0657,1.4657
194491,2,242.0,0.7,Repeat,1.6,-0.2375,1.3625
194491,2,243.0,0.3,Switch,1.0,0.4550999999999998,1.4550999999999998
194491,2,244.0,0.7,Switch,1.0,0.2307999999999999,1.2308
194491,2,245.0,0.3,Switch,0.8,0.5029000000000001,1.3029000000000002
194491,2,247.0,0.7,Switch,1.0,0.2692999999999999,1.2693
194491,2,248.0,0.7,Repeat,1.6,-0.2000999999999999,1.3999
194491,2,249.0,0.7,Repeat,1.6,-0.1517000000000001,1.4483
194491,2,250.0,0.7,Repeat,1.2,0.3482,1.5482
194491,2,251.0,0.7,Repeat,1.2,0.1319000000000001,1.3319
194491,2,252.0,0.3,Switch,1.2,0.1299000000000001,1.3299
194491,2,253.0,0.7,Switch,1.4,-0.1122999999999998,1.2877
194491,2,254.0,0.3,Switch,1.6,0.1619999999999999,1.762
194491,2,255.0,0.3,Repeat,1.6,-0.4192000000000002,1.1807999999999998
194491,2,256.0,0.7,Switch,0.8,0.5457999999999998,1.3458
194491,2,257.0,0.3,Switch,1.4,-0.1539999999999999,1.246
194491,2,258.0,0.3,Repeat,1.2,0.2325000000000001,1.4325
194491,2,259.0,0.7,Switch,1.2,0.062,1.262
194491,2,260.0,0.7,Repeat,0.8,0.3460999999999998,1.1461
194491,2,262.0,0.3,Switch,1.4,-0.4357,0.9643
194491,2,263.0,0.3,Repeat,1.6,-0.1685000000000001,1.4315
194491,2,264.0,0.3,Repeat,1.2,-0.0899999999999998,1.11
194491,2,265.0,0.3,Repeat,1.0,0.4309,1.4309
194491,2,266.0,0.7,Switch,1.0,-0.3732000000000001,0.6267999999999999
194491,2,268.0,0.3,Repeat,1.4,0.0650000000000001,1.465
194491,2,269.0,0.7,Switch,1.4,-0.2975999999999998,1.1024
203316,2,31.0,0.3,Switch,1.4,-0.2482999999999999,1.1517
203316,2,32.0,0.3,Repeat,1.0,-0.1232,0.8767999999999999
203316,2,33.0,0.7,Switch,1.0,0.0674000000000001,1.0674
203316,2,34.0,0.3,Switch,0.8,-0.0461,0.7539
203316,2,35.0,0.7,Switch,1.4,-0.4189999999999999,0.981
203316,2,36.0,0.3,Switch,1.0,-0.1075,0.8925
203316,2,37.0,0.3,Repeat,1.2,-0.1022999999999998,1.0977
203316,2,38.0,0.7,Switch,1.6,0.0522,1.6522
203316,2,39.0,0.7,Repeat,0.8,-0.0983,0.7017
203316,2,40.0,0.3,Switch,1.2,-0.1242,1.0758
203316,2,41.0,0.3,Repeat,1.0,0.1285999999999998,1.1285999999999998
203316,2,42.0,0.7,Switch,1.4,-0.2017,1.1983
203316,2,43.0,0.7,Repeat,1.6,-0.4751000000000001,1.1249
203316,2,44.0,0.7,Repeat,1.6,-0.2419000000000002,1.3581
203316,2,45.0,0.7,Repeat,1.2,-0.2017999999999998,0.9982
203316,2,46.0,0.7,Repeat,0.8,-0.1503999999999999,0.6496000000000001
203316,2,47.0,0.3,Switch,1.6,-0.5023,1.0977
203316,2,48.0,0.7,Switch,1.0,-0.3473999999999999,0.6526000000000001
203316,2,49.0,0.3,Switch,1.4,-0.1524000000000001,1.2475999999999998
203316,2,50.0,0.7,Switch,1.4,-0.1961999999999999,1.2038
203316,2,51.0,0.7,Repeat,1.2,0.1045,1.3045
203316,2,52.0,0.3,Switch,1.6,-0.0430000000000001,1.557
203316,2,53.0,0.7,Switch,1.2,-0.0023999999999999,1.1976
203316,2,54.0,0.3,Switch,1.2,0.0350000000000001,1.235
203316,2,55.0,0.3,Repeat,1.6,-0.1408,1.4592
203316,2,56.0,0.7,Switch,0.8,-0.1049,0.6951
203316,2,57.0,0.3,Switch,0.8,0.2292,1.0292
203316,2,58.0,0.3,Repeat,1.4,-0.5660999999999999,0.8339
203316,2,59.0,0.3,Repeat,0.8,0.3064,1.1064
203316,2,61.0,0.7,Repeat,0.8,-0.0493,0.7507
203316,2,62.0,0.7,Repeat,1.0,-0.0795,0.9205
203316,2,63.0,0.3,Switch,0.8,-0.0716000000000001,0.7283999999999999
203316,2,64.0,0.7,Switch,1.0,-0.2714,0.7286
203316,2,66.0,0.3,Switch,1.4,-0.4967999999999999,0.9032
203316,2,67.0,0.7,Switch,1.0,0.0737000000000001,1.0737
203316,2,68.0,0.3,Switch,0.8,-0.1234,0.6766
203316,2,69.0,0.3,Repeat,1.0,0.0337,1.0337
203316,2,70.0,0.3,Repeat,1.4,-0.2767999999999999,1.1232
203316,2,71.0,0.3,Repeat,1.2,-0.0797000000000001,1.1203
203316,2,72.0,0.7,Switch,1.4,-0.1453999999999999,1.2546
203316,2,73.0,0.7,Repeat,1.6,0.0259999999999998,1.626
203316,2,74.0,0.3,Switch,1.2,-0.2243999999999999,0.9756
203316,2,75.0,0.3,Repeat,1.6,-0.3984000000000001,1.2016
203316,2,76.0,0.7,Switch,1.2,-0.0454000000000001,1.1545999999999998
203316,2,77.0,0.3,Switch,1.2,0.0984,1.2984
203316,2,78.0,0.7,Switch,1.2,0.006,1.206
203316,2,79.0,0.3,Switch,1.6,-0.0474000000000001,1.5526
203316,2,80.0,0.3,Repeat,1.6,-0.3209000000000002,1.2791
203316,2,81.0,0.7,Switch,1.6,-0.1955,1.4045
203316,2,82.0,0.7,Repeat,1.6,0.0568999999999999,1.6569
203316,2,84.0,0.7,Repeat,1.2,-0.0942,1.1058
203316,2,85.0,0.3,Switch,1.0,0.0802,1.0802
203316,2,86.0,0.7,Switch,1.4,-0.2445999999999999,1.1554
203316,2,87.0,0.3,Switch,0.8,-0.1489,0.6511
203316,2,88.0,0.3,Repeat,1.4,-0.0450999999999999,1.3549
203316,2,89.0,0.3,Repeat,1.0,0.3230999999999999,1.3231
203316,2,91.0,0.7,Switch,1.6,-0.2447000000000001,1.3553
203316,2,92.0,0.7,Repeat,1.2,-0.2533999999999999,0.9466
203316,2,93.0,0.7,Repeat,1.4,-0.2440999999999997,1.1559
203316,2,94.0,0.7,Repeat,1.0,0.1023,1.1023
203316,2,95.0,0.3,Switch,0.8,0.0520999999999999,0.8521
203316,2,96.0,0.3,Repeat,1.0,0.0947,1.0947
203316,2,98.0,0.3,Switch,1.0,-0.0481,0.9519
203316,2,100.0,0.3,Repeat,1.2,-0.3254999999999999,0.8745
203316,2,101.0,0.7,Switch,1.0,0.0575000000000001,1.0575
203316,2,102.0,0.3,Switch,1.4,-0.2505999999999997,1.1494000000000002
203316,2,103.0,0.7,Switch,1.2,-0.1977999999999999,1.0022
203316,2,104.0,0.7,Repeat,1.6,-0.4689000000000001,1.1311
203316,2,105.0,0.3,Switch,1.6,-0.2695000000000001,1.3305
203316,2,106.0,0.3,Repeat,1.2,-0.048,1.152
203316,2,107.0,0.7,Switch,0.8,0.1271,0.9271
203316,2,108.0,0.7,Repeat,1.4,-0.2221999999999999,1.1778
203316,2,109.0,0.3,Switch,1.0,0.0572999999999999,1.0573
203316,2,110.0,0.3,Repeat,1.4,-0.1514999999999999,1.2485
203316,2,111.0,0.3,Repeat,1.4,-0.1516999999999999,1.2483
203316,2,112.0,0.7,Switch,0.8,0.2252,1.0252
203316,2,113.0,0.3,Switch,1.6,-0.2947000000000002,1.3053
203316,2,114.0,0.7,Switch,0.8,0.1297,0.9297
203316,2,115.0,0.3,Switch,1.2,-0.0924,1.1076
203316,2,116.0,0.7,Switch,1.0,0.2809999999999999,1.281
203316,2,117.0,0.7,Repeat,1.4,0.0305000000000001,1.4305
203316,2,118.0,0.3,Switch,0.8,0.2032999999999998,1.0033
203316,2,119.0,0.7,Switch,1.6,-0.5720000000000001,1.028
203316,2,121.0,0.7,Switch,1.0,0.2040999999999999,1.2041
203316,2,122.0,0.7,Repeat,1.2,0.0012,1.2012
203316,2,123.0,0.3,Switch,1.2,-0.0217,1.1783
203316,2,124.0,0.3,Repeat,1.2,-0.0254,1.1746
203316,2,125.0,0.3,Repeat,1.6,-0.2410000000000001,1.359
203316,2,126.0,0.3,Repeat,1.2,0.1993,1.3993
203316,2,127.0,0.3,Repeat,1.4,0.2282000000000001,1.6282
203316,2,128.0,0.7,Switch,0.8,0.1511,0.9511
203316,2,129.0,0.3,Switch,0.8,0.2777999999999998,1.0778
203316,2,130.0,0.3,Repeat,0.8,0.004,0.804
203316,2,131.0,0.3,Repeat,0.8,0.0047999999999999,0.8048
203316,2,132.0,0.3,Repeat,1.0,-0.0958999999999999,0.9041
203316,2,133.0,0.3,Repeat,1.4,-0.2715999999999998,1.1284
203316,2,134.0,0.7,Switch,0.8,0.2027000000000001,1.0027
203316,2,135.0,0.3,Switch,1.4,-0.3217999999999998,1.0782
203316,2,136.0,0.7,Switch,1.4,-0.3189999999999999,1.081
203316,2,137.0,0.7,Repeat,1.2,-0.2224999999999999,0.9775
203316,2,138.0,0.7,Repeat,1.2,-0.1921999999999999,1.0078
203316,2,139.0,0.3,Switch,1.0,0.1722999999999999,1.1723
203316,2,140.0,0.7,Switch,1.0,-0.1457,0.8543
203316,2,142.0,0.7,Switch,1.4,-0.2660999999999998,1.1339
203316,2,143.0,0.7,Repeat,1.6,-0.2215,1.3785
203316,2,144.0,0.3,Switch,1.0,-0.0443999999999999,0.9556
203316,2,145.0,0.7,Switch,0.8,-0.2038999999999999,0.5961000000000001
203316,2,148.0,0.7,Repeat,1.0,-0.1199,0.8801
203316,2,149.0,0.7,Repeat,1.6,-0.5144000000000002,1.0856
203316,2,151.0,0.3,Switch,0.8,-0.0727999999999999,0.7272000000000001
203316,2,152.0,0.3,Repeat,1.4,-0.2768999999999999,1.1231
203316,2,153.0,0.7,Switch,0.8,0.0028999999999999,0.8029
203316,2,154.0,0.7,Repeat,1.0,-0.0998,0.9002
203316,2,155.0,0.7,Repeat,1.2,-0.1436999999999999,1.0563
203316,2,156.0,0.7,Repeat,1.4,-0.1484999999999998,1.2515
203316,2,157.0,0.7,Repeat,1.0,0.2986,1.2986
203316,2,158.0,0.7,Repeat,1.6,-0.1494000000000002,1.4506
203316,2,159.0,0.3,Switch,1.0,-0.0027999999999999,0.9972
203316,2,160.0,0.3,Repeat,1.6,-0.2179000000000002,1.3821
203316,2,161.0,0.7,Switch,0.8,0.0992999999999999,0.8993
203316,2,162.0,0.3,Switch,1.4,0.0367999999999999,1.4368
203316,2,163.0,0.3,Repeat,1.2,-0.0015999999999998,1.1984
203316,2,164.0,0.7,Switch,1.4,-0.1238999999999999,1.2761
203316,2,165.0,0.3,Switch,1.6,-0.3944000000000001,1.2056
203316,2,166.0,0.3,Repeat,1.0,0.0091000000000001,1.0091
203316,2,167.0,0.3,Repeat,1.2,-0.0017999999999998,1.1982000000000002
203316,2,168.0,0.3,Repeat,0.8,0.3047999999999999,1.1048
203316,2,169.0,0.3,Repeat,1.2,-0.2323999999999999,0.9676
203316,2,170.0,0.7,Switch,1.6,-0.2452,1.3548
203316,2,171.0,0.3,Switch,1.4,-0.1705999999999998,1.2294
203316,2,172.0,0.7,Switch,1.4,-0.2239999999999999,1.176
203316,2,173.0,0.3,Switch,1.6,-0.3463,1.2537
203316,2,174.0,0.3,Repeat,0.8,0.0784999999999999,0.8785
203316,2,175.0,0.7,Switch,0.8,0.0,0.8
203316,2,176.0,0.7,Repeat,1.0,-0.0939999999999999,0.906
203316,2,178.0,0.7,Switch,1.2,0.0310000000000001,1.231
203316,2,179.0,0.7,Repeat,1.6,-0.0267999999999999,1.5732000000000002
203316,2,181.0,0.3,Switch,0.8,0.0797,0.8797
203316,2,182.0,0.3,Repeat,1.6,-0.1493,1.4507
203316,2,183.0,0.3,Repeat,1.2,0.1297000000000001,1.3297
203316,2,185.0,0.7,Repeat,1.0,-0.0126,0.9874
203316,2,186.0,0.7,Repeat,1.2,-0.0215999999999998,1.1784
203316,2,187.0,0.3,Switch,1.6,0.1300999999999998,1.7301
203316,2,188.0,0.7,Switch,0.8,-0.0289,0.7711
203316,2,189.0,0.3,Switch,1.0,-0.0378999999999999,0.9621
203316,2,190.0,0.3,Repeat,1.0,0.0040999999999999,1.0041
203316,2,191.0,0.3,Repeat,1.2,-0.3158999999999999,0.8841
203316,2,192.0,0.7,Switch,1.0,-0.3275,0.6725
203316,2,193.0,0.7,Repeat,1.6,-0.4517000000000002,1.1483
203316,2,194.0,0.7,Repeat,1.2,-0.1955,1.0045
203316,2,195.0,0.7,Repeat,1.2,-0.0512999999999999,1.1487
203316,2,197.0,0.7,Switch,1.6,-0.4260000000000001,1.174
203316,2,198.0,0.3,Switch,0.8,0.2265999999999999,1.0266
203316,2,199.0,0.7,Switch,0.8,0.1281,0.9281
203316,2,200.0,0.7,Repeat,1.6,-0.2222999999999999,1.3777
203316,2,201.0,0.3,Switch,1.4,-0.1011999999999999,1.2988
203316,2,202.0,0.3,Repeat,1.0,0.2299999999999999,1.23
203316,2,203.0,0.3,Repeat,0.8,0.2306999999999999,1.0307
203316,2,204.0,0.3,Repeat,1.2,-0.0706999999999999,1.1293
203316,2,205.0,0.7,Switch,1.4,-0.5477,0.8523
203316,2,206.0,0.7,Repeat,0.8,0.1778999999999999,0.9779
203316,2,207.0,0.3,Switch,1.4,-0.2719,1.1281
203316,2,208.0,0.7,Switch,1.0,0.2564999999999999,1.2565
203316,2,209.0,0.3,Switch,1.4,-0.2727999999999999,1.1272
203316,2,211.0,0.3,Switch,0.8,0.4539999999999999,1.254
203316,2,212.0,0.7,Switch,1.0,0.0509000000000001,1.0509000000000002
203316,2,213.0,0.7,Repeat,0.8,0.1263999999999999,0.9264
203316,2,214.0,0.7,Repeat,1.2,0.0004999999999999,1.2005
203316,2,215.0,0.3,Switch,1.6,-0.2954000000000001,1.3046
203316,2,216.0,0.3,Repeat,0.8,0.1040999999999999,0.9041
203316,2,217.0,0.3,Repeat,1.0,-0.1738999999999999,0.8261000000000001
203316,2,218.0,0.7,Switch,1.0,0.0024999999999999,1.0025
203316,2,219.0,0.3,Switch,1.2,-0.0807,1.1193
203316,2,220.0,0.3,Repeat,1.6,-0.3186,1.2814
203316,2,221.0,0.3,Repeat,1.0,0.0835999999999999,1.0836
203316,2,222.0,0.3,Repeat,0.8,0.3248999999999999,1.1249
203316,2,223.0,0.3,Repeat,1.2,-0.0919999999999998,1.108
203316,2,224.0,0.7,Switch,1.4,-0.4159999999999999,0.984
203316,2,226.0,0.3,Repeat,1.6,-0.5719000000000001,1.0281
203316,2,227.0,0.3,Repeat,1.4,-0.2241999999999999,1.1758
203316,2,228.0,0.7,Switch,0.8,-0.0796000000000001,0.7203999999999999
203316,2,229.0,0.3,Switch,1.0,-0.0932999999999999,0.9067
203316,2,230.0,0.7,Switch,1.2,-0.1976,1.0024
203316,2,231.0,0.3,Switch,1.4,-0.0942999999999998,1.3057
203316,2,232.0,0.7,Switch,1.6,-0.2962000000000002,1.3037999999999998
203316,2,233.0,0.7,Repeat,1.4,-0.3754999999999999,1.0245
203316,2,234.0,0.7,Repeat,1.6,-0.016,1.584
203316,2,235.0,0.7,Repeat,1.4,-0.0222999999999997,1.3777
203316,2,236.0,0.7,Repeat,1.6,-0.0168000000000001,1.5832
203316,2,237.0,0.7,Repeat,0.8,-0.0697999999999999,0.7302000000000001
203316,2,238.0,0.3,Switch,1.2,-0.1262000000000001,1.0738
203316,2,239.0,0.7,Switch,1.2,-0.0440999999999998,1.1559
203316,2,241.0,0.7,Repeat,1.0,0.0056,1.0056
203316,2,242.0,0.3,Switch,1.6,-0.2453,1.3547
203316,2,243.0,0.3,Repeat,1.0,0.1262000000000001,1.1262
203316,2,244.0,0.3,Repeat,1.2,-0.0197999999999998,1.1802
203316,2,245.0,0.7,Switch,1.6,-0.5235000000000001,1.0765
203316,2,246.0,0.3,Switch,1.4,-0.2252,1.1747999999999998
203316,2,247.0,0.3,Repeat,1.6,-0.5269000000000001,1.0731
203316,2,248.0,0.3,Repeat,1.0,0.1035999999999999,1.1036
203316,2,249.0,0.7,Switch,0.8,0.1789999999999999,0.979
203316,2,250.0,0.7,Repeat,1.6,-0.2492000000000001,1.3508
203316,2,251.0,0.7,Repeat,1.4,0.1023,1.5023
203316,2,252.0,0.7,Repeat,1.2,0.1755,1.3755
203316,2,253.0,0.3,Switch,1.2,0.0020999999999999,1.2021
203316,2,254.0,0.7,Switch,1.0,-0.1942999999999999,0.8057000000000001
203316,2,255.0,0.3,Switch,0.8,0.0302999999999998,0.8302999999999999
203316,2,256.0,0.7,Switch,0.8,0.0302,0.8302
203316,2,257.0,0.7,Repeat,1.2,-0.0779,1.1221
203316,2,258.0,0.7,Repeat,1.4,-0.0242,1.3758
203316,2,259.0,0.3,Switch,1.4,-0.0754999999999999,1.3245
203316,2,260.0,0.7,Switch,1.6,-0.0018,1.5982
203316,2,261.0,0.3,Switch,1.0,0.0737000000000001,1.0737
203316,2,262.0,0.3,Repeat,1.2,0.0504999999999999,1.2505
203316,2,263.0,0.3,Repeat,0.8,-0.0517999999999999,0.7482000000000001
203316,2,264.0,0.7,Switch,1.2,0.1771,1.3771
203316,2,265.0,0.3,Switch,0.8,0.0786999999999999,0.8787
203316,2,266.0,0.3,Repeat,1.4,-0.1211999999999999,1.2788
203316,2,267.0,0.3,Repeat,1.6,-0.3479000000000001,1.2521
203316,2,268.0,0.7,Switch,1.4,-0.1665999999999998,1.2334
203316,2,269.0,0.7,Repeat,1.0,0.0552999999999999,1.0553
298043,2,32.0,0.3,Repeat,1.4,-0.3855999999999999,1.0144
298043,2,33.0,0.7,Switch,1.0,-0.3532,0.6467999999999999
298043,2,34.0,0.7,Repeat,0.8,-0.5766999999,0.2233000001
298043,2,35.0,0.3,Switch,0.8,-0.1498,0.6502
298043,2,36.0,0.7,Switch,1.4,-0.5832999999999998,0.8167000000000001
298043,2,37.0,0.7,Repeat,1.2,-0.3992,0.8008
298043,2,38.0,0.7,Repeat,1.2,-0.4483000001,0.7516999998999999
298043,2,39.0,0.7,Repeat,0.8,-0.0898000001000001,0.7101999998999999
298043,2,41.0,0.3,Switch,0.8,-0.3491000000000001,0.4508999999999999
298043,2,42.0,0.3,Repeat,1.2,-0.5727,0.6273
298043,2,43.0,0.3,Repeat,1.6,-0.2265999999999999,1.3734000000000002
298043,2,44.0,0.3,Repeat,1.6,-0.1166,1.4834
298043,2,45.0,0.7,Switch,1.6,-0.0073,1.5927
298043,2,46.0,0.3,Switch,1.6,-0.4352,1.1648
298043,2,47.0,0.3,Repeat,1.2,0.1585,1.3585
298043,2,48.0,0.3,Repeat,0.8,0.2397,1.0397
298043,2,50.0,0.3,Repeat,1.0,-0.3486,0.6514
298043,2,51.0,0.7,Switch,1.4,-0.3825999999999998,1.0174
298043,2,52.0,0.7,Repeat,1.0,-0.0204999999999999,0.9795
298043,2,53.0,0.3,Switch,1.4,-0.2874999999999998,1.1125
298043,2,54.0,0.7,Switch,1.0,0.1354000000000002,1.1354000000000002
298043,2,55.0,0.7,Repeat,1.6,-0.1828,1.4172
298043,2,56.0,0.7,Repeat,1.2,0.4542999999999999,1.6543
298043,2,57.0,0.3,Switch,1.0,0.1023,1.1023
298043,2,59.0,0.7,Repeat,1.6,-0.1905000000000001,1.4095
298043,2,61.0,0.7,Switch,1.2,0.0190000000000001,1.219
298043,2,62.0,0.3,Switch,1.0,-0.0328000001,0.9671999999
298043,2,63.0,0.7,Switch,1.6,-0.1431,1.4569
298043,2,64.0,0.7,Repeat,1.2,0.0322999999999999,1.2323
298043,2,65.0,0.3,Switch,1.2,-0.2544999999999999,0.9455
298043,2,66.0,0.3,Repeat,1.4,0.1880000000000001,1.588
298043,2,67.0,0.7,Switch,1.2,0.4187,1.6187
298043,2,68.0,0.7,Repeat,1.4,-0.0307999999999999,1.3692
298043,2,69.0,0.3,Switch,1.2,0.0594000000000001,1.2594
298043,2,70.0,0.3,Repeat,0.8,0.2851999999999999,1.0852
298043,2,71.0,0.3,Repeat,0.8,0.2434,1.0434
298043,2,72.0,0.7,Switch,1.0,-0.1483999999999999,0.8516
298043,2,73.0,0.7,Repeat,0.8,-0.1335,0.6665
298043,2,74.0,0.7,Repeat,1.4,-0.3325,1.0675
298043,2,75.0,0.3,Switch,1.0,-0.5170999999,0.4829000001
298043,2,76.0,0.7,Switch,1.0,-0.1609000001,0.8390999999
298043,2,77.0,0.7,Repeat,1.0,-0.1052,0.8947999999999999
298043,2,78.0,0.7,Repeat,1.6,-0.2491000000000001,1.3509
298043,2,79.0,0.3,Switch,1.2,0.4007,1.6007
298043,2,80.0,0.3,Repeat,1.6,-0.4382000000000001,1.1618
298043,2,81.0,0.7,Switch,0.8,0.2158999999999999,1.0159
298043,2,82.0,0.7,Repeat,1.6,-0.2080000000000001,1.392
298043,2,83.0,0.7,Repeat,1.4,-0.0557999999999998,1.3442
298043,2,84.0,0.7,Repeat,0.8,0.2555,1.0555
298043,2,86.0,0.3,Repeat,1.0,-0.0740999998999999,0.9259000001
298043,2,88.0,0.3,Repeat,0.8,-0.1520999999,0.6479000001
298043,2,89.0,0.3,Repeat,1.4,-0.4331999999999999,0.9668
298043,2,91.0,0.3,Switch,1.0,-0.0159,0.9841
298043,2,92.0,0.7,Switch,0.8,-0.3725,0.4275
298043,2,93.0,0.7,Repeat,0.8,0.3185999999999998,1.1185999999999998
298043,2,94.0,0.7,Repeat,1.2,0.1067,1.3067
298043,2,95.0,0.7,Repeat,1.0,-0.0178000001,0.9821999999
298043,2,96.0,0.3,Switch,1.4,-0.3507999999999998,1.0492
298043,2,97.0,0.7,Switch,1.6,-0.0819,1.5181
298043,2,98.0,0.7,Repeat,1.2,-0.2987999999999999,0.9012
298043,2,99.0,0.7,Repeat,1.4,-0.25,1.15
298043,2,100.0,0.3,Switch,1.2,-0.2320999999999999,0.9679
298043,2,101.0,0.7,Switch,1.2,0.0667999999999999,1.2668
298043,2,102.0,0.3,Switch,1.6,-0.3907,1.2093
298043,2,103.0,0.3,Repeat,1.2,-0.1799999999999999,1.02
298043,2,105.0,0.7,Switch,1.4,-0.2077999999999997,1.1922
298043,2,107.0,0.3,Repeat,1.2,0.2439000000000002,1.4439000000000002
298043,2,108.0,0.3,Repeat,0.8,-0.1325,0.6675
298043,2,109.0,0.7,Switch,1.6,-0.1622000000000001,1.4378
298043,2,110.0,0.3,Switch,1.0,0.4687000000000001,1.4687
298043,2,112.0,0.7,Switch,0.8,0.0868999999999999,0.8869
298043,2,113.0,0.7,Repeat,1.0,0.0802,1.0802
298043,2,115.0,0.7,Switch,1.6,-0.1735,1.4265
298043,2,116.0,0.7,Repeat,1.4,-0.0822,1.3178
298043,2,117.0,0.3,Switch,1.4,-0.1398999999999999,1.2601
298043,2,119.0,0.3,Repeat,0.8,0.1507,0.9507
298043,2,121.0,0.3,Repeat,1.2,0.0504999999999999,1.2505
298043,2,122.0,0.7,Switch,0.8,-0.2483000001,0.5516999999
298043,2,123.0,0.7,Repeat,1.6,0.0829999999999999,1.683
298043,2,124.0,0.3,Switch,0.8,0.1331999999999999,0.9332
298043,2,125.0,0.7,Switch,1.0,0.0064999999999999,1.0065
298043,2,126.0,0.3,Switch,1.6,0.0509999999999999,1.651
298043,2,127.0,0.3,Repeat,1.0,0.0734999999999999,1.0735
298043,2,128.0,0.7,Switch,1.6,-0.4982999999999999,1.1017
298043,2,129.0,0.7,Repeat,1.4,0.0572000000000001,1.4572
298043,2,130.0,0.3,Switch,0.8,0.1999999999999999,1.0
298043,2,131.0,0.7,Switch,0.8,0.3572999999999999,1.1573
298043,2,132.0,0.3,Switch,1.0,0.4520999999999999,1.4521
298043,2,133.0,0.7,Switch,0.8,0.4997999999999998,1.2997999999999998
298043,2,134.0,0.3,Switch,1.2,-0.2366,0.9634
298043,2,135.0,0.7,Switch,1.6,-0.2331,1.3669
298043,2,136.0,0.3,Switch,1.6,-0.4453,1.1547
298043,2,137.0,0.7,Switch,1.4,0.181,1.581
298043,2,138.0,0.3,Switch,1.4,-0.139,1.261
298043,2,139.0,0.7,Switch,1.0,0.5007999999999999,1.5008
298043,2,140.0,0.3,Switch,0.8,0.5477999999999998,1.3478
298043,2,141.0,0.7,Switch,1.2,0.012,1.212
298043,2,142.0,0.3,Switch,1.4,0.1807,1.5807
298043,2,143.0,0.7,Switch,1.0,-0.3302,0.6698
298043,2,144.0,0.7,Repeat,1.4,-0.3534999999999999,1.0465
298043,2,145.0,0.3,Switch,1.6,-0.3705,1.2295
298043,2,146.0,0.7,Switch,1.2,0.0855000000000001,1.2855
298043,2,147.0,0.3,Switch,1.2,-0.0535999999999998,1.1464
298043,2,148.0,0.3,Repeat,1.4,-0.3353999999999999,1.0646
298043,2,149.0,0.7,Switch,1.2,0.3664,1.5664
298043,2,151.0,0.7,Repeat,0.8,0.0031999999999999,0.8032
298043,2,152.0,0.3,Switch,1.2,-0.0702999999999998,1.1297
298043,2,153.0,0.3,Repeat,1.4,0.2842000000000002,1.6842
298043,2,154.0,0.3,Repeat,1.6,-0.3158000000000001,1.2842
298043,2,155.0,0.7,Switch,1.6,-0.1465,1.4535
298043,2,157.0,0.7,Switch,0.8,0.421,1.221
298043,2,158.0,0.7,Repeat,1.2,0.2696,1.4696
298043,2,159.0,0.7,Repeat,0.8,0.1651,0.9651
298043,2,160.0,0.7,Repeat,1.6,0.1504000000000001,1.7504000000000002
298043,2,161.0,0.3,Switch,1.6,0.0075999999999998,1.6076
298043,2,162.0,0.3,Repeat,1.0,0.4322999999999999,1.4323
298043,2,163.0,0.3,Repeat,1.0,0.1728,1.1728
298043,2,164.0,0.3,Repeat,1.6,-0.3640000000000001,1.236
298043,2,165.0,0.3,Repeat,1.2,-0.3500999998999998,0.8499000001000001
298043,2,166.0,0.7,Switch,1.6,-0.0164000000000001,1.5836
298043,2,167.0,0.7,Repeat,1.0,0.006,1.006
298043,2,168.0,0.3,Switch,1.2,-0.0974999999999999,1.1025
298043,2,169.0,0.3,Repeat,1.4,0.1427,1.5427
298043,2,170.0,0.7,Switch,1.0,0.29,1.29
298043,2,171.0,0.3,Switch,0.8,0.3499999999999998,1.15
298043,2,172.0,0.7,Switch,1.2,-0.0309999999999999,1.169
298043,2,173.0,0.3,Switch,1.0,-0.1293999999999999,0.8706
298043,2,174.0,0.7,Switch,1.2,0.0935000000000001,1.2935
298043,2,175.0,0.7,Repeat,1.4,-0.0366999999999999,1.3633
298043,2,176.0,0.7,Repeat,1.4,-0.0380999999999998,1.3619
298043,2,177.0,0.3,Switch,0.8,0.1664999999999999,0.9665
298043,2,178.0,0.3,Repeat,1.4,0.0099000000000002,1.4099000000000002
298043,2,179.0,0.7,Switch,1.4,-0.3415999999999999,1.0584
298043,2,181.0,0.3,Switch,1.2,0.1492,1.3492
298043,2,182.0,0.3,Repeat,1.0,0.4944999999999999,1.4945
298043,2,183.0,0.7,Switch,1.6,-0.2262000000000001,1.3738
298043,2,184.0,0.3,Switch,1.6,-0.1834000000000002,1.4166
298043,2,185.0,0.3,Repeat,0.8,0.4639,1.2639
298043,2,186.0,0.7,Switch,1.0,0.1995,1.1995
298043,2,187.0,0.3,Switch,0.8,0.4499999999999999,1.25
298043,2,188.0,0.7,Switch,1.4,-0.1358999999999999,1.2641
298043,2,189.0,0.3,Switch,1.4,-0.2997999999999998,1.1002
298043,2,190.0,0.3,Repeat,1.0,-0.0544999999999999,0.9455
298043,2,191.0,0.7,Switch,1.0,0.1714999999999999,1.1715
298043,2,192.0,0.3,Switch,1.0,0.2339,1.2339
298043,2,193.0,0.3,Repeat,1.2,-0.2134999999999999,0.9865
298043,2,194.0,0.7,Switch,0.8,0.2460999999999997,1.0460999999999998
298043,2,196.0,0.3,Repeat,1.2,0.0167000000000001,1.2167
298043,2,197.0,0.7,Switch,1.2,0.0147000000000001,1.2147
298043,2,198.0,0.7,Repeat,1.2,0.1809,1.3809
298043,2,199.0,0.3,Switch,1.4,-0.3968999999999998,1.0031
298043,2,200.0,0.3,Repeat,0.8,0.3745999999999998,1.1746
298043,2,201.0,0.7,Switch,1.6,-0.3139000000000003,1.2860999999999998
298043,2,202.0,0.7,Repeat,1.2,-0.0817999999999998,1.1182
298043,2,203.0,0.3,Switch,1.6,-0.3452999999999999,1.2547
298043,2,204.0,0.3,Repeat,1.6,-0.2998,1.3002
298043,2,205.0,0.7,Switch,1.0,0.2739,1.2739
298043,2,206.0,0.7,Repeat,1.6,-0.4332,1.1668
298043,2,208.0,0.7,Repeat,1.4,0.0770000000000001,1.477
298043,2,209.0,0.7,Repeat,1.4,-0.4744000000999999,0.9255999999
298043,2,212.0,0.7,Repeat,1.0,0.3122,1.3122
298043,2,213.0,0.7,Repeat,0.8,0.2604999999999999,1.0605
298043,2,214.0,0.3,Switch,0.8,0.1715999998999998,0.9715999999
298043,2,215.0,0.3,Repeat,1.0,0.1431,1.1431
298043,2,216.0,0.7,Switch,1.0,0.2583,1.2583
298043,2,217.0,0.3,Switch,1.4,-0.1277999999999999,1.2722
298043,2,218.0,0.7,Switch,1.4,-0.3664,1.0336
298043,2,219.0,0.3,Switch,1.6,-0.175,1.425
298043,2,220.0,0.7,Switch,1.2,0.0012,1.2012
298043,2,221.0,0.7,Repeat,1.4,-0.0349999999999999,1.365
298043,2,222.0,0.3,Switch,1.4,0.3914000000000002,1.7914
298043,2,223.0,0.7,Switch,1.0,0.0183999999999999,1.0184
298043,2,224.0,0.7,Repeat,1.4,-0.0134,1.3865999999999998
298043,2,225.0,0.7,Repeat,1.6,-0.375,1.225
298043,2,226.0,0.3,Switch,0.8,-0.279,0.521
298043,2,227.0,0.7,Switch,1.6,0.0665999999999997,1.6666
298043,2,228.0,0.3,Switch,1.2,-0.2354999999999999,0.9645
298043,2,229.0,0.3,Repeat,1.2,-0.0179,1.1821
298043,2,231.0,0.7,Repeat,0.8,0.316,1.116
298043,2,232.0,0.3,Switch,1.0,-0.131,0.869
298043,2,233.0,0.3,Repeat,1.6,-0.5999000000000001,1.0001
298043,2,234.0,0.3,Repeat,1.2,-0.2832999999999999,0.9167
298043,2,235.0,0.3,Repeat,0.8,0.0829999999999999,0.883
298043,2,236.0,0.3,Repeat,1.4,-0.5656999998999999,0.8343000001
298043,2,237.0,0.3,Repeat,1.6,-0.5365000000000002,1.0635
298043,2,238.0,0.7,Switch,1.2,-0.0537,1.1463
298043,2,239.0,0.7,Repeat,1.2,-0.0383999999999999,1.1616
298043,2,241.0,0.3,Switch,1.6,-0.3325,1.2675
298043,2,242.0,0.7,Switch,1.6,-0.4571,1.1429
298043,2,243.0,0.3,Switch,0.8,0.1485999999999999,0.9486
298043,2,244.0,0.7,Switch,1.2,-0.0249000000000001,1.1750999999999998
298043,2,245.0,0.7,Repeat,1.2,0.0157,1.2157
298043,2,246.0,0.7,Repeat,1.4,0.0324000000000002,1.4324
298043,2,248.0,0.3,Switch,1.2,-0.2289999999999999,0.971
298043,2,249.0,0.3,Repeat,1.4,-0.4461999999999999,0.9538
298043,2,250.0,0.3,Repeat,1.0,0.1165999999999998,1.1165999999999998
298043,2,251.0,0.3,Repeat,0.8,0.1344999999999999,0.9345
298043,2,252.0,0.3,Repeat,1.0,-0.1997000000000001,0.8002999999999999
298043,2,253.0,0.3,Repeat,1.0,-0.2493000001,0.7506999998999999
298043,2,254.0,0.7,Switch,1.4,-0.4884999999999999,0.9115
298043,2,255.0,0.7,Repeat,1.0,-0.0664000001,0.9335999999
298043,2,256.0,0.3,Switch,1.4,-0.3070999999999999,1.0929
298043,2,257.0,0.7,Switch,1.0,0.3584,1.3584
298043,2,258.0,0.7,Repeat,0.8,0.4990999999999999,1.2991
298043,2,259.0,0.3,Switch,1.4,-0.4745999999999999,0.9254
298043,2,260.0,0.7,Switch,1.4,-0.3365999999999998,1.0634
298043,2,261.0,0.3,Switch,0.8,0.0911999999999999,0.8912
298043,2,263.0,0.3,Repeat,1.2,0.3119,1.5119
298043,2,264.0,0.7,Switch,0.8,0.1031999999999999,0.9032
298043,2,265.0,0.7,Repeat,1.0,0.2485999999999999,1.2486
298043,2,266.0,0.7,Repeat,0.8,0.2517,1.0517
298043,2,267.0,0.3,Switch,1.2,0.0518,1.2518
298043,2,268.0,0.3,Repeat,1.6,-0.2207000000000001,1.3793
298043,2,269.0,0.7,Switch,1.6,-0.2425999999999999,1.3574000000000002
372056,2,31.0,0.7,Repeat,1.0,-0.1334999999999999,0.8665
372056,2,32.0,0.7,Repeat,0.8,-0.3339,0.4661
372056,2,33.0,0.3,Switch,0.8,-0.0676000000000001,0.7323999999999999
372056,2,34.0,0.3,Repeat,1.2,-0.3568999999999999,0.8431000000000001
372056,2,37.0,0.3,Repeat,1.0,0.0186999999999999,1.0187
372056,2,38.0,0.7,Switch,1.2,-0.4142999999999999,0.7857000000000001
372056,2,39.0,0.7,Repeat,1.0,-0.1785,0.8215
372056,2,40.0,0.3,Switch,0.8,-0.1849,0.6151
372056,2,42.0,0.3,Switch,1.0,-0.2836000000000001,0.7163999999999999
372056,2,45.0,0.7,Repeat,1.2,-0.3847999999999999,0.8152
372056,2,46.0,0.3,Switch,1.6,-0.5510999999999999,1.0489000000000002
372056,2,49.0,0.3,Switch,1.2,0.1500000000000001,1.35
372056,2,51.0,0.7,Repeat,0.8,-0.0168,0.7832
372056,2,52.0,0.3,Switch,0.8,-0.0988999999999999,0.7011000000000001
372056,2,53.0,0.3,Repeat,1.0,-0.2845,0.7155
372056,2,55.0,0.7,Switch,0.8,-0.2013,0.5987
372056,2,57.0,0.3,Switch,1.2,-0.3429,0.8571
372056,2,59.0,0.7,Switch,1.4,-0.4507999999999998,0.9492
372056,2,61.0,0.7,Switch,1.0,-0.0844,0.9156
372056,2,62.0,0.3,Switch,1.6,0.0097,1.6097
372056,2,63.0,0.3,Repeat,1.0,0.2319999999999999,1.232
372056,2,66.0,0.3,Repeat,1.2,-0.2881,0.9119
372056,2,67.0,0.3,Repeat,0.8,-0.1867000000000001,0.6133
372056,2,69.0,0.3,Switch,1.0,-0.3752000000000001,0.6247999999999999
372056,2,71.0,0.3,Repeat,1.2,-0.5336,0.6664
372056,2,73.0,0.7,Switch,1.2,-0.3421999999999999,0.8578
372056,2,74.0,0.7,Repeat,0.8,0.0373999999999998,0.8373999999999999
372056,2,75.0,0.3,Switch,0.8,0.2346999999999999,1.0347
372056,2,76.0,0.3,Repeat,1.4,-0.5342,0.8657999999999999
372056,2,78.0,0.7,Switch,1.6,-0.5501,1.0499
372056,2,79.0,0.7,Repeat,1.6,-0.4944000000000002,1.1056
372056,2,80.0,0.7,Repeat,1.2,0.1799999999999999,1.38
372056,2,81.0,0.7,Repeat,1.0,0.2792000000000001,1.2792
372056,2,82.0,0.7,Repeat,0.8,0.4652999999999998,1.2653
372056,2,83.0,0.7,Repeat,1.2,-0.3075,0.8925
372056,2,84.0,0.7,Repeat,1.4,-0.2219,1.1781
372056,2,85.0,0.7,Repeat,1.0,-0.024,0.976
372056,2,86.0,0.7,Repeat,1.4,-0.4982,0.9018
372056,2,87.0,0.3,Switch,1.0,-0.267,0.733
372056,2,88.0,0.3,Repeat,0.8,-0.284,0.516
372056,2,89.0,0.7,Switch,0.8,-0.0841,0.7159
372056,2,91.0,0.3,Repeat,1.2,-0.4993999999999999,0.7006
372056,2,92.0,0.7,Switch,1.0,-0.2537,0.7463
372056,2,94.0,0.7,Switch,1.0,0.3668,1.3668
372056,2,95.0,0.3,Switch,1.6,-0.4765000000000001,1.1235
372056,2,96.0,0.7,Switch,0.8,0.3319000000000001,1.1319
372056,2,98.0,0.3,Switch,1.2,-0.2187,0.9813
372056,2,99.0,0.7,Switch,1.4,0.2654000000000001,1.6654
372056,2,100.0,0.3,Switch,1.0,0.5817999999999999,1.5818
372056,2,101.0,0.3,Repeat,1.0,0.0709000000000001,1.0709000000000002
372056,2,102.0,0.7,Switch,0.8,0.0161999999999999,0.8162
372056,2,103.0,0.7,Repeat,1.4,-0.4769999999999998,0.923
372056,2,104.0,0.3,Switch,0.8,0.2834999999999998,1.0835
372056,2,107.0,0.7,Repeat,1.2,0.0447999999999999,1.2448
372056,2,108.0,0.3,Switch,0.8,0.2321999999999999,1.0322
372056,2,109.0,0.3,Repeat,1.2,-0.0755999999999998,1.1244
372056,2,110.0,0.3,Repeat,1.4,-0.0865,1.3135
372056,2,111.0,0.7,Switch,1.4,-0.0704,1.3296
372056,2,112.0,0.3,Switch,1.4,0.1155000000000001,1.5155
372056,2,113.0,0.7,Switch,1.6,-0.2551000000000001,1.3449
372056,2,115.0,0.7,Switch,0.8,0.5814999999999999,1.3815
372056,2,117.0,0.7,Switch,1.0,-0.1203999999999999,0.8796
372056,2,118.0,0.3,Switch,1.4,-0.3998999999999999,1.0001
372056,2,121.0,0.3,Switch,1.0,0.2487999999999999,1.2488
372056,2,122.0,0.7,Switch,1.4,-0.0879,1.3120999999999998
372056,2,123.0,0.3,Switch,1.6,-0.3926,1.2074
372056,2,124.0,0.3,Repeat,1.6,-0.1427,1.4573
372056,2,125.0,0.3,Repeat,0.8,-0.0263999999999999,0.7736000000000001
372056,2,126.0,0.7,Switch,0.8,0.2826999999999999,1.0827
372056,2,127.0,0.3,Switch,0.8,-0.216,0.584
372056,2,128.0,0.7,Switch,1.0,-0.2836000000000001,0.7163999999999999
372056,2,129.0,0.7,Repeat,0.8,-0.0748999999999999,0.7251000000000001
372056,2,130.0,0.3,Switch,1.2,-0.4874999999999999,0.7125
372056,2,132.0,0.3,Repeat,1.6,-0.5528,1.0472
372056,2,133.0,0.7,Switch,1.0,0.0952999999999999,1.0953
372056,2,134.0,0.7,Repeat,1.2,-0.3079999999999999,0.892
372056,2,136.0,0.7,Repeat,1.2,-0.2675999999999999,0.9324
372056,2,137.0,0.3,Switch,1.4,0.1162,1.5162
372056,2,138.0,0.7,Switch,1.6,-0.5680000000000001,1.032
372056,2,139.0,0.3,Switch,1.0,0.1807999999999998,1.1807999999999998
372056,2,140.0,0.7,Switch,1.2,-0.4577,0.7423
372056,2,141.0,0.7,Repeat,1.0,-0.1918999999999999,0.8081
372056,2,142.0,0.3,Switch,1.0,-0.12,0.88
372056,2,143.0,0.3,Repeat,1.4,-0.2178999999999999,1.1821
372056,2,144.0,0.7,Switch,0.8,0.2942,1.0942
372056,2,146.0,0.7,Switch,1.4,-0.0448999999999999,1.3551
372056,2,147.0,0.3,Switch,1.2,0.4628000000000001,1.6628
372056,2,148.0,0.3,Repeat,0.8,0.1059999999999999,0.906
372056,2,149.0,0.7,Switch,1.4,-0.5599999999999999,0.84
372056,2,151.0,0.7,Repeat,1.0,-0.1868999999999999,0.8131
372056,2,152.0,0.7,Repeat,0.8,-0.0363,0.7637
372056,2,153.0,0.3,Switch,1.2,-0.5570999999999999,0.6429
372056,2,154.0,0.3,Repeat,1.2,-0.3419,0.8581
372056,2,155.0,0.3,Repeat,1.6,-0.4798,1.1202
372056,2,157.0,0.7,Switch,1.4,-0.3362,1.0638
372056,2,158.0,0.3,Switch,1.6,-0.2284000000000001,1.3716
372056,2,159.0,0.3,Repeat,1.4,0.2813000000000001,1.6813
372056,2,160.0,0.3,Repeat,1.0,0.4655,1.4655
372056,2,161.0,0.3,Repeat,1.4,-0.3521999999999998,1.0478
372056,2,162.0,0.3,Repeat,1.2,0.2122999999999999,1.4123
372056,2,165.0,0.7,Repeat,1.2,0.0925,1.2925
372056,2,166.0,0.7,Repeat,0.8,0.1642,0.9642
372056,2,167.0,0.7,Repeat,1.6,-0.5318,1.0682
372056,2,168.0,0.7,Repeat,1.0,0.0794000000000001,1.0794
372056,2,169.0,0.7,Repeat,1.0,0.0654999999999998,1.0655
372056,2,171.0,0.7,Repeat,1.2,-0.2883999999999999,0.9116
372056,2,173.0,0.7,Switch,1.2,-0.2677,0.9323
372056,2,174.0,0.3,Switch,0.8,0.0991999999999999,0.8992
372056,2,175.0,0.7,Switch,1.4,-0.238,1.162
372056,2,176.0,0.3,Switch,0.8,0.2298,1.0298
372056,2,179.0,0.3,Repeat,1.4,-0.5972,0.8028
372056,2,181.0,0.7,Switch,1.4,-0.1350999999999997,1.2649
372056,2,182.0,0.3,Switch,0.8,0.3730999999999997,1.1730999999999998
372056,2,183.0,0.7,Switch,0.8,0.3147,1.1147
372056,2,184.0,0.3,Switch,1.2,-0.0822,1.1178
372056,2,185.0,0.3,Repeat,1.2,0.0134,1.2134
372056,2,186.0,0.7,Switch,1.0,0.0167999999999999,1.0168
372056,2,187.0,0.7,Repeat,1.6,-0.5414000000000001,1.0586
372056,2,188.0,0.7,Repeat,1.4,-0.3335999999999999,1.0664
372056,2,189.0,0.7,Repeat,1.6,-0.3687,1.2313
372056,2,190.0,0.3,Switch,1.4,-0.4730999999999999,0.9269
372056,2,191.0,0.7,Switch,1.0,-0.018,0.982
372056,2,192.0,0.3,Switch,1.6,-0.3253000000000001,1.2747
372056,2,193.0,0.3,Repeat,1.0,-0.0915,0.9085
372056,2,194.0,0.3,Repeat,0.8,0.298,1.098
372056,2,195.0,0.7,Switch,1.0,-0.2437,0.7563
372056,2,196.0,0.7,Repeat,1.2,-0.4734999999999999,0.7265
372056,2,197.0,0.7,Repeat,1.2,-0.3015,0.8985
372056,2,198.0,0.7,Repeat,0.8,0.2509999999999999,1.051
372056,2,199.0,0.3,Switch,1.0,-0.1397,0.8603
372056,2,201.0,0.7,Repeat,0.8,0.0297999999999999,0.8298
372056,2,202.0,0.3,Switch,1.4,0.3152000000000001,1.7152
372056,2,203.0,0.3,Repeat,1.6,-0.5748,1.0252
372056,2,204.0,0.3,Repeat,0.8,0.3824000000000001,1.1824
372056,2,205.0,0.3,Repeat,1.0,0.0983,1.0983
372056,2,206.0,0.7,Switch,1.4,-0.5832999999999998,0.8167000000000001
372056,2,207.0,0.7,Repeat,1.2,-0.0925999999999998,1.1074000000000002
372056,2,211.0,0.7,Repeat,0.8,0.1471,0.9471
372056,2,212.0,0.7,Repeat,1.6,-0.5864,1.0136
372056,2,213.0,0.7,Repeat,1.4,-0.4877999999999999,0.9122
372056,2,214.0,0.3,Switch,1.0,0.0158,1.0158
372056,2,215.0,0.3,Repeat,1.4,-0.3499999999999998,1.05
372056,2,216.0,0.3,Repeat,1.0,0.3677999999999999,1.3678
372056,2,217.0,0.3,Repeat,0.8,-0.119,0.681
372056,2,218.0,0.7,Switch,1.4,-0.3762999999999998,1.0237
372056,2,220.0,0.7,Repeat,1.0,-0.3359999999999999,0.664
372056,2,221.0,0.3,Switch,1.2,-0.2512999999999998,0.9487
372056,2,223.0,0.3,Repeat,0.8,0.3077000000000001,1.1077
372056,2,224.0,0.7,Switch,0.8,0.2997999999999998,1.0998
372056,2,226.0,0.7,Switch,1.0,0.2319999999999999,1.232
372056,2,227.0,0.7,Repeat,1.2,-0.2217,0.9783
372056,2,228.0,0.3,Switch,1.4,-0.1387999999999998,1.2612
372056,2,229.0,0.3,Repeat,1.4,0.0350000000000001,1.435
372056,2,230.0,0.3,Repeat,1.0,0.0236,1.0236
372056,2,232.0,0.3,Switch,1.6,-0.4691000000000001,1.1309
372056,2,233.0,0.7,Switch,1.0,0.2154,1.2154
372056,2,234.0,0.7,Repeat,0.8,0.3115999999999999,1.1116
372056,2,235.0,0.3,Switch,1.2,-0.0020999999999997,1.1979000000000002
372056,2,236.0,0.7,Switch,1.4,-0.5974999999999999,0.8025
372056,2,237.0,0.3,Switch,0.8,0.1049999999999999,0.905
372056,2,238.0,0.7,Switch,1.2,-0.2718999999999999,0.9281
372056,2,239.0,0.3,Switch,1.2,-0.2362999999999999,0.9637
372056,2,241.0,0.7,Switch,1.4,-0.3185,1.0815
372056,2,243.0,0.3,Repeat,1.4,-0.3265999999999998,1.0734
372056,2,244.0,0.3,Repeat,1.0,0.4741999999999999,1.4742
372056,2,245.0,0.3,Repeat,0.8,-0.3372,0.4628
372056,2,247.0,0.3,Repeat,0.8,0.2919,1.0919
372056,2,249.0,0.7,Switch,1.0,-0.2359,0.7641
372056,2,250.0,0.7,Repeat,1.6,-0.2747000000000001,1.3253
372056,2,251.0,0.7,Repeat,0.8,-0.0581,0.7419
372056,2,252.0,0.7,Repeat,1.4,-0.5057999999999999,0.8942
372056,2,253.0,0.7,Repeat,1.0,-0.1200999999999999,0.8799
372056,2,254.0,0.3,Switch,1.2,-0.3012999999999999,0.8987
372056,2,255.0,0.3,Repeat,0.8,0.1373999999999999,0.9374
372056,2,256.0,0.7,Switch,0.8,-0.0637,0.7363
372056,2,258.0,0.3,Switch,1.2,0.0344999999999999,1.2345
372056,2,259.0,0.3,Repeat,1.4,-0.4490999999999999,0.9509
372056,2,260.0,0.3,Repeat,1.0,-0.1479,0.8521
372056,2,261.0,0.7,Switch,1.2,-0.2985,0.9015
372056,2,262.0,0.7,Repeat,1.2,-0.4082999999999999,0.7917000000000001
372056,2,263.0,0.7,Repeat,0.8,-0.3178000000000001,0.4821999999999999
372056,2,265.0,0.7,Repeat,1.2,-0.2484999999999999,0.9515
372056,2,266.0,0.7,Repeat,1.4,-0.5178999999999999,0.8821
372056,2,267.0,0.3,Switch,1.4,-0.1524000000000001,1.2475999999999998
372056,2,268.0,0.7,Switch,1.0,0.1754,1.1754
372056,2,269.0,0.3,Switch,1.2,-0.4201,0.7798999999999999
469417,2,31.0,0.3,Switch,1.0,-0.1556,0.8443999999999999
469417,2,32.0,0.3,Repeat,1.4,-0.2550999999999999,1.1449
469417,2,33.0,0.7,Switch,0.8,0.1097999999999999,0.9098
469417,2,34.0,0.3,Switch,0.8,0.1488999999999999,0.9489
469417,2,35.0,0.3,Repeat,1.4,-0.5243999999999999,0.8756
469417,2,36.0,0.3,Repeat,1.2,-0.4846,0.7153999999999999
469417,2,37.0,0.7,Switch,1.4,-0.3835999999999999,1.0164
469417,2,38.0,0.3,Switch,1.0,-0.0857,0.9143
469417,2,39.0,0.3,Repeat,0.8,-0.1104,0.6896
469417,2,40.0,0.3,Repeat,1.2,-0.2992999999999999,0.9007000000000001
469417,2,41.0,0.3,Repeat,1.0,-0.4762999999999999,0.5237
469417,2,42.0,0.7,Switch,1.6,-0.49,1.11
469417,2,43.0,0.3,Switch,1.4,0.3759000000000001,1.7759
469417,2,44.0,0.7,Switch,1.2,0.3174000000000001,1.5174
469417,2,45.0,0.7,Repeat,1.6,0.2994999999999999,1.8995
469417,2,46.0,0.7,Repeat,1.2,0.4177000000000002,1.6177
469417,2,47.0,0.7,Repeat,1.6,0.0912999999999999,1.6913
469417,2,48.0,0.7,Repeat,1.2,0.3839000000000001,1.5839
469417,2,50.0,0.7,Repeat,1.0,0.0672999999999999,1.0673
469417,2,51.0,0.7,Repeat,1.0,-0.1912999999999999,0.8087000000000001
469417,2,52.0,0.3,Switch,1.2,-0.0314999999999998,1.1685
469417,2,53.0,0.3,Repeat,1.6,0.2320999999999997,1.8321
469417,2,54.0,0.7,Switch,1.0,0.0777000000000001,1.0777
469417,2,55.0,0.3,Switch,1.6,0.0051999999999998,1.6052
469417,2,56.0,0.3,Repeat,1.6,-0.4720000000000002,1.128
469417,2,57.0,0.3,Repeat,0.8,0.5307,1.3307
469417,2,58.0,0.7,Switch,1.4,-0.1224999999999998,1.2775
469417,2,59.0,0.7,Repeat,0.8,0.4333,1.2333
469417,2,61.0,0.3,Switch,1.6,-0.2749000000000001,1.3251
469417,2,62.0,0.3,Repeat,1.0,0.3967,1.3967
469417,2,63.0,0.7,Switch,1.6,0.1289,1.7289
469417,2,64.0,0.7,Repeat,1.4,0.5318,1.9318
469417,2,65.0,0.7,Repeat,1.4,0.2723,1.6723
469417,2,66.0,0.3,Switch,0.8,0.1848999999999999,0.9849
469417,2,67.0,0.7,Switch,1.4,-0.2021999999999999,1.1978
469417,2,68.0,0.3,Switch,0.8,0.0803999999999999,0.8804
469417,2,69.0,0.3,Repeat,0.8,-0.0358,0.7642
469417,2,70.0,0.3,Repeat,1.4,-0.1313999999999999,1.2686
469417,2,71.0,0.7,Switch,1.6,-0.0710999999999999,1.5289
469417,2,72.0,0.7,Repeat,0.8,-0.0012,0.7988
469417,2,73.0,0.3,Switch,1.6,0.0742,1.6742
469417,2,74.0,0.3,Repeat,1.2,0.2952999999999999,1.4953
469417,2,75.0,0.7,Switch,1.2,0.5795999999999999,1.7795999999999998
469417,2,76.0,0.3,Switch,1.4,0.0530999999999999,1.4530999999999998
469417,2,77.0,0.3,Repeat,1.4,0.3274000000000001,1.7274
469417,2,78.0,0.7,Switch,1.2,0.4950999999999999,1.6950999999999998
469417,2,79.0,0.7,Repeat,1.2,-0.0242999999999999,1.1757
469417,2,80.0,0.7,Repeat,1.6,-0.0696000000000001,1.5304
469417,2,81.0,0.3,Switch,1.2,-0.4145999999999999,0.7854
469417,2,82.0,0.7,Switch,1.0,0.0957999999999998,1.0958
469417,2,83.0,0.3,Switch,1.0,0.1465999999999998,1.1465999999999998
469417,2,84.0,0.3,Repeat,1.6,-0.1432999999999999,1.4567
469417,2,85.0,0.3,Repeat,1.0,0.0332999999999998,1.0333
469417,2,86.0,0.3,Repeat,1.2,-0.3939999999999999,0.806
469417,2,87.0,0.7,Switch,0.8,0.2834000000000001,1.0834
469417,2,89.0,0.7,Repeat,1.0,0.3494000000000001,1.3494000000000002
469417,2,91.0,0.7,Repeat,1.2,-0.135,1.065
469417,2,92.0,0.3,Switch,1.0,-0.1613,0.8387
469417,2,93.0,0.3,Repeat,0.8,-0.0247,0.7753
469417,2,94.0,0.3,Repeat,0.8,0.0827999999999998,0.8827999999999999
469417,2,95.0,0.7,Switch,1.6,-0.2369000000000001,1.3631
469417,2,96.0,0.3,Switch,1.6,-0.1697000000000001,1.4303
469417,2,97.0,0.3,Repeat,0.8,0.1817999999999999,0.9818
469417,2,98.0,0.7,Switch,0.8,-0.0875,0.7125
469417,2,99.0,0.3,Switch,1.2,-0.4485,0.7515
469417,2,100.0,0.7,Switch,1.0,-0.2375,0.7625
469417,2,101.0,0.7,Repeat,1.0,0.2885,1.2885
469417,2,102.0,0.3,Switch,1.0,-0.307,0.693
469417,2,103.0,0.3,Repeat,1.6,-0.2725000000000002,1.3275
469417,2,104.0,0.3,Repeat,1.4,-0.0162999999999997,1.3837000000000002
469417,2,105.0,0.7,Switch,1.4,0.0157,1.4157
469417,2,107.0,0.7,Switch,1.2,-0.3048999999999999,0.8951
469417,2,109.0,0.7,Repeat,1.2,-0.1610999999999998,1.0389000000000002
469417,2,111.0,0.7,Switch,1.4,-0.0283999999999999,1.3716
469417,2,112.0,0.7,Repeat,0.8,0.3812,1.1812
469417,2,113.0,0.7,Repeat,1.4,-0.0009999999999998,1.399
469417,2,114.0,0.7,Repeat,1.0,-0.1070999999999999,0.8929
469417,2,115.0,0.3,Switch,1.2,-0.199,1.001
469417,2,116.0,0.7,Switch,1.6,-0.4640999999999999,1.1359
469417,2,117.0,0.3,Switch,1.2,-0.0819,1.1181
469417,2,118.0,0.3,Repeat,1.0,0.1673,1.1673
469417,2,119.0,0.3,Repeat,1.6,-0.3489000000000002,1.2511
469417,2,121.0,0.3,Repeat,0.8,-0.347,0.453
469417,2,122.0,0.7,Switch,1.0,-0.2382999999999999,0.7617
469417,2,124.0,0.3,Repeat,1.4,-0.1304,1.2695999999999998
469417,2,125.0,0.7,Switch,0.8,0.3802000000000001,1.1802
469417,2,126.0,0.7,Repeat,1.6,-0.5223,1.0777
469417,2,127.0,0.3,Switch,1.4,-0.0068999999999999,1.3931
469417,2,128.0,0.7,Switch,1.2,0.1012000000000001,1.3012
469417,2,129.0,0.7,Repeat,1.6,-0.1657999999999999,1.4342
469417,2,130.0,0.7,Repeat,1.0,0.1850999999999998,1.1850999999999998
469417,2,132.0,0.3,Repeat,1.2,-0.131,1.069
469417,2,133.0,0.3,Repeat,1.6,-0.24,1.36
469417,2,134.0,0.3,Repeat,1.0,-0.2641,0.7359
469417,2,135.0,0.7,Switch,1.0,0.0804,1.0804
469417,2,136.0,0.3,Switch,0.8,0.1467999999999999,0.9468
469417,2,137.0,0.3,Repeat,1.6,-0.1583000000000001,1.4417
469417,2,138.0,0.7,Switch,0.8,0.0142999999999998,0.8142999999999999
469417,2,139.0,0.7,Repeat,1.2,-0.2336,0.9664
469417,2,140.0,0.3,Switch,1.2,-0.2722,0.9278
469417,2,141.0,0.7,Switch,1.4,-0.2217,1.1783
469417,2,143.0,0.7,Switch,1.2,-0.2032,0.9968
469417,2,144.0,0.3,Switch,1.4,-0.5296,0.8704
469417,2,147.0,0.7,Repeat,0.8,0.1839999999999999,0.984
469417,2,148.0,0.7,Repeat,1.4,-0.3827,1.0173
469417,2,149.0,0.3,Switch,0.8,0.1983999999999999,0.9984
469417,2,151.0,0.7,Switch,0.8,-0.13,0.67
469417,2,152.0,0.3,Switch,0.8,-0.1402999999999999,0.6597000000000001
469417,2,153.0,0.3,Repeat,0.8,-0.1693,0.6307
469417,2,156.0,0.7,Switch,1.0,-0.2319,0.7681
469417,2,157.0,0.3,Switch,1.4,-0.3022,1.0978
469417,2,158.0,0.7,Switch,1.0,0.1976,1.1976
469417,2,160.0,0.3,Repeat,1.2,0.1989,1.3989
469417,2,161.0,0.7,Switch,1.6,-0.3266,1.2734
469417,2,163.0,0.7,Repeat,1.2,-0.2702,0.9298
469417,2,164.0,0.3,Switch,1.6,-0.3811,1.2189
469417,2,165.0,0.3,Repeat,1.2,-0.2502999999999998,0.9497
469417,2,166.0,0.7,Switch,1.2,-0.4776,0.7223999999999999
469417,2,167.0,0.7,Repeat,1.4,-0.1085999999999998,1.2914
469417,2,168.0,0.7,Repeat,0.8,-0.0157,0.7843
469417,2,169.0,0.7,Repeat,0.8,0.2049999999999998,1.005
469417,2,170.0,0.7,Repeat,1.6,-0.2220000000000002,1.378
469417,2,171.0,0.7,Repeat,1.0,0.2357,1.2357
469417,2,172.0,0.7,Repeat,1.2,0.2309000000000001,1.4309
469417,2,173.0,0.3,Switch,1.4,-0.0722999999999998,1.3277
469417,2,174.0,0.7,Switch,1.4,-0.2702999999999997,1.1297
469417,2,175.0,0.3,Switch,1.4,-0.0460999999999998,1.3539
469417,2,176.0,0.3,Repeat,1.0,-0.1581,0.8419
469417,2,177.0,0.3,Repeat,1.0,-0.0357,0.9643
469417,2,179.0,0.7,Switch,1.6,-0.0150000000000001,1.585
469417,2,181.0,0.7,Switch,1.0,0.0067999999999999,1.0068
469417,2,183.0,0.7,Switch,1.2,0.5029000000000001,1.7029
469417,2,185.0,0.7,Switch,1.0,-0.2031,0.7968999999999999
469417,2,186.0,0.7,Repeat,0.8,-0.1037000000000001,0.6962999999999999
469417,2,189.0,0.7,Switch,1.4,-0.2087999999999998,1.1912
469417,2,190.0,0.3,Switch,1.2,-0.3591999999999999,0.8408
469417,2,191.0,0.7,Switch,0.8,0.2398,1.0398
469417,2,192.0,0.7,Repeat,1.6,-0.1897000000000002,1.4103
469417,2,193.0,0.3,Switch,1.6,-0.4426000000000001,1.1574
469417,2,197.0,0.3,Repeat,1.0,0.3594999999999999,1.3595
469417,2,198.0,0.3,Repeat,0.8,0.2375,1.0375
469417,2,200.0,0.7,Repeat,1.4,-0.1160999999999998,1.2839
469417,2,201.0,0.3,Switch,1.6,-0.2796,1.3204
469417,2,202.0,0.3,Repeat,1.0,-0.0471,0.9529
469417,2,203.0,0.7,Switch,1.4,-0.3649,1.0351
469417,2,204.0,0.3,Switch,1.4,-0.2506999999999999,1.1493
469417,2,205.0,0.3,Repeat,0.8,0.2231,1.0231
469417,2,206.0,0.7,Switch,1.6,0.0993999999999999,1.6994
469417,2,207.0,0.7,Repeat,1.2,-0.1980999999999999,1.0019
469417,2,208.0,0.7,Repeat,1.0,-0.0879999999999999,0.912
469417,2,212.0,0.3,Repeat,1.4,-0.2999,1.1001
469417,2,213.0,0.7,Switch,1.4,-0.1180999999999998,1.2819
469417,2,214.0,0.3,Switch,1.0,-0.0675,0.9325
469417,2,215.0,0.7,Switch,1.4,0.2291,1.6291
469417,2,216.0,0.3,Switch,1.0,0.1967000000000001,1.1967
469417,2,217.0,0.3,Repeat,0.8,0.0322999999999998,0.8322999999999999
469417,2,218.0,0.7,Switch,1.0,-0.3555,0.6445
469417,2,219.0,0.3,Switch,1.2,-0.3107,0.8893
469417,2,220.0,0.3,Repeat,1.6,-0.1355999999999999,1.4644
469417,2,221.0,0.7,Switch,1.2,0.0512000000000001,1.2512
469417,2,222.0,0.3,Switch,1.4,-0.1670999999999998,1.2329
469417,2,224.0,0.7,Switch,1.0,0.2134,1.2134
469417,2,225.0,0.7,Repeat,0.8,0.4265999999999998,1.2266
469417,2,227.0,0.3,Repeat,0.8,0.2575999999999998,1.0576
469417,2,229.0,0.7,Repeat,1.0,0.2475999999999998,1.2475999999999998
469417,2,230.0,0.7,Repeat,1.6,-0.2017000000000002,1.3983
469417,2,231.0,0.3,Switch,1.0,-0.0119,0.9881
469417,2,232.0,0.7,Switch,0.8,0.3180999999999998,1.1181
469417,2,233.0,0.7,Repeat,1.2,0.5117,1.7117
469417,2,234.0,0.7,Repeat,1.6,-0.2373,1.3627
469417,2,235.0,0.7,Repeat,1.2,0.0037,1.2037
469417,2,236.0,0.3,Switch,1.4,-0.2017,1.1983
469417,2,237.0,0.3,Repeat,1.2,0.0595999999999998,1.2595999999999998
469417,2,238.0,0.3,Repeat,1.6,-0.2935000000000001,1.3065
469417,2,239.0,0.7,Switch,1.6,-0.4515,1.1485
469417,2,241.0,0.7,Switch,1.2,0.2028000000000001,1.4028
469417,2,242.0,0.3,Switch,1.4,0.1432999999999999,1.5433
469417,2,243.0,0.3,Repeat,1.4,-0.1487,1.2513
469417,2,244.0,0.7,Switch,1.4,-0.3347999999999997,1.0652
469417,2,245.0,0.7,Repeat,1.4,0.3844000000000001,1.7844
469417,2,246.0,0.3,Switch,0.8,0.1790999999999999,0.9791
469417,2,247.0,0.3,Repeat,0.8,0.0962999999999999,0.8963
469417,2,248.0,0.7,Switch,1.6,-0.2502999999999999,1.3497
469417,2,249.0,0.3,Switch,1.2,-0.0827,1.1173
469417,2,250.0,0.7,Switch,1.4,-0.1754,1.2246
469417,2,252.0,0.3,Repeat,1.2,0.0321,1.2321
469417,2,254.0,0.3,Switch,0.8,0.5884,1.3884
469417,2,255.0,0.7,Switch,1.6,-0.4742999999999999,1.1257
469417,2,256.0,0.3,Switch,1.4,0.1371,1.5371
469417,2,257.0,0.7,Switch,1.2,-0.2608999999999999,0.9391
469417,2,258.0,0.7,Repeat,0.8,0.3874999999999999,1.1875
469417,2,259.0,0.7,Repeat,1.0,-0.1175,0.8825
469417,2,260.0,0.3,Switch,1.0,-0.0181999999999999,0.9818
469417,2,262.0,0.7,Repeat,1.0,0.5469000000000002,1.5469000000000002
469417,2,263.0,0.7,Repeat,1.2,0.4005000000000001,1.6005
469417,2,264.0,0.3,Switch,1.6,-0.1804000000000001,1.4196
469417,2,265.0,0.3,Repeat,1.2,-0.3783999999999999,0.8216
469417,2,266.0,0.7,Switch,1.0,0.1824000000000001,1.1824
469417,2,267.0,0.3,Switch,1.0,0.5762,1.5762
469417,2,268.0,0.3,Repeat,1.6,-0.4697000000000002,1.1303
469417,2,269.0,0.7,Switch,0.8,0.5354999999999999,1.3355
551900,2,31.0,0.7,Switch,1.6,-0.3374000000000001,1.2626
551900,2,32.0,0.7,Repeat,1.6,-0.3483,1.2517
551900,2,33.0,0.3,Switch,1.6,-0.2955000000000001,1.3045
551900,2,34.0,0.7,Switch,0.8,0.3827,1.1827
551900,2,35.0,0.3,Switch,1.4,-0.4952999999999998,0.9047
551900,2,36.0,0.3,Repeat,0.8,0.0462,0.8462000000000001
551900,2,37.0,0.7,Switch,1.0,-0.0742,0.9258
551900,2,38.0,0.7,Repeat,1.4,-0.1396999999999999,1.2603
551900,2,39.0,0.7,Repeat,1.0,0.0515000000000001,1.0515
551900,2,40.0,0.7,Repeat,1.2,-0.1997,1.0003
551900,2,41.0,0.3,Switch,1.2,-0.1667,1.0333
551900,2,42.0,0.3,Repeat,1.2,0.074,1.274
551900,2,43.0,0.3,Repeat,1.0,0.0023999999999999,1.0024
551900,2,44.0,0.7,Switch,1.6,-0.2961,1.3039
551900,2,45.0,0.7,Repeat,0.8,0.0247,0.8247000000000001
551900,2,46.0,0.7,Repeat,1.2,-0.1449,1.0551
551900,2,47.0,0.3,Switch,0.8,0.0212999999999998,0.8212999999999999
551900,2,48.0,0.7,Switch,1.4,0.0742,1.4742
551900,2,49.0,0.7,Repeat,0.8,0.1983999999999999,0.9984
551900,2,50.0,0.3,Switch,1.0,-0.0226,0.9774
551900,2,51.0,0.3,Repeat,1.4,-0.2960999999999998,1.1039
551900,2,52.0,0.7,Switch,1.0,-0.1483999999999999,0.8516
551900,2,53.0,0.3,Switch,0.8,0.1010999999999999,0.9011
551900,2,54.0,0.3,Repeat,1.0,-0.054,0.946
551900,2,55.0,0.3,Repeat,1.6,-0.3964000000000001,1.2036
551900,2,56.0,0.7,Switch,1.4,-0.3208,1.0792
551900,2,57.0,0.7,Repeat,1.2,-0.2263999999999999,0.9736
551900,2,58.0,0.3,Switch,1.2,0.0575999999999998,1.2575999999999998
551900,2,59.0,0.3,Repeat,1.6,-0.3686,1.2314
551900,2,61.0,0.7,Repeat,1.4,-0.1476999999999999,1.2523
551900,2,62.0,0.7,Repeat,1.6,-0.5404000000000002,1.0596
551900,2,63.0,0.3,Switch,1.6,-0.1691,1.4309
551900,2,64.0,0.3,Repeat,1.6,-0.3213000000000001,1.2787
551900,2,65.0,0.3,Repeat,1.2,-0.0972999999999999,1.1027
551900,2,66.0,0.7,Switch,1.2,-0.2216,0.9784
551900,2,67.0,0.3,Switch,1.6,-0.5023,1.0977
551900,2,68.0,0.7,Switch,1.0,0.1309,1.1309
551900,2,69.0,0.3,Switch,1.2,0.0069000000000001,1.2069
551900,2,70.0,0.3,Repeat,1.0,0.0478,1.0478
551900,2,71.0,0.7,Switch,1.6,-0.1956,1.4044
551900,2,72.0,0.7,Repeat,0.8,-0.0681,0.7319
551900,2,73.0,0.7,Repeat,1.6,-0.4965999999999999,1.1034000000000002
551900,2,74.0,0.7,Repeat,1.2,-0.1420999999999999,1.0579
551900,2,75.0,0.3,Switch,1.0,0.0525999999999999,1.0526
551900,2,76.0,0.3,Repeat,0.8,0.1782,0.9782
551900,2,77.0,0.7,Switch,1.4,-0.3264,1.0736
551900,2,78.0,0.7,Repeat,1.4,-0.0474000000000001,1.3525999999999998
551900,2,79.0,0.7,Repeat,1.0,0.0279,1.0279
551900,2,80.0,0.7,Repeat,1.0,0.1,1.1
551900,2,81.0,0.3,Switch,1.4,-0.1709999999999998,1.229
551900,2,82.0,0.3,Repeat,0.8,0.1060999999999999,0.9061
551900,2,83.0,0.3,Repeat,1.0,0.2269000000000001,1.2269
551900,2,84.0,0.7,Switch,1.2,0.1009000000000002,1.3009000000000002
551900,2,85.0,0.3,Switch,1.2,0.1391,1.3391
551900,2,87.0,0.3,Repeat,0.8,0.4810999999999998,1.2811
551900,2,88.0,0.7,Switch,0.8,0.1277999999999999,0.9278
551900,2,89.0,0.3,Switch,1.4,-0.2675999999999998,1.1324
551900,2,91.0,0.3,Switch,1.4,-0.1460999999999999,1.2539
551900,2,92.0,0.3,Repeat,1.0,0.1682999999999999,1.1683
551900,2,93.0,0.7,Switch,1.0,-0.1393999999999999,0.8606
551900,2,94.0,0.3,Switch,1.6,-0.5984,1.0016
551900,2,95.0,0.3,Repeat,0.8,0.0040999999999999,0.8041
551900,2,96.0,0.7,Switch,1.0,0.1071999999999999,1.1072
551900,2,97.0,0.7,Repeat,0.8,0.0043999999999999,0.8044
551900,2,98.0,0.7,Repeat,1.4,-0.0502999999999997,1.3497
551900,2,99.0,0.7,Repeat,1.4,-0.1654999999999999,1.2345
551900,2,100.0,0.3,Switch,1.6,-0.3715999999999999,1.2284000000000002
551900,2,101.0,0.3,Repeat,1.4,-0.3792999999999999,1.0207
551900,2,102.0,0.7,Switch,1.0,0.0055,1.0055
551900,2,103.0,0.3,Switch,1.2,-0.1282000000000001,1.0718
551900,2,104.0,0.7,Switch,1.6,-0.3913,1.2087
551900,2,105.0,0.3,Switch,1.0,-0.0492999999999999,0.9507
551900,2,106.0,0.3,Repeat,1.4,-0.2672999999999998,1.1327
551900,2,107.0,0.3,Repeat,1.0,0.1,1.1
551900,2,108.0,0.7,Switch,1.2,-0.1522999999999998,1.0477
551900,2,109.0,0.7,Repeat,0.8,0.1529999999999999,0.953
551900,2,110.0,0.7,Repeat,1.2,-0.1922999999999999,1.0077
551900,2,112.0,0.3,Switch,0.8,0.2299,1.0299
551900,2,113.0,0.7,Switch,1.6,-0.2987000000000002,1.3013
551900,2,114.0,0.3,Switch,1.2,-0.2712999999999999,0.9287
551900,2,116.0,0.3,Repeat,0.8,0.1712,0.9712
551900,2,117.0,0.7,Switch,1.2,-0.3277,0.8723
551900,2,118.0,0.7,Repeat,1.4,-0.1735999999999997,1.2264000000000002
551900,2,119.0,0.3,Switch,1.2,-0.0928,1.1072
551900,2,121.0,0.3,Repeat,1.6,-0.2465000000000001,1.3535
551900,2,122.0,0.7,Switch,1.4,-0.1987999999999998,1.2012
551900,2,123.0,0.3,Switch,1.4,-0.2915999999999998,1.1084
551900,2,124.0,0.7,Switch,1.0,0.1130999999999999,1.1131
551900,2,125.0,0.3,Switch,1.0,0.0506999999999999,1.0507
551900,2,126.0,0.3,Repeat,1.2,-0.121,1.079
551900,2,127.0,0.7,Switch,1.4,-0.2702,1.1298
551900,2,128.0,0.3,Switch,1.2,-0.046,1.154
551900,2,129.0,0.7,Switch,0.8,0.1044999999999999,0.9045
551900,2,130.0,0.7,Repeat,1.4,-0.2054,1.1946
551900,2,131.0,0.3,Switch,1.4,-0.0696999999999998,1.3303
551900,2,132.0,0.3,Repeat,0.8,0.0764999999999999,0.8765
551900,2,133.0,0.7,Switch,1.6,-0.4524000000000001,1.1476
551900,2,134.0,0.3,Switch,1.0,0.1287,1.1287
551900,2,135.0,0.3,Repeat,1.2,-0.2214999999999999,0.9785
551900,2,136.0,0.3,Repeat,1.4,-0.5922,0.8078
551900,2,137.0,0.7,Switch,0.8,0.0992999999999999,0.8993
551900,2,139.0,0.7,Repeat,1.2,-0.2473999999999999,0.9526
551900,2,140.0,0.7,Repeat,1.2,-0.1928999999999998,1.0071
551900,2,141.0,0.3,Switch,1.6,-0.4209000000000003,1.1790999999999998
551900,2,142.0,0.7,Switch,0.8,-0.0179,0.7821
551900,2,143.0,0.7,Repeat,1.6,-0.2950000000000001,1.305
551900,2,144.0,0.7,Repeat,1.0,-0.272,0.728
551900,2,145.0,0.7,Repeat,1.0,-0.2787999999999999,0.7212000000000001
551900,2,146.0,0.7,Repeat,1.2,-0.1251999999999999,1.0748
551900,2,147.0,0.3,Switch,0.8,-0.0457999999999999,0.7542000000000001
551900,2,149.0,0.3,Repeat,1.0,-0.1655999999999999,0.8344
551900,2,151.0,0.7,Repeat,0.8,-0.0015,0.7985
551900,2,152.0,0.7,Repeat,1.4,-0.4222999999999999,0.9777
551900,2,153.0,0.7,Repeat,1.6,-0.1215999999999999,1.4784000000000002
551900,2,154.0,0.7,Repeat,1.0,-0.0728999999999999,0.9271
551900,2,155.0,0.7,Repeat,0.8,0.0047,0.8047000000000001
551900,2,156.0,0.3,Switch,1.0,-0.0484999999999999,0.9515
551900,2,157.0,0.3,Repeat,1.6,-0.1704000000000001,1.4296
551900,2,158.0,0.7,Switch,1.0,-0.0969999999999999,0.903
551900,2,159.0,0.7,Repeat,1.4,-0.0697999999999998,1.3302
551900,2,160.0,0.3,Switch,1.2,0.1535999999999999,1.3536
551900,2,161.0,0.7,Switch,1.2,-0.0200999999999997,1.1799000000000002
551900,2,162.0,0.3,Switch,0.8,0.2259,1.0259
551900,2,163.0,0.7,Switch,1.6,-0.5009000000000001,1.0991
551900,2,164.0,0.7,Repeat,1.4,-0.3470999999999997,1.0529000000000002
551900,2,165.0,0.3,Switch,1.4,-0.1467,1.2533
551900,2,166.0,0.3,Repeat,1.2,0.0535000000000001,1.2535
551900,2,167.0,0.7,Switch,1.2,0.4031,1.6031
551900,2,168.0,0.7,Repeat,0.8,0.0456999999999999,0.8457
551900,2,169.0,0.3,Switch,0.8,0.2492999999999998,1.0493
551900,2,170.0,0.3,Repeat,0.8,0.0284999999999999,0.8285
551900,2,171.0,0.7,Switch,1.0,0.0214,1.0214
551900,2,172.0,0.3,Switch,1.2,-0.0162999999999999,1.1837
551900,2,173.0,0.7,Switch,1.2,-0.0446999999999999,1.1553
551900,2,174.0,0.3,Switch,1.0,0.1030999999999999,1.1031
551900,2,175.0,0.3,Repeat,1.6,-0.0957000000000001,1.5043
551900,2,176.0,0.3,Repeat,1.4,0.0544999999999999,1.4545
551900,2,177.0,0.3,Repeat,1.6,-0.0208000000000001,1.5792
551900,2,178.0,0.3,Repeat,1.0,0.1805000000000001,1.1805
551900,2,179.0,0.3,Repeat,1.4,-0.1204,1.2795999999999998
551900,2,181.0,0.7,Switch,1.0,0.2549999999999999,1.255
551900,2,182.0,0.3,Switch,1.2,0.0832999999999999,1.2833
551900,2,184.0,0.3,Switch,1.6,-0.3454000000000001,1.2546
551900,2,185.0,0.3,Repeat,1.2,0.0047999999999999,1.2048
551900,2,186.0,0.7,Switch,1.0,-0.0948999999999999,0.9051
551900,2,187.0,0.3,Switch,1.0,0.1339999999999999,1.134
551900,2,188.0,0.7,Switch,0.8,0.2266999999999999,1.0267
551900,2,189.0,0.3,Switch,1.2,-0.2966999999999999,0.9033
551900,2,190.0,0.7,Switch,0.8,0.0522,0.8522000000000001
551900,2,191.0,0.3,Switch,1.6,-0.2935000000000001,1.3065
551900,2,192.0,0.7,Switch,0.8,0.0847999999999998,0.8847999999999999
551900,2,194.0,0.3,Switch,0.8,0.4815999999999998,1.2816
551900,2,195.0,0.3,Repeat,1.0,-0.0751,0.9249
551900,2,196.0,0.7,Switch,1.6,-0.3726,1.2274
551900,2,197.0,0.3,Switch,1.0,0.1097000000000001,1.1097
551900,2,198.0,0.3,Repeat,0.8,0.1548999999999999,0.9549
551900,2,199.0,0.7,Switch,1.6,-0.4464000000000001,1.1536
551900,2,200.0,0.7,Repeat,1.4,0.2279999999999999,1.628
551900,2,201.0,0.7,Repeat,1.6,0.0051999999999998,1.6052
551900,2,202.0,0.7,Repeat,1.2,0.0818000000000001,1.2818
551900,2,203.0,0.7,Repeat,1.4,-0.0532999999999999,1.3467
551900,2,204.0,0.7,Repeat,1.2,-0.2405999999999999,0.9594
551900,2,206.0,0.3,Switch,1.4,-0.1457999999999999,1.2542
551900,2,207.0,0.3,Repeat,1.4,-0.2471999999999998,1.1528
551900,2,208.0,0.3,Repeat,1.6,-0.5453000000000001,1.0547
551900,2,209.0,0.3,Repeat,0.8,0.2502,1.0502
551900,2,211.0,0.3,Switch,1.0,0.2039000000000002,1.2039000000000002
551900,2,212.0,0.7,Switch,0.8,0.1009999999999999,0.901
551900,2,213.0,0.3,Switch,1.2,-0.1185,1.0815
551900,2,214.0,0.3,Repeat,0.8,0.0712999999999999,0.8713
551900,2,215.0,0.3,Repeat,1.2,0.0060999999999999,1.2061
551900,2,216.0,0.7,Switch,1.2,-0.0882999999999998,1.1117
551900,2,217.0,0.7,Repeat,1.0,0.2029,1.2029
551900,2,218.0,0.7,Repeat,1.0,0.0829000000000002,1.0829000000000002
551900,2,219.0,0.7,Repeat,1.6,-0.4244000000000001,1.1756
551900,2,220.0,0.7,Repeat,1.6,-0.2514000000000003,1.3485999999999998
551900,2,221.0,0.7,Repeat,1.2,0.0025999999999999,1.2026
551900,2,222.0,0.7,Repeat,1.4,-0.2710999999999999,1.1289
551900,2,223.0,0.7,Repeat,1.0,-0.0203999999999999,0.9796
551900,2,224.0,0.3,Switch,1.4,-0.2219999999999999,1.178
551900,2,225.0,0.3,Repeat,1.6,-0.2209000000000001,1.3791
551900,2,226.0,0.7,Switch,1.4,0.0279000000000002,1.4279000000000002
551900,2,227.0,0.7,Repeat,1.2,0.0527999999999999,1.2528
551900,2,228.0,0.3,Switch,1.4,0.205,1.605
551900,2,229.0,0.3,Repeat,1.6,-0.0447000000000001,1.5553
551900,2,230.0,0.7,Switch,0.8,0.1127,0.9127
551900,2,231.0,0.3,Switch,1.4,-0.0179,1.3821
551900,2,232.0,0.7,Switch,1.6,-0.221,1.379
551900,2,233.0,0.3,Switch,1.2,-0.0700999999999998,1.1299
551900,2,234.0,0.3,Repeat,1.0,0.1092999999999999,1.1093
551900,2,235.0,0.3,Repeat,1.0,-0.0214999999999999,0.9785
551900,2,236.0,0.3,Repeat,0.8,0.2281999999999999,1.0282
551900,2,237.0,0.3,Repeat,1.6,-0.2950000000000001,1.305
551900,2,238.0,0.3,Repeat,0.8,0.3282999999999998,1.1283
551900,2,239.0,0.7,Switch,0.8,-0.0005,0.7995
551900,2,241.0,0.3,Repeat,1.2,-0.3238999999999999,0.8761
551900,2,242.0,0.7,Switch,1.4,-0.1385999999999998,1.2614
551900,2,243.0,0.3,Switch,1.4,0.0047000000000001,1.4047
551900,2,244.0,0.7,Switch,1.2,0.0040999999999999,1.2041
551900,2,245.0,0.3,Switch,1.0,-0.1735,0.8265
551900,2,246.0,0.3,Repeat,0.8,-0.073,0.727
551900,2,247.0,0.7,Switch,1.2,0.0502,1.2502
551900,2,248.0,0.3,Switch,1.0,-0.1236,0.8764
551900,2,249.0,0.3,Repeat,1.6,-0.3478000000000001,1.2522
551900,2,250.0,0.3,Repeat,1.0,0.0279,1.0279
551900,2,251.0,0.7,Switch,1.0,0.0797000000000001,1.0797
551900,2,252.0,0.7,Repeat,0.8,0.3011999999999999,1.1012
551900,2,253.0,0.7,Repeat,1.6,-0.419,1.181
551900,2,254.0,0.3,Switch,1.6,-0.3452000000000002,1.2548
551900,2,255.0,0.7,Switch,1.6,-0.096,1.504
551900,2,256.0,0.3,Switch,0.8,0.1061999999999999,0.9062
551900,2,257.0,0.3,Repeat,1.4,-0.0962,1.3037999999999998
551900,2,258.0,0.3,Repeat,1.2,-0.0710999999999999,1.1289
551900,2,259.0,0.7,Switch,1.4,0.0545999999999999,1.4546
551900,2,260.0,0.7,Repeat,0.8,0.0054999999999999,0.8055
551900,2,261.0,0.7,Repeat,1.0,0.205,1.205
551900,2,262.0,0.3,Switch,1.6,-0.0950999999999999,1.5049
551900,2,263.0,0.7,Switch,1.0,0.0032999999999998,1.0033
551900,2,264.0,0.3,Switch,1.4,-0.1202999999999998,1.2797
551900,2,265.0,0.3,Repeat,1.2,-0.0192000000000001,1.1807999999999998
551900,2,266.0,0.7,Switch,1.2,0.0279,1.2279
551900,2,267.0,0.7,Repeat,0.8,0.0020999999999999,0.8021
551900,2,268.0,0.7,Repeat,1.4,-0.0190999999999998,1.3809
551900,2,269.0,0.7,Repeat,1.6,0.1042999999999998,1.7043
555268,2,31.0,0.3,Switch,1.0,-0.0667,0.9333
555268,2,32.0,0.7,Switch,1.6,-0.0381,1.5619
555268,2,33.0,0.3,Switch,1.4,-0.1073999999999999,1.2926
555268,2,34.0,0.3,Repeat,0.8,0.0191999999999999,0.8192
555268,2,35.0,0.3,Repeat,1.6,-0.1539000000000001,1.4461
555268,2,36.0,0.3,Repeat,1.0,0.0231000000000001,1.0231
555268,2,37.0,0.7,Switch,0.8,0.2663999999999999,1.0664
555268,2,38.0,0.7,Repeat,0.8,-0.0932,0.7068
555268,2,39.0,0.3,Switch,1.2,-0.2424999999999999,0.9575
555268,2,40.0,0.3,Repeat,1.6,-0.1544000000000001,1.4456
555268,2,41.0,0.7,Switch,1.6,0.0117,1.6117
555268,2,42.0,0.3,Switch,0.8,0.1238999999999999,0.9239
555268,2,43.0,0.7,Switch,1.0,0.1779000000000001,1.1779000000000002
555268,2,44.0,0.7,Repeat,1.2,0.0872000000000001,1.2872
555268,2,45.0,0.7,Repeat,1.0,-0.0271,0.9729
555268,2,46.0,0.3,Switch,1.6,-0.3133000000000001,1.2867
555268,2,47.0,0.7,Switch,1.2,-0.1059000000000001,1.0941
555268,2,48.0,0.3,Switch,1.0,0.3834999999999999,1.3835
555268,2,49.0,0.7,Switch,1.4,-0.1207999999999998,1.2792
555268,2,50.0,0.3,Switch,0.8,-0.0171000000000001,0.7828999999999999
555268,2,51.0,0.7,Switch,0.8,0.1165999999999999,0.9166
555268,2,52.0,0.7,Repeat,1.4,-0.2425999999999999,1.1574
555268,2,53.0,0.3,Switch,1.4,-0.4598999999999998,0.9401
555268,2,54.0,0.3,Repeat,1.2,0.0344999999999999,1.2345
555268,2,55.0,0.3,Repeat,1.4,-0.4296999999999999,0.9703
555268,2,56.0,0.7,Switch,1.4,-0.345,1.055
555268,2,57.0,0.7,Repeat,1.0,-9.9999999999989e-05,0.9999
555268,2,58.0,0.3,Switch,1.2,-0.2210999999999999,0.9789
555268,2,59.0,0.7,Switch,1.2,-0.1514999999999999,1.0485
555268,2,61.0,0.7,Repeat,1.4,-0.1115999999999999,1.2884
555268,2,62.0,0.7,Repeat,1.0,-0.1088,0.8912
555268,2,65.0,0.7,Switch,1.4,-0.4397999999999998,0.9602
555268,2,66.0,0.3,Switch,1.0,0.0312999999999998,1.0313
555268,2,72.0,0.3,Switch,1.4,-0.3936999999999999,1.0063
555268,2,73.0,0.7,Switch,1.2,-0.1104,1.0896
555268,2,74.0,0.3,Switch,1.4,-0.0454999999999998,1.3545
555268,2,75.0,0.3,Repeat,0.8,0.1305999999999999,0.9306
555268,2,77.0,0.7,Switch,1.2,0.2642,1.4642
555268,2,78.0,0.7,Repeat,1.0,0.1419999999999999,1.142
555268,2,79.0,0.3,Switch,0.8,0.4332,1.2332
555268,2,80.0,0.3,Repeat,1.2,0.0675000000000001,1.2675
555268,2,82.0,0.3,Switch,1.0,-0.0548999999999999,0.9451
555268,2,83.0,0.3,Repeat,1.6,-0.1455000000000001,1.4545
555268,2,84.0,0.7,Switch,0.8,0.4629999999999998,1.263
555268,2,85.0,0.3,Switch,1.2,0.3964000000000001,1.5964
555268,2,86.0,0.7,Switch,1.0,0.2295999999999998,1.2295999999999998
555268,2,87.0,0.3,Switch,1.4,-0.2692999999999999,1.1307
555268,2,88.0,0.7,Switch,1.6,-0.2330000000000001,1.367
555268,2,91.0,0.7,Switch,1.0,0.1357000000000001,1.1357000000000002
555268,2,93.0,0.7,Repeat,1.2,0.1912,1.3912
555268,2,94.0,0.3,Switch,0.8,0.0630999999999999,0.8631
555268,2,95.0,0.3,Repeat,1.0,0.0689999999999999,1.069
555268,2,96.0,0.7,Switch,1.6,-0.3637000000000001,1.2363
555268,2,97.0,0.7,Repeat,1.2,0.0810999999999999,1.2811
555268,2,98.0,0.7,Repeat,0.8,0.3152999999999999,1.1153
555268,2,99.0,0.3,Switch,1.4,-0.3914999999999999,1.0085
555268,2,100.0,0.3,Repeat,1.6,-0.1646,1.4354
555268,2,101.0,0.7,Switch,1.0,0.1794,1.1794
555268,2,102.0,0.3,Switch,0.8,-0.1212999999999999,0.6787000000000001
555268,2,103.0,0.7,Switch,0.8,0.1088999999999998,0.9089
555268,2,104.0,0.3,Switch,1.6,0.238,1.838
555268,2,105.0,0.3,Repeat,1.0,0.1347,1.1347
555268,2,106.0,0.7,Switch,1.2,0.1402000000000001,1.3402
555268,2,107.0,0.7,Repeat,1.4,-0.3159,1.0840999999999998
555268,2,108.0,0.7,Repeat,1.6,-0.4696,1.1304
555268,2,110.0,0.3,Repeat,1.4,-0.0011999999999998,1.3988
555268,2,111.0,0.3,Repeat,1.2,-0.0982999999999998,1.1017
555268,2,112.0,0.7,Switch,1.4,-0.0130999999999998,1.3869
555268,2,113.0,0.7,Repeat,1.0,0.1769,1.1769
555268,2,114.0,0.7,Repeat,0.8,0.0780999999999999,0.8781
555268,2,115.0,0.3,Switch,1.0,-0.0882,0.9118
555268,2,116.0,0.3,Repeat,1.2,0.0995999999999999,1.2996
555268,2,117.0,0.3,Repeat,1.4,0.1495999999999999,1.5496
555268,2,118.0,0.7,Switch,1.4,0.0633000000000001,1.4633
555268,2,119.0,0.3,Switch,1.2,0.2587999999999999,1.4588
555268,2,121.0,0.3,Repeat,1.6,-0.1708,1.4292
555268,2,122.0,0.7,Switch,1.0,0.2892000000000001,1.2892
555268,2,123.0,0.7,Repeat,1.6,-0.0710999999999999,1.5289
555268,2,124.0,0.7,Repeat,1.6,0.1681999999999999,1.7682
555268,2,125.0,0.7,Repeat,1.2,-0.0345999999999999,1.1654
555268,2,126.0,0.7,Repeat,0.8,0.1872,0.9872
555268,2,127.0,0.3,Switch,1.4,-0.1990999999999998,1.2009
555268,2,128.0,0.3,Repeat,1.0,0.189,1.189
555268,2,129.0,0.7,Switch,1.0,0.4642999999999999,1.4643
555268,2,130.0,0.3,Switch,1.6,-0.1728,1.4272
555268,2,131.0,0.3,Repeat,1.4,0.0084000000000001,1.4084
555268,2,132.0,0.7,Switch,1.4,-0.2422999999999999,1.1577
555268,2,133.0,0.7,Repeat,1.2,0.3534000000000001,1.5534
555268,2,134.0,0.3,Switch,0.8,0.2062999999999999,1.0063
555268,2,135.0,0.3,Repeat,1.4,-0.355,1.045
555268,2,136.0,0.7,Switch,0.8,0.0635999999999999,0.8636
555268,2,137.0,0.7,Repeat,1.2,0.2638,1.4638
555268,2,138.0,0.3,Switch,0.8,-0.0752,0.7248
555268,2,139.0,0.3,Repeat,1.2,-0.0566999999999999,1.1433
555268,2,140.0,0.7,Switch,1.4,-0.0697999999999998,1.3302
555268,2,142.0,0.3,Switch,0.8,0.1858999999999999,0.9859
555268,2,143.0,0.3,Repeat,1.0,0.0475999999999998,1.0476
555268,2,144.0,0.3,Repeat,1.6,-0.1431,1.4569
555268,2,145.0,0.7,Switch,1.6,0.0879,1.6879000000000002
555268,2,146.0,0.3,Switch,1.0,0.4644999999999999,1.4645
555268,2,147.0,0.7,Switch,0.8,0.1479999999999999,0.948
555268,2,148.0,0.7,Repeat,1.4,0.2012,1.6012
555268,2,149.0,0.3,Switch,1.2,-0.4059999999999999,0.794
555268,2,151.0,0.3,Switch,1.6,-0.08,1.52
555268,2,152.0,0.7,Switch,0.8,0.1077,0.9077
555268,2,153.0,0.7,Repeat,1.2,0.0695999999999998,1.2695999999999998
555268,2,154.0,0.3,Switch,1.4,-0.4993999999999998,0.9006000000000001
555268,2,155.0,0.7,Switch,1.0,-0.0110999999999999,0.9889
555268,2,156.0,0.7,Repeat,1.4,-0.4465999999999999,0.9534
555268,2,157.0,0.3,Switch,1.6,-0.0859,1.5141
555268,2,158.0,0.7,Switch,1.0,0.1765000000000001,1.1765
555268,2,159.0,0.7,Repeat,1.6,-0.3408,1.2592
555268,2,160.0,0.3,Switch,1.6,-0.1557000000000001,1.4443
555268,2,161.0,0.7,Switch,1.6,-0.0487999999999999,1.5512
555268,2,162.0,0.7,Repeat,1.4,-0.268,1.132
555268,2,163.0,0.7,Repeat,1.0,0.1047,1.1047
555268,2,164.0,0.3,Switch,1.2,0.3522,1.5522
555268,2,165.0,0.3,Repeat,1.2,-0.0779,1.1221
555268,2,167.0,0.3,Repeat,1.0,0.2527000000000001,1.2527
555268,2,168.0,0.7,Switch,0.8,-0.0133999999999999,0.7866000000000001
555268,2,169.0,0.7,Repeat,1.2,-0.0617999999999998,1.1382
555268,2,170.0,0.7,Repeat,1.2,-0.0524,1.1476
555268,2,171.0,0.3,Switch,1.2,-0.0571999999999999,1.1428
555268,2,172.0,0.3,Repeat,1.4,-0.4423999999999999,0.9576
555268,2,173.0,0.7,Switch,1.4,-0.1436999999999999,1.2563
555268,2,174.0,0.3,Switch,1.0,0.0967,1.0967
555268,2,175.0,0.3,Repeat,1.0,0.2869999999999999,1.287
555268,2,176.0,0.3,Repeat,1.4,-0.3324,1.0676
555268,2,177.0,0.3,Repeat,0.8,0.3302999999999998,1.1303
555268,2,181.0,0.7,Repeat,1.2,0.1263,1.3263
555268,2,182.0,0.3,Switch,1.0,0.0394000000000001,1.0394
555268,2,183.0,0.7,Switch,0.8,0.0769999999999999,0.877
555268,2,184.0,0.3,Switch,1.0,0.3059,1.3059
555268,2,185.0,0.7,Switch,0.8,-0.0309,0.7691
555268,2,186.0,0.7,Repeat,1.0,-0.1668999999999999,0.8331000000000001
555268,2,187.0,0.7,Repeat,1.6,-0.0261,1.5739
555268,2,188.0,0.7,Repeat,1.6,-0.3518000000000001,1.2482
555268,2,189.0,0.3,Switch,1.6,-0.086,1.514
555268,2,190.0,0.7,Switch,1.0,0.5227999999999999,1.5228
555268,2,191.0,0.7,Repeat,1.6,0.1456999999999999,1.7457
555268,2,192.0,0.3,Switch,1.2,0.2387999999999999,1.4388
555268,2,193.0,0.3,Repeat,0.8,0.5807,1.3807
555268,2,194.0,0.3,Repeat,0.8,0.0762999999999999,0.8763
555268,2,195.0,0.3,Repeat,1.6,-0.3518000000000001,1.2482
555268,2,196.0,0.7,Switch,1.2,-0.0797999999999998,1.1202
555268,2,197.0,0.3,Switch,1.4,-0.3282999999999998,1.0717
555268,2,198.0,0.3,Repeat,1.4,-0.5312999999999999,0.8687
555268,2,199.0,0.3,Repeat,0.8,-0.0841,0.7159
555268,2,200.0,0.3,Repeat,1.6,-0.3669000000000002,1.2331
555268,2,201.0,0.7,Switch,1.4,-0.1434999999999999,1.2565
555268,2,202.0,0.7,Repeat,1.4,-0.0059,1.3941
555268,2,203.0,0.3,Switch,1.4,-0.2827999999999999,1.1172
555268,2,204.0,0.3,Repeat,1.2,0.0224999999999999,1.2225
555268,2,205.0,0.7,Switch,1.0,0.1215999999999999,1.1216
555268,2,206.0,0.7,Repeat,1.2,0.2244000000000001,1.4244
555268,2,207.0,0.3,Switch,1.0,-0.1075,0.8925
555268,2,209.0,0.3,Switch,1.2,-0.2022,0.9978
555268,2,211.0,0.7,Repeat,0.8,-0.1008999999999999,0.6991
555268,2,212.0,0.3,Switch,1.6,-0.2667000000000001,1.3333
555268,2,213.0,0.7,Switch,1.2,-0.1590999999999998,1.0409000000000002
555268,2,214.0,0.3,Switch,1.4,-0.3137999999999998,1.0862
555268,2,215.0,0.3,Repeat,1.4,0.0990000000000002,1.499
555268,2,216.0,0.7,Switch,0.8,0.3942000000000001,1.1942000000000002
555268,2,218.0,0.3,Switch,1.6,0.0704,1.6704
555268,2,219.0,0.7,Switch,1.0,0.1915,1.1915
555268,2,220.0,0.3,Switch,1.0,0.0786999999999999,1.0787
555268,2,221.0,0.3,Repeat,0.8,-0.1034,0.6966
555268,2,222.0,0.7,Switch,1.6,-0.2109000000000001,1.3891
555268,2,223.0,0.3,Switch,1.2,0.3797999999999999,1.5798
555268,2,224.0,0.3,Repeat,1.4,-0.4105999999999999,0.9894
555268,2,225.0,0.7,Switch,1.4,-0.1809,1.2191
555268,2,226.0,0.7,Repeat,1.0,0.4607000000000001,1.4607
555268,2,227.0,0.7,Repeat,0.8,0.4758,1.2758
555268,2,228.0,0.7,Repeat,1.4,-0.0799999999999998,1.32
555268,2,229.0,0.7,Repeat,1.4,0.1248,1.5248
555268,2,230.0,0.7,Repeat,1.0,-0.1547999999999999,0.8452000000000001
555268,2,232.0,0.3,Repeat,1.2,0.1988000000000001,1.3988
555268,2,233.0,0.3,Repeat,1.6,-0.0687999999999999,1.5312
555268,2,234.0,0.7,Switch,1.6,-0.3235999999999999,1.2764000000000002
555268,2,235.0,0.3,Switch,1.2,0.2675,1.4675
555268,2,236.0,0.3,Repeat,1.0,0.5341,1.5341
555268,2,237.0,0.3,Repeat,1.0,-0.0737000000000001,0.9263
555268,2,238.0,0.7,Switch,1.2,0.1625999999999998,1.3625999999999998
555268,2,241.0,0.3,Switch,1.2,-0.145,1.055
555268,2,242.0,0.7,Switch,1.0,-0.0482,0.9518
555268,2,243.0,0.7,Repeat,1.6,0.1302999999999998,1.7303
555268,2,246.0,0.3,Switch,1.6,-0.3865,1.2135
555268,2,247.0,0.3,Repeat,1.0,0.2704000000000002,1.2704000000000002
555268,2,249.0,0.3,Repeat,1.2,-0.0337999999999998,1.1662
555268,2,250.0,0.3,Repeat,1.4,-0.1569,1.2431
555268,2,251.0,0.7,Switch,1.2,0.2244000000000001,1.4244
555268,2,252.0,0.7,Repeat,1.2,0.0802,1.2802
555268,2,253.0,0.7,Repeat,1.6,0.2488999999999999,1.8489
555268,2,254.0,0.3,Switch,1.4,-0.0471999999999999,1.3528
555268,2,255.0,0.3,Repeat,1.6,-0.0763,1.5237
555268,2,256.0,0.3,Repeat,1.6,-0.0667999999999999,1.5332
555268,2,257.0,0.7,Switch,0.8,0.0377999999999999,0.8378
555268,2,258.0,0.3,Switch,1.0,0.2139000000000002,1.2139000000000002
555268,2,259.0,0.7,Switch,1.2,0.1688,1.3688
555268,2,260.0,0.7,Repeat,1.4,0.1966000000000001,1.5966
555268,2,261.0,0.7,Repeat,1.4,-0.1741999999999999,1.2258
555268,2,262.0,0.7,Repeat,1.6,0.2255999999999998,1.8256
555268,2,263.0,0.3,Switch,0.8,-0.0278,0.7722
555268,2,264.0,0.7,Switch,1.4,-0.022,1.378
555268,2,265.0,0.7,Repeat,1.0,0.3999000000000001,1.3999
555268,2,267.0,0.3,Repeat,1.4,-0.3574999999999999,1.0425
555268,2,268.0,0.3,Repeat,0.8,0.2178999999999999,1.0179
611856,2,31.0,0.3,Switch,1.6,-0.0413000000000001,1.5587
611856,2,32.0,0.7,Switch,1.6,-0.484,1.116
611856,2,33.0,0.7,Repeat,1.0,-0.0747999999999999,0.9252
611856,2,34.0,0.3,Switch,1.2,-0.197,1.003
611856,2,35.0,0.7,Switch,0.8,0.0175999999999999,0.8176
611856,2,36.0,0.7,Repeat,1.0,-0.1090999999999999,0.8909
611856,2,37.0,0.3,Switch,1.6,-0.1264000000000003,1.4735999999999998
611856,2,38.0,0.3,Repeat,1.2,0.0847,1.2847
611856,2,39.0,0.3,Repeat,1.4,-0.0693999999999999,1.3306
611856,2,40.0,0.7,Switch,1.4,0.0747999999999999,1.4748
611856,2,41.0,0.7,Repeat,1.2,0.1114000000000001,1.3114
611856,2,42.0,0.3,Switch,1.0,0.1309,1.1309
611856,2,43.0,0.7,Switch,1.2,0.0504000000000002,1.2504000000000002
611856,2,44.0,0.3,Switch,0.8,0.0452,0.8452000000000001
611856,2,45.0,0.7,Switch,1.4,-0.0371999999999999,1.3628
611856,2,46.0,0.3,Switch,0.8,-0.0981,0.7019
611856,2,47.0,0.3,Repeat,1.0,0.0557,1.0557
611856,2,48.0,0.3,Repeat,1.4,-0.1432,1.2568
611856,2,49.0,0.3,Repeat,1.4,0.1014000000000001,1.5014
611856,2,50.0,0.7,Switch,1.4,-0.1498999999999999,1.2501
611856,2,51.0,0.3,Switch,1.6,-0.2025000000000001,1.3975
611856,2,52.0,0.7,Switch,1.0,-0.0017999999999999,0.9982
611856,2,53.0,0.7,Repeat,0.8,0.1773999999999999,0.9774
611856,2,54.0,0.3,Switch,1.0,0.1139000000000001,1.1139
611856,2,55.0,0.7,Switch,1.2,-0.1815,1.0185
611856,2,56.0,0.7,Repeat,1.6,0.2860999999999998,1.8861
611856,2,57.0,0.3,Switch,1.2,0.1887000000000001,1.3887
611856,2,58.0,0.7,Switch,1.6,0.1458999999999999,1.7459
611856,2,59.0,0.3,Switch,0.8,0.0816,0.8816
611856,2,61.0,0.7,Switch,1.0,0.2227999999999999,1.2228
611856,2,62.0,0.7,Repeat,0.8,0.1090999999999999,0.9091
611856,2,63.0,0.3,Switch,1.6,0.0447999999999999,1.6448
611856,2,64.0,0.3,Repeat,1.4,-0.0114,1.3885999999999998
611856,2,65.0,0.7,Switch,0.8,-0.0101000000000001,0.7898999999999999
611856,2,66.0,0.7,Repeat,1.4,0.0062000000000002,1.4062
611856,2,67.0,0.3,Switch,0.8,0.1738999999999999,0.9739
611856,2,68.0,0.3,Repeat,1.4,0.0296,1.4296
611856,2,69.0,0.7,Switch,1.0,0.0400999999999998,1.0400999999999998
611856,2,70.0,0.3,Switch,1.4,-0.0194,1.3805999999999998
611856,2,71.0,0.7,Switch,1.2,0.1480000000000001,1.348
611856,2,72.0,0.7,Repeat,1.0,0.062,1.062
611856,2,73.0,0.3,Switch,1.0,-0.0377999999999999,0.9622
611856,2,74.0,0.7,Switch,1.2,-0.0775999999999998,1.1224
611856,2,75.0,0.7,Repeat,1.6,-0.2471000000000001,1.3529
611856,2,76.0,0.3,Switch,1.6,-0.0484999999999999,1.5515
611856,2,77.0,0.7,Switch,1.6,-0.2111,1.3889
611856,2,78.0,0.7,Repeat,0.8,0.1545999999999999,0.9546
611856,2,79.0,0.7,Repeat,1.6,0.1918999999999999,1.7919
611856,2,80.0,0.7,Repeat,1.2,0.2027000000000001,1.4027
611856,2,81.0,0.3,Switch,0.8,0.3302999999999998,1.1303
611856,2,82.0,0.3,Repeat,1.2,-0.1484999999999998,1.0515
611856,2,83.0,0.3,Repeat,1.6,-0.2460999999999999,1.3539
611856,2,84.0,0.3,Repeat,1.0,0.203,1.203
611856,2,85.0,0.7,Switch,1.4,-0.0071999999999998,1.3928
611856,2,86.0,0.3,Switch,0.8,0.1845,0.9845
611856,2,87.0,0.7,Switch,1.4,-0.0682,1.3318
611856,2,88.0,0.3,Switch,1.0,0.0637,1.0637
611856,2,89.0,0.3,Repeat,1.2,0.1189000000000002,1.3189000000000002
611856,2,91.0,0.3,Switch,1.6,0.1122999999999998,1.7123
611856,2,92.0,0.3,Repeat,1.4,0.2059000000000002,1.6059
611856,2,93.0,0.7,Switch,1.2,0.1484000000000001,1.3484
611856,2,94.0,0.3,Switch,1.2,0.1004,1.3004
611856,2,95.0,0.7,Switch,0.8,0.4925999999999999,1.2926
611856,2,96.0,0.7,Repeat,1.4,-0.1029999999999999,1.297
611856,2,97.0,0.3,Switch,1.0,-0.1195,0.8805
611856,2,98.0,0.3,Repeat,1.0,0.3087999999999999,1.3088
611856,2,99.0,0.7,Switch,1.2,0.1100000000000001,1.31
611856,2,100.0,0.3,Switch,0.8,0.3289999999999999,1.129
611856,2,101.0,0.3,Repeat,1.0,0.2495999999999998,1.2495999999999998
611856,2,102.0,0.7,Switch,0.8,0.2937999999999998,1.0938
611856,2,103.0,0.3,Switch,1.2,-0.0905999999999997,1.1094000000000002
611856,2,104.0,0.7,Switch,1.4,0.1379000000000001,1.5379
611856,2,105.0,0.3,Switch,0.8,0.4054999999999999,1.2055
611856,2,106.0,0.7,Switch,1.6,0.3647999999999998,1.9648
611856,2,107.0,0.3,Switch,0.8,0.1856999999999999,0.9857
611856,2,108.0,0.3,Repeat,1.4,-0.1649999999999998,1.235
611856,2,109.0,0.7,Switch,0.8,-0.0055,0.7945
611856,2,110.0,0.7,Repeat,1.0,0.1028,1.1028
611856,2,111.0,0.3,Switch,1.4,0.2116,1.6116
611856,2,112.0,0.3,Repeat,1.6,0.0879999999999998,1.688
611856,2,113.0,0.3,Repeat,1.6,0.0664,1.6664
611856,2,114.0,0.7,Switch,1.2,0.3475999999999999,1.5476
611856,2,115.0,0.7,Repeat,1.0,0.1936,1.1936
611856,2,116.0,0.7,Repeat,1.4,0.1443000000000001,1.5443
611856,2,117.0,0.7,Repeat,1.0,0.4185000000000001,1.4185
611856,2,118.0,0.7,Repeat,1.6,9.999999999976694e-05,1.6001
611856,2,119.0,0.3,Switch,1.2,0.2712000000000001,1.4712
611856,2,121.0,0.7,Switch,0.8,0.1604,0.9604
611856,2,122.0,0.3,Switch,1.0,0.4396,1.4396
611856,2,123.0,0.3,Repeat,0.8,0.0882,0.8882000000000001
611856,2,124.0,0.7,Switch,1.2,0.1782000000000001,1.3782
611856,2,125.0,0.7,Repeat,1.4,-0.2015,1.1985
611856,2,126.0,0.3,Switch,1.4,0.1343,1.5343
611856,2,127.0,0.7,Switch,1.4,0.01,1.41
611856,2,128.0,0.7,Repeat,1.0,0.0275999999999998,1.0275999999999998
611856,2,129.0,0.7,Repeat,1.6,-0.1800999999999999,1.4199000000000002
611856,2,130.0,0.7,Repeat,0.8,0.1164999999999999,0.9165
611856,2,131.0,0.3,Switch,1.0,0.0395999999999998,1.0396
611856,2,132.0,0.3,Repeat,1.4,-0.0195999999999998,1.3804
611856,2,133.0,0.7,Switch,1.2,0.2710999999999999,1.4711
611856,2,134.0,0.3,Switch,1.6,0.0494000000000001,1.6494000000000002
611856,2,135.0,0.7,Switch,1.4,0.1600000000000001,1.56
611856,2,136.0,0.3,Switch,1.0,0.3434999999999999,1.3435
611856,2,137.0,0.7,Switch,1.0,0.2417,1.2417
611856,2,138.0,0.7,Repeat,1.6,0.2775999999999998,1.8776
611856,2,139.0,0.3,Switch,1.2,0.2767999999999999,1.4768
611856,2,140.0,0.3,Repeat,0.8,0.3107,1.1107
611856,2,141.0,0.3,Repeat,1.2,0.391,1.591
611856,2,142.0,0.3,Repeat,1.6,0.3000999999999998,1.9001
611856,2,143.0,0.3,Repeat,1.6,-0.0129000000000001,1.5871
611856,2,144.0,0.3,Repeat,1.2,0.2175,1.4175
611856,2,145.0,0.3,Repeat,0.8,0.3068999999999999,1.1069
611856,2,146.0,0.7,Switch,1.6,0.0605,1.6605
611856,2,147.0,0.7,Repeat,1.2,0.4419000000000002,1.6419
611856,2,148.0,0.7,Repeat,0.8,0.2532999999999998,1.0533
611856,2,149.0,0.7,Repeat,1.0,-0.1254999999999999,0.8745
611856,2,151.0,0.3,Switch,0.8,0.3329,1.1329
611856,2,152.0,0.3,Repeat,1.2,0.0946,1.2946
611856,2,153.0,0.7,Switch,1.6,-0.1251,1.4749
611856,2,154.0,0.3,Switch,1.0,0.1655999999999999,1.1656
611856,2,155.0,0.3,Repeat,1.6,0.2570999999999999,1.8571
611856,2,156.0,0.7,Switch,1.4,0.1897000000000002,1.5897
611856,2,157.0,0.3,Switch,1.4,0.0270000000000001,1.427
611856,2,158.0,0.3,Repeat,1.6,0.0435999999999998,1.6436
611856,2,159.0,0.3,Repeat,1.0,0.3839000000000001,1.3839
611856,2,160.0,0.7,Switch,1.2,0.1485,1.3485
611856,2,161.0,0.3,Switch,1.0,0.391,1.391
611856,2,162.0,0.7,Switch,0.8,0.0361,0.8361000000000001
611856,2,163.0,0.3,Switch,1.2,-0.1039999999999998,1.096
611856,2,164.0,0.3,Repeat,1.4,0.1896,1.5896
611856,2,165.0,0.7,Switch,1.6,0.2027999999999998,1.8028
611856,2,166.0,0.7,Repeat,1.4,0.3098000000000001,1.7098
611856,2,167.0,0.7,Repeat,1.0,0.3956999999999999,1.3957
611856,2,168.0,0.7,Repeat,0.8,0.3753999999999999,1.1754
611856,2,169.0,0.7,Repeat,1.6,0.1860999999999997,1.7860999999999998
611856,2,170.0,0.3,Switch,1.6,0.2395999999999998,1.8396
611856,2,171.0,0.7,Switch,1.0,0.3368,1.3368
611856,2,172.0,0.3,Switch,1.4,0.4337000000000002,1.8337
611856,2,173.0,0.7,Switch,1.2,0.3019,1.5019
611856,2,174.0,0.3,Switch,0.8,0.5585999999999998,1.3585999999999998
611856,2,175.0,0.3,Repeat,1.2,0.0818000000000001,1.2818
611856,2,176.0,0.7,Switch,0.8,0.1504999999999999,0.9505
611856,2,177.0,0.3,Switch,0.8,0.1869999999999999,0.987
611856,2,178.0,0.7,Switch,1.2,0.2117,1.4117
611856,2,179.0,0.7,Repeat,1.4,0.0327999999999999,1.4328
611856,2,181.0,0.3,Switch,1.2,0.2045000000000001,1.4045
611856,2,182.0,0.7,Switch,1.6,0.0962,1.6962000000000002
611856,2,183.0,0.7,Repeat,1.0,0.4770999999999998,1.4771
611856,2,184.0,0.7,Repeat,1.6,-0.1514000000000002,1.4486
611856,2,185.0,0.7,Repeat,1.2,0.2958,1.4958
611856,2,186.0,0.7,Repeat,1.0,0.4349,1.4349
611856,2,187.0,0.3,Switch,1.6,0.1174999999999999,1.7175
611856,2,188.0,0.7,Switch,0.8,0.5509,1.3509
611856,2,189.0,0.3,Switch,1.2,0.3335999999999999,1.5336
611856,2,190.0,0.7,Switch,1.6,0.1278999999999999,1.7279
611856,2,191.0,0.3,Switch,1.6,-0.1235999999999999,1.4764000000000002
611856,2,192.0,0.3,Repeat,1.4,-0.0050999999999998,1.3949
611856,2,193.0,0.3,Repeat,0.8,0.4349,1.2349
611856,2,194.0,0.7,Switch,0.8,0.3260999999999998,1.1261
611856,2,195.0,0.3,Switch,1.6,0.1213999999999999,1.7214
611856,2,196.0,0.7,Switch,1.2,0.4548000000000001,1.6548
611856,2,197.0,0.7,Repeat,1.4,0.2805000000000002,1.6805
611856,2,198.0,0.3,Switch,0.8,0.5609999999999999,1.361
611856,2,199.0,0.7,Switch,1.4,0.2264000000000001,1.6264
611856,2,200.0,0.3,Switch,1.0,0.4627999999999999,1.4628
611856,2,201.0,0.7,Switch,1.4,0.0343,1.4343
611856,2,202.0,0.3,Switch,1.4,0.2099000000000002,1.6099
611856,2,203.0,0.3,Repeat,1.4,0.2814000000000001,1.6814
611856,2,204.0,0.3,Repeat,1.0,0.4610000000000001,1.461
611856,2,205.0,0.7,Switch,0.8,0.2187999999999998,1.0188
611856,2,206.0,0.3,Switch,1.2,0.2829000000000001,1.4829
611856,2,208.0,0.7,Switch,1.0,0.2529999999999999,1.253
611856,2,209.0,0.3,Switch,1.0,0.5944,1.5944
611856,2,211.0,0.7,Switch,1.4,0.3199000000000001,1.7199
611856,2,212.0,0.7,Repeat,0.8,0.3947,1.1947
611856,2,213.0,0.3,Switch,0.8,0.5040999999999998,1.3040999999999998
611856,2,214.0,0.3,Repeat,1.0,0.1817999999999999,1.1818
611856,2,215.0,0.3,Repeat,1.4,0.3728,1.7728
611856,2,217.0,0.7,Switch,1.6,0.1160999999999998,1.7161
611856,2,218.0,0.3,Switch,1.2,0.4277000000000002,1.6277
611856,2,219.0,0.3,Repeat,1.0,0.1419000000000001,1.1419
611856,2,220.0,0.3,Repeat,1.4,0.0795000000000001,1.4795
611856,2,221.0,0.7,Switch,1.6,-0.3022,1.2978
611856,2,222.0,0.7,Repeat,1.4,-0.012,1.388
611856,2,223.0,0.3,Switch,1.0,0.2501,1.2501
611856,2,224.0,0.3,Repeat,1.6,-0.0474000000000001,1.5526
611856,2,225.0,0.7,Switch,0.8,0.2169999999999998,1.017
611856,2,226.0,0.7,Repeat,1.0,0.1815999999999999,1.1816
611856,2,227.0,0.7,Repeat,1.2,0.0919,1.2919
611856,2,228.0,0.7,Repeat,1.6,0.2274999999999998,1.8275
611856,2,229.0,0.3,Switch,1.6,0.379,1.979
611856,2,230.0,0.7,Switch,1.0,0.3125,1.3125
611856,2,231.0,0.3,Switch,0.8,0.1728999999999999,0.9729
611856,2,232.0,0.7,Switch,1.2,0.4845999999999999,1.6846
611856,2,233.0,0.7,Repeat,1.4,0.2398,1.6398
611856,2,234.0,0.3,Switch,1.2,0.0795999999999999,1.2795999999999998
611856,2,235.0,0.7,Switch,1.2,0.1068,1.3068
611856,2,236.0,0.7,Repeat,0.8,0.2269999999999998,1.027
611856,2,237.0,0.3,Switch,1.2,0.3195999999999999,1.5195999999999998
611856,2,238.0,0.7,Switch,1.0,0.3312999999999999,1.3313
611856,2,239.0,0.3,Switch,1.6,0.1258999999999999,1.7259
611856,2,241.0,0.3,Repeat,1.6,0.2610999999999999,1.8611
611856,2,242.0,0.7,Switch,1.6,0.2138999999999999,1.8139
611856,2,243.0,0.3,Switch,0.8,0.4257999999999999,1.2258
611856,2,244.0,0.3,Repeat,1.0,-0.0056,0.9944
611856,2,245.0,0.3,Repeat,1.4,-0.1533999999999999,1.2466
611856,2,246.0,0.7,Switch,1.4,0.1509000000000002,1.5509000000000002
611856,2,247.0,0.7,Repeat,1.2,-0.0664,1.1336
611856,2,249.0,0.7,Repeat,0.8,0.2076,1.0076
611856,2,250.0,0.7,Repeat,1.4,0.3079000000000003,1.7079000000000002
611856,2,251.0,0.3,Switch,0.8,0.4605999999999999,1.2606
611856,2,252.0,0.3,Repeat,1.2,0.26,1.46
611856,2,253.0,0.7,Switch,1.2,0.1668,1.3668
611856,2,254.0,0.3,Switch,0.8,0.3260999999999998,1.1261
611856,2,255.0,0.7,Switch,1.6,0.1664999999999998,1.7665
611856,2,256.0,0.3,Switch,1.6,0.0257999999999998,1.6258
611856,2,257.0,0.3,Repeat,1.4,0.0335,1.4335
611856,2,258.0,0.7,Switch,1.0,0.0928999999999999,1.0929
611856,2,259.0,0.7,Repeat,1.2,0.2255,1.4255
611856,2,260.0,0.3,Switch,1.6,-0.0330999999999999,1.5669000000000002
611856,2,261.0,0.3,Repeat,1.2,0.2245000000000001,1.4245
611856,2,262.0,0.7,Switch,1.0,0.2557,1.2557
611856,2,263.0,0.3,Switch,1.4,0.2962000000000002,1.6962000000000002
611856,2,264.0,0.3,Repeat,1.0,0.4000999999999999,1.4001
611856,2,265.0,0.7,Switch,0.8,0.1775999999999999,0.9776
611856,2,266.0,0.7,Repeat,1.6,0.3967,1.9967
611856,2,267.0,0.7,Repeat,1.4,0.1793,1.5793
611856,2,268.0,0.7,Repeat,0.8,0.3084,1.1084
611856,2,269.0,0.3,Switch,1.2,0.3366,1.5366
624708,2,31.0,0.3,Repeat,0.8,0.1251999999999999,0.9252
624708,2,32.0,0.7,Switch,1.0,0.4721999999999999,1.4722
624708,2,38.0,0.7,Switch,1.0,-0.2087,0.7913
624708,2,40.0,0.7,Repeat,1.6,0.2809999999999999,1.881
624708,2,41.0,0.3,Switch,1.4,0.1411,1.5411
624708,2,43.0,0.3,Switch,1.2,0.3115999999999999,1.5115999999999998
624708,2,44.0,0.7,Switch,1.4,0.5125000000000002,1.9125
624708,2,45.0,0.7,Repeat,1.6,0.4280999999999997,2.0281
624708,2,46.0,0.3,Switch,1.0,0.1734,1.1734
624708,2,47.0,0.7,Switch,0.8,-0.0079,0.7921
624708,2,48.0,0.3,Switch,0.8,-0.4271000000000001,0.3728999999999999
624708,2,50.0,0.3,Switch,1.0,-0.159,0.841
624708,2,51.0,0.3,Repeat,1.6,-0.4828000000000001,1.1172
624708,2,52.0,0.7,Switch,1.2,-0.0257,1.1743
624708,2,53.0,0.7,Repeat,1.4,0.1983000000000001,1.5983
624708,2,55.0,0.7,Switch,1.4,-0.3564,1.0436
624708,2,56.0,0.7,Repeat,1.6,-0.2212,1.3788
624708,2,57.0,0.3,Switch,1.2,0.1059000000000001,1.3059
624708,2,58.0,0.3,Repeat,1.4,0.3150000000000001,1.715
624708,2,61.0,0.7,Repeat,1.2,-0.3212999999999999,0.8787
624708,2,62.0,0.7,Repeat,1.0,-0.4577,0.5423
624708,2,63.0,0.7,Repeat,1.4,0.1359000000000001,1.5359
624708,2,64.0,0.3,Switch,1.4,-0.3262999999999998,1.0737
624708,2,65.0,0.3,Repeat,1.4,0.1089999999999999,1.509
624708,2,66.0,0.3,Repeat,1.2,-0.5146,0.6854
624708,2,67.0,0.3,Repeat,1.6,-0.5326,1.0674
624708,2,69.0,0.3,Repeat,1.0,-0.4486,0.5514
624708,2,70.0,0.3,Repeat,1.2,0.2037,1.4037
624708,2,72.0,0.7,Repeat,0.8,0.4047,1.2047
624708,2,73.0,0.7,Repeat,1.0,-0.5493,0.4507
624708,2,74.0,0.7,Repeat,1.6,-0.2598,1.3402
624708,2,76.0,0.7,Repeat,1.6,-0.2847999999999999,1.3152
624708,2,77.0,0.3,Switch,1.0,0.1132999999999999,1.1133
624708,2,79.0,0.3,Repeat,0.8,-0.1526,0.6474
624708,2,80.0,0.3,Repeat,0.8,0.3134000000000001,1.1134000000000002
624708,2,81.0,0.7,Switch,1.4,0.0915000000000001,1.4915
624708,2,82.0,0.7,Repeat,1.4,-0.1690999999999998,1.2309
624708,2,83.0,0.3,Switch,1.6,0.0307999999999999,1.6308
624708,2,84.0,0.3,Repeat,1.4,-0.0855999999999999,1.3144
624708,2,85.0,0.7,Switch,1.6,0.0145999999999997,1.6145999999999998
624708,2,86.0,0.3,Switch,1.6,-0.1808,1.4192
624708,2,87.0,0.7,Switch,1.2,0.4175,1.6175
624708,2,88.0,0.3,Switch,1.0,-0.1047,0.8953
624708,2,89.0,0.7,Switch,1.0,-0.1329,0.8671
624708,2,95.0,0.7,Repeat,1.4,-0.2817,1.1182999999999998
624708,2,96.0,0.3,Switch,1.0,-0.1247999999999999,0.8752000000000001
624708,2,97.0,0.7,Switch,1.2,-0.0370999999999999,1.1629
624708,2,98.0,0.3,Switch,1.4,-0.3519999999999998,1.048
624708,2,99.0,0.7,Switch,1.6,-0.1593,1.4407
624708,2,101.0,0.7,Repeat,1.0,0.48,1.48
624708,2,102.0,0.3,Switch,1.2,0.3275999999999999,1.5275999999999998
624708,2,103.0,0.7,Switch,0.8,0.3556999999999999,1.1557
624708,2,105.0,0.3,Repeat,0.8,0.3773999999999999,1.1774
624708,2,106.0,0.3,Repeat,1.2,-0.2861,0.9139
624708,2,107.0,0.7,Switch,0.8,-0.0593,0.7407
624708,2,108.0,0.3,Switch,1.6,-0.5541,1.0459
624708,2,109.0,0.3,Repeat,0.8,0.4635,1.2635
624708,2,110.0,0.3,Repeat,1.6,-0.4594000000000002,1.1405999999999998
624708,2,111.0,0.7,Switch,1.0,0.1051999999999999,1.1052
624708,2,112.0,0.7,Repeat,1.2,-0.3527,0.8472999999999999
624708,2,113.0,0.7,Repeat,1.6,-0.4511,1.1489
624708,2,114.0,0.7,Repeat,1.4,0.3188,1.7188
624708,2,118.0,0.3,Repeat,0.8,-0.0114,0.7886
624708,2,121.0,0.3,Switch,1.2,-0.3845999999999999,0.8154
624708,2,122.0,0.7,Switch,0.8,0.2626999999999999,1.0627
624708,2,123.0,0.3,Switch,1.2,-0.3239999999999999,0.876
624708,2,124.0,0.3,Repeat,1.4,-0.5333999999999999,0.8666
624708,2,125.0,0.7,Switch,1.4,-0.5671999999999999,0.8328
624708,2,126.0,0.3,Switch,1.0,0.308,1.308
624708,2,127.0,0.7,Switch,1.0,0.0739,1.0739
624708,2,128.0,0.7,Repeat,1.6,-0.3420000000000001,1.258
624708,2,129.0,0.3,Switch,1.0,-0.1018,0.8982
624708,2,130.0,0.7,Switch,1.0,0.0425999999999999,1.0426
624708,2,131.0,0.3,Switch,0.8,0.3144,1.1144
624708,2,132.0,0.7,Switch,1.2,-0.4596,0.7404
624708,2,133.0,0.7,Repeat,1.4,-0.1865999999999998,1.2134
624708,2,134.0,0.3,Switch,1.4,-0.1939999999999999,1.206
624708,2,135.0,0.7,Switch,1.0,0.3480999999999998,1.3481
624708,2,136.0,0.3,Switch,1.4,-0.3607,1.0393
624708,2,137.0,0.3,Repeat,1.6,-0.2874000000000001,1.3126
624708,2,138.0,0.7,Switch,1.2,-0.2244999999999999,0.9755
624708,2,139.0,0.7,Repeat,0.8,0.1571,0.9571
624708,2,140.0,0.3,Switch,1.2,0.0595000000000001,1.2595
624708,2,141.0,0.3,Repeat,1.6,-0.3973,1.2027
624708,2,142.0,0.7,Switch,1.2,-0.0982,1.1018
624708,2,143.0,0.7,Repeat,0.8,0.5057,1.3057
624708,2,144.0,0.3,Switch,1.6,-0.3695000000000001,1.2305
624708,2,145.0,0.3,Repeat,0.8,0.5072999999999999,1.3073
624708,2,147.0,0.3,Switch,1.0,0.2492999999999998,1.2493
624708,2,149.0,0.7,Switch,1.4,0.1115999999999999,1.5115999999999998
624708,2,151.0,0.3,Switch,1.4,-0.0354000000000001,1.3645999999999998
624708,2,152.0,0.7,Switch,0.8,0.2114,1.0114
624708,2,153.0,0.7,Repeat,1.2,0.074,1.274
624708,2,154.0,0.7,Repeat,1.0,0.1484000000000001,1.1484
624708,2,156.0,0.3,Switch,1.2,0.5839000000000001,1.7839
624708,2,157.0,0.7,Switch,0.8,0.2016,1.0016
624708,2,158.0,0.7,Repeat,1.6,-0.1537999999999999,1.4462000000000002
624708,2,159.0,0.3,Switch,1.2,0.2496,1.4496
624708,2,160.0,0.3,Repeat,1.2,0.0455999999999998,1.2455999999999998
624708,2,161.0,0.3,Repeat,1.4,-0.0081999999999999,1.3918
624708,2,162.0,0.7,Switch,1.2,0.5697000000000001,1.7697
624708,2,164.0,0.3,Repeat,0.8,0.3548,1.1548
624708,2,166.0,0.7,Switch,1.0,0.5009999999999999,1.501
624708,2,167.0,0.3,Switch,1.0,-0.5307,0.4693
624708,2,168.0,0.3,Repeat,1.0,0.2982,1.2982
624708,2,170.0,0.3,Switch,1.0,0.3609,1.3609
624708,2,171.0,0.3,Repeat,1.4,-0.1819999999999999,1.218
624708,2,172.0,0.7,Switch,1.6,-0.3975999999999999,1.2024
624708,2,173.0,0.7,Repeat,0.8,0.4524000000000001,1.2524000000000002
624708,2,174.0,0.7,Repeat,1.4,-0.2037,1.1963
624708,2,175.0,0.7,Repeat,1.4,0.1323,1.5323
624708,2,176.0,0.7,Repeat,1.2,0.4942000000000002,1.6942000000000002
624708,2,177.0,0.3,Switch,1.6,-0.5521,1.0479
624708,2,178.0,0.3,Repeat,1.6,0.2788999999999999,1.8789
624708,2,179.0,0.3,Repeat,1.6,0.2827999999999999,1.8828
624708,2,181.0,0.7,Switch,1.2,0.4700999999999999,1.6701
624708,2,182.0,0.3,Switch,1.6,-0.5713000000000001,1.0287
624708,2,183.0,0.3,Repeat,1.4,0.1480000000000001,1.548
624708,2,185.0,0.7,Switch,1.0,0.4420999999999999,1.4421
624708,2,186.0,0.7,Repeat,1.4,0.0124000000000001,1.4124
624708,2,189.0,0.3,Switch,1.0,-0.022,0.978
624708,2,190.0,0.7,Switch,0.8,0.4960999999999997,1.2960999999999998
624708,2,191.0,0.3,Switch,0.8,0.3240999999999998,1.1241
624708,2,192.0,0.3,Repeat,1.2,0.4252,1.6252
624708,2,193.0,0.7,Switch,1.6,-0.3501000000000001,1.2499
624708,2,194.0,0.3,Switch,0.8,0.3408,1.1408
624708,2,195.0,0.7,Switch,1.0,0.1655999999999999,1.1656
624708,2,196.0,0.7,Repeat,1.2,-0.0814000000000001,1.1185999999999998
624708,2,198.0,0.3,Switch,1.6,-0.1833,1.4167
624708,2,199.0,0.3,Repeat,1.4,-0.1601999999999999,1.2398
624708,2,200.0,0.3,Repeat,1.0,0.2638,1.2638
624708,2,201.0,0.3,Repeat,1.0,0.2779,1.2779
624708,2,202.0,0.7,Switch,1.6,-0.2845000000000002,1.3155
624708,2,203.0,0.7,Repeat,1.2,0.2895999999999998,1.4895999999999998
624708,2,204.0,0.7,Repeat,1.6,-0.3425,1.2575
624708,2,205.0,0.3,Switch,1.4,-0.1362999999999998,1.2637
624708,2,206.0,0.3,Repeat,1.2,0.3637999999999999,1.5638
624708,2,207.0,0.7,Switch,0.8,0.5649,1.3649
624708,2,208.0,0.7,Repeat,1.4,-0.5573999999999999,0.8426
624708,2,209.0,0.7,Repeat,1.4,-0.1925999999999998,1.2074
624708,2,211.0,0.7,Switch,1.6,-0.2027000000000001,1.3973
624708,2,212.0,0.3,Switch,1.4,0.1643000000000001,1.5643
624708,2,214.0,0.3,Switch,1.2,0.0258,1.2258
624708,2,215.0,0.7,Switch,1.0,0.4071,1.4071
624708,2,216.0,0.7,Repeat,1.2,-0.0364999999999999,1.1635
624708,2,218.0,0.7,Repeat,1.2,0.0267000000000001,1.2267
624708,2,219.0,0.3,Switch,1.0,0.3217000000000001,1.3217
624708,2,220.0,0.7,Switch,0.8,0.2942,1.0942
624708,2,221.0,0.3,Switch,1.0,0.0364999999999999,1.0365
624708,2,222.0,0.3,Repeat,1.6,-0.4386000000000001,1.1614
624708,2,223.0,0.3,Repeat,0.8,0.4780999999999999,1.2781
624708,2,224.0,0.7,Switch,1.4,-0.2807999999999999,1.1192
624708,2,225.0,0.3,Switch,0.8,0.5165,1.3165
624708,2,226.0,0.3,Repeat,1.0,0.2623,1.2623
624708,2,227.0,0.7,Switch,1.0,0.4430999999999998,1.4430999999999998
624708,2,228.0,0.3,Switch,1.4,-0.1826999999999998,1.2173
624708,2,229.0,0.3,Repeat,1.2,0.1125,1.3125
624708,2,230.0,0.7,Switch,1.4,-0.1347999999999998,1.2652
624708,2,231.0,0.3,Switch,0.8,0.4487999999999998,1.2488
624708,2,232.0,0.3,Repeat,1.2,-0.1689,1.0311
624708,2,233.0,0.7,Switch,0.8,0.3593999999999999,1.1594
624708,2,234.0,0.7,Repeat,1.4,0.1295000000000001,1.5295
624708,2,235.0,0.7,Repeat,1.0,0.2967999999999999,1.2968
624708,2,236.0,0.3,Switch,1.4,-0.1249,1.2751
624708,2,237.0,0.3,Repeat,1.6,-0.4216,1.1784
624708,2,238.0,0.7,Switch,1.6,-0.3855000000000002,1.2145
624708,2,239.0,0.7,Repeat,1.2,0.4627000000000001,1.6627
624708,2,241.0,0.3,Repeat,1.0,0.1127,1.1127
624708,2,242.0,0.7,Switch,1.2,0.1853,1.3853
624708,2,243.0,0.7,Repeat,0.8,0.0817999999999998,0.8817999999999999
624708,2,244.0,0.3,Switch,1.0,0.2890999999999999,1.2891
624708,2,245.0,0.3,Repeat,1.6,-0.3415000000000001,1.2585
624708,2,246.0,0.3,Repeat,1.6,-0.2855000000000001,1.3145
624708,2,247.0,0.7,Switch,1.0,0.3795999999999999,1.3796
624708,2,248.0,0.3,Switch,0.8,0.3804,1.1804
624708,2,249.0,0.3,Repeat,1.4,-0.5747,0.8252999999999999
624708,2,250.0,0.7,Switch,0.8,0.0162999999999998,0.8162999999999999
624708,2,251.0,0.7,Repeat,0.8,0.1147999999999999,0.9148
624708,2,252.0,0.7,Repeat,1.2,-0.1521999999999999,1.0478
624708,2,255.0,0.7,Repeat,1.0,-0.2473999999999999,0.7526
624708,2,256.0,0.7,Repeat,1.2,-0.4007999999999999,0.7992
624708,2,257.0,0.7,Repeat,1.4,-0.2799999999999998,1.12
624708,2,258.0,0.3,Switch,1.4,-0.3493999999999999,1.0506
624708,2,260.0,0.3,Repeat,1.4,-0.1916999999999999,1.2083
624708,2,262.0,0.3,Switch,0.8,-0.0338,0.7662
624708,2,263.0,0.7,Switch,1.6,-0.2128000000000001,1.3872
624708,2,264.0,0.7,Repeat,1.4,-0.5185,0.8815
624708,2,265.0,0.3,Switch,0.8,0.3474999999999999,1.1475
624708,2,266.0,0.3,Repeat,1.2,0.036,1.236
624708,2,267.0,0.3,Repeat,1.2,-0.034,1.166
624708,2,268.0,0.7,Switch,1.0,0.3889,1.3889
624708,2,269.0,0.3,Switch,1.2,0.1982999999999999,1.3983
742322,2,31.0,0.3,Repeat,1.6,-0.5467000000000002,1.0533
742322,2,33.0,0.7,Repeat,1.2,-0.2167999999999998,0.9832
742322,2,34.0,0.7,Repeat,1.4,-0.3195999999999999,1.0804
742322,2,35.0,0.3,Switch,1.0,0.1169999999999999,1.117
742322,2,36.0,0.3,Repeat,1.2,-0.4267999999999999,0.7732
742322,2,37.0,0.7,Switch,1.6,-0.5341,1.0659
742322,2,38.0,0.3,Switch,1.6,-0.4256,1.1744
742322,2,39.0,0.7,Switch,1.0,0.1160999999999998,1.1161
742322,2,40.0,0.7,Repeat,0.8,0.4277999999999999,1.2278
742322,2,41.0,0.3,Switch,0.8,0.1487999999999999,0.9488
742322,2,42.0,0.3,Repeat,1.4,-0.2677,1.1323
742322,2,43.0,0.3,Repeat,1.6,-0.3838000000000001,1.2162
742322,2,44.0,0.3,Repeat,1.0,-0.3396,0.6604
742322,2,45.0,0.3,Repeat,1.4,-0.0682999999999998,1.3317
742322,2,46.0,0.7,Switch,1.4,-0.0489999999999999,1.351
742322,2,47.0,0.7,Repeat,1.0,0.1328,1.1328
742322,2,48.0,0.7,Repeat,1.2,-0.2134999999999999,0.9865
742322,2,49.0,0.3,Switch,0.8,0.3664,1.1664
742322,2,50.0,0.7,Switch,1.2,0.0324000000000002,1.2324000000000002
742322,2,51.0,0.7,Repeat,1.4,-0.0736999999999998,1.3263
742322,2,52.0,0.3,Switch,1.2,0.0815000000000001,1.2815
742322,2,53.0,0.3,Repeat,1.4,0.0992000000000001,1.4992
742322,2,54.0,0.7,Switch,1.6,-0.2350000000000001,1.365
742322,2,55.0,0.7,Repeat,0.8,0.3652999999999999,1.1653
742322,2,57.0,0.7,Switch,0.8,0.1385999999999999,0.9386
742322,2,58.0,0.7,Repeat,1.6,-0.4911000000000001,1.1089
742322,2,59.0,0.3,Switch,0.8,0.2152,1.0152
742322,2,61.0,0.3,Switch,1.6,-0.2792000000000001,1.3208
742322,2,62.0,0.7,Switch,1.4,-0.0322999999999997,1.3677
742322,2,63.0,0.7,Repeat,1.6,0.1229,1.7229
742322,2,64.0,0.3,Switch,0.8,0.401,1.201
742322,2,65.0,0.3,Repeat,1.0,0.3417000000000001,1.3417
742322,2,66.0,0.7,Switch,0.8,0.2994999999999999,1.0995
742322,2,67.0,0.3,Switch,0.8,0.2414,1.0414
742322,2,69.0,0.3,Repeat,1.6,-0.1504000000000001,1.4496
742322,2,70.0,0.3,Repeat,1.2,0.4325000000000001,1.6325
742322,2,71.0,0.7,Switch,1.4,-0.0504,1.3496
742322,2,72.0,0.3,Switch,1.6,-0.3073000000000001,1.2927
742322,2,73.0,0.3,Repeat,1.0,0.4092,1.4092
742322,2,74.0,0.7,Switch,1.0,0.0675999999999998,1.0676
742322,2,75.0,0.7,Repeat,1.0,0.2101999999999999,1.2102
742322,2,76.0,0.7,Repeat,1.2,0.1003,1.3003
742322,2,77.0,0.7,Repeat,1.6,-0.4337000000000002,1.1663
742322,2,78.0,0.7,Repeat,0.8,0.399,1.199
742322,2,79.0,0.7,Repeat,1.0,0.0485999999999999,1.0486
742322,2,80.0,0.7,Repeat,0.8,0.1343999999999999,0.9344
742322,2,81.0,0.3,Switch,1.0,-0.3261,0.6738999999999999
742322,2,82.0,0.7,Switch,1.2,-0.3419,0.8581
742322,2,83.0,0.7,Repeat,1.2,-0.5337,0.6663
742322,2,84.0,0.3,Switch,0.8,0.0329999999999999,0.833
742322,2,85.0,0.3,Repeat,1.4,-0.5059999999999999,0.894
742322,2,86.0,0.7,Switch,1.6,-0.3167999999999999,1.2832
742322,2,87.0,0.3,Switch,1.2,0.1607,1.3607
742322,2,88.0,0.3,Repeat,1.2,0.0402,1.2402
742322,2,89.0,0.3,Repeat,1.4,-0.2069,1.1930999999999998
742322,2,91.0,0.3,Repeat,1.4,-0.1669,1.2331
742322,2,92.0,0.3,Repeat,0.8,0.5170999999999999,1.3171
742322,2,93.0,0.3,Repeat,1.2,-0.0267999999999999,1.1732
742322,2,94.0,0.3,Repeat,1.6,-0.4171,1.1829
742322,2,95.0,0.7,Switch,1.6,0.2766999999999999,1.8767
742322,2,96.0,0.7,Repeat,0.8,0.2432999999999998,1.0433
742322,2,98.0,0.7,Switch,1.4,0.0474000000000001,1.4474
742322,2,99.0,0.3,Switch,1.0,0.1730999999999998,1.1730999999999998
742322,2,100.0,0.7,Switch,0.8,0.3345999999999998,1.1345999999999998
742322,2,101.0,0.7,Repeat,1.2,0.1827,1.3827
742322,2,102.0,0.7,Repeat,1.2,0.1509,1.3509
742322,2,103.0,0.7,Repeat,1.4,-0.0006999999999999,1.3993
742322,2,105.0,0.3,Switch,1.6,-0.1089999999999999,1.491
742322,2,106.0,0.7,Switch,1.0,0.5494000000000001,1.5494
742322,2,107.0,0.3,Switch,1.4,0.1397000000000001,1.5397
742322,2,108.0,0.7,Switch,0.8,0.4980999999999997,1.2980999999999998
742322,2,109.0,0.7,Repeat,1.0,0.0495000000000001,1.0495
742322,2,110.0,0.3,Switch,1.0,0.1816999999999999,1.1817
742322,2,111.0,0.3,Repeat,0.8,0.4099000000000001,1.2099000000000002
742322,2,113.0,0.7,Switch,1.2,-0.1512,1.0488
742322,2,114.0,0.7,Repeat,1.0,0.4490999999999998,1.4490999999999998
742322,2,115.0,0.3,Switch,1.6,-0.1230999999999999,1.4769
742322,2,116.0,0.7,Switch,1.6,-0.1252999999999999,1.4747
742322,2,117.0,0.3,Switch,1.0,0.5252000000000001,1.5252
742322,2,118.0,0.7,Switch,1.6,-0.0693000000000001,1.5307
742322,2,119.0,0.3,Switch,1.2,0.2512000000000001,1.4512
742322,2,121.0,0.7,Repeat,1.4,-0.0851999999999999,1.3148
742322,2,122.0,0.7,Repeat,0.8,0.3827,1.1827
742322,2,123.0,0.7,Repeat,1.4,-0.2835999999999998,1.1164
742322,2,124.0,0.3,Switch,1.4,0.1108,1.5108
742322,2,125.0,0.3,Repeat,0.8,0.5163,1.3163
742322,2,126.0,0.7,Switch,1.4,0.1479000000000001,1.5479
742322,2,128.0,0.3,Repeat,0.8,0.5828,1.3828
742322,2,129.0,0.7,Switch,1.6,-0.4285000000000001,1.1715
742322,2,130.0,0.3,Switch,1.4,0.268,1.668
742322,2,131.0,0.7,Switch,1.0,0.3312999999999999,1.3313
742322,2,132.0,0.7,Repeat,1.2,-0.0152000000000001,1.1848
742322,2,133.0,0.7,Repeat,1.2,-0.0668999999999999,1.1331
742322,2,134.0,0.3,Switch,1.0,0.2735999999999998,1.2735999999999998
742322,2,135.0,0.3,Repeat,1.4,-0.133,1.267
742322,2,136.0,0.3,Repeat,0.8,0.4664000000000001,1.2664000000000002
742322,2,137.0,0.7,Switch,1.0,-0.0836,0.9164
742322,2,138.0,0.3,Switch,1.2,0.0944,1.2944
742322,2,139.0,0.3,Repeat,1.6,-0.4895,1.1105
742322,2,140.0,0.3,Repeat,1.2,-0.0839,1.1161
742322,2,141.0,0.3,Repeat,1.2,0.1845999999999998,1.3845999999999998
742322,2,142.0,0.7,Switch,1.0,0.2590999999999999,1.2591
742322,2,143.0,0.7,Repeat,1.2,-0.0487999999999999,1.1512
742322,2,144.0,0.7,Repeat,1.6,-0.0154,1.5846
742322,2,145.0,0.7,Repeat,0.8,0.4150999999999998,1.2150999999999998
742322,2,146.0,0.3,Switch,1.6,-0.1331,1.4669
742322,2,147.0,0.3,Repeat,1.6,-0.0005999999999999,1.5994000000000002
742322,2,148.0,0.7,Switch,1.6,-0.2398,1.3602
742322,2,151.0,0.7,Switch,1.0,0.1899000000000001,1.1899000000000002
742322,2,152.0,0.7,Repeat,0.8,0.1788999999999999,0.9789
742322,2,153.0,0.7,Repeat,1.6,-0.476,1.124
742322,2,154.0,0.3,Switch,1.2,-0.1320999999999998,1.0679
742322,2,155.0,0.7,Switch,1.4,-0.1837999999999999,1.2162
742322,2,156.0,0.3,Switch,0.8,0.1842,0.9842
742322,2,157.0,0.3,Repeat,1.2,0.1149999999999999,1.315
742322,2,158.0,0.7,Switch,1.4,-0.2002999999999999,1.1997
742322,2,159.0,0.3,Switch,1.6,-0.2336,1.3664
742322,2,160.0,0.3,Repeat,1.4,-0.0169999999999999,1.383
742322,2,161.0,0.3,Repeat,1.6,-0.0838000000000001,1.5162
742322,2,162.0,0.3,Repeat,1.6,-0.0725,1.5275
742322,2,163.0,0.3,Repeat,1.4,-0.0775999999999998,1.3224
742322,2,164.0,0.7,Switch,1.0,0.3429999999999999,1.343
742322,2,165.0,0.7,Repeat,0.8,0.3825999999999998,1.1826
742322,2,166.0,0.7,Repeat,1.6,-0.0727999999999999,1.5272
742322,2,168.0,0.3,Repeat,1.4,-0.1112999999999999,1.2887
742322,2,169.0,0.7,Switch,1.4,0.0089000000000001,1.4089
742322,2,170.0,0.7,Repeat,0.8,0.2986999999999999,1.0987
742322,2,171.0,0.3,Switch,1.0,0.4045000000000001,1.4045
742322,2,172.0,0.7,Switch,1.2,0.3414000000000001,1.5414
742322,2,173.0,0.7,Repeat,1.6,-0.1154000000000001,1.4846
742322,2,174.0,0.3,Switch,1.0,0.2645999999999999,1.2646
742322,2,175.0,0.3,Repeat,0.8,0.4010999999999998,1.2010999999999998
742322,2,176.0,0.7,Switch,1.2,0.2267999999999999,1.4267999999999998
742322,2,177.0,0.3,Switch,1.0,0.2047000000000001,1.2047
742322,2,178.0,0.7,Switch,1.2,0.0324000000000002,1.2324000000000002
742322,2,179.0,0.7,Repeat,1.0,0.3982999999999999,1.3983
742322,2,181.0,0.7,Repeat,1.6,-0.3421,1.2579
742322,2,183.0,0.7,Switch,0.8,0.3662999999999998,1.1663
742322,2,184.0,0.3,Switch,1.6,-0.1560999999999999,1.4439000000000002
742322,2,185.0,0.7,Switch,1.0,0.3162,1.3162
742322,2,187.0,0.3,Repeat,1.0,0.4255,1.4255
742322,2,188.0,0.7,Switch,0.8,0.5307999999999999,1.3308
742322,2,189.0,0.7,Repeat,1.2,0.3215000000000001,1.5215
742322,2,190.0,0.3,Switch,1.6,-0.2657,1.3343
742322,2,192.0,0.7,Repeat,1.6,-0.2156,1.3844
742322,2,193.0,0.3,Switch,1.2,0.3640000000000001,1.564
742322,2,194.0,0.3,Repeat,1.4,0.0404999999999999,1.4405
742322,2,195.0,0.3,Repeat,1.2,0.0327999999999999,1.2328
742322,2,196.0,0.3,Repeat,0.8,0.3114000000000001,1.1114000000000002
742322,2,197.0,0.7,Switch,1.4,0.1488,1.5488
742322,2,198.0,0.3,Switch,1.4,-0.0664,1.3336
742322,2,199.0,0.3,Repeat,1.0,0.3995999999999999,1.3996
742322,2,200.0,0.7,Switch,1.2,0.1485999999999998,1.3485999999999998
742322,2,202.0,0.7,Switch,1.0,0.3939999999999999,1.394
742322,2,204.0,0.7,Switch,1.2,0.4898,1.6898
742322,2,206.0,0.7,Switch,1.4,-0.1432999999999997,1.2567000000000002
742322,2,207.0,0.7,Repeat,1.6,-0.2394000000000002,1.3605999999999998
742322,2,208.0,0.7,Repeat,1.0,0.268,1.268
742322,2,209.0,0.3,Switch,1.6,-0.2196,1.3804
742322,2,211.0,0.3,Switch,1.4,0.3161,1.7161
742322,2,212.0,0.3,Repeat,1.0,0.3994000000000002,1.3994000000000002
742322,2,213.0,0.3,Repeat,0.8,0.5817000000000001,1.3817000000000002
742322,2,215.0,0.7,Switch,1.2,0.2495,1.4495
742322,2,216.0,0.3,Switch,1.0,0.3160999999999998,1.3160999999999998
742322,2,217.0,0.7,Switch,1.6,0.0959999999999998,1.696
742322,2,218.0,0.3,Switch,1.6,-0.0521,1.5479
742322,2,219.0,0.3,Repeat,0.8,0.3995999999999999,1.1996
742322,2,220.0,0.3,Repeat,1.4,-0.1666999999999998,1.2333
742322,2,221.0,0.3,Repeat,1.6,-0.2004000000000001,1.3996
742322,2,222.0,0.7,Switch,1.2,0.0824,1.2824
742322,2,223.0,0.3,Switch,1.2,0.1629,1.3629
742322,2,224.0,0.7,Switch,1.2,0.1109999999999999,1.311
742322,2,225.0,0.3,Switch,1.2,0.5326,1.7326
742322,2,226.0,0.3,Repeat,1.0,0.1996,1.1996
742322,2,227.0,0.7,Switch,0.8,0.4987999999999999,1.2988
742322,2,228.0,0.7,Repeat,1.4,0.2452,1.6452
742322,2,229.0,0.7,Repeat,1.6,-0.2669000000000001,1.3331
742322,2,231.0,0.3,Switch,1.4,-0.1276999999999999,1.2723
742322,2,232.0,0.3,Repeat,0.8,0.3635999999999999,1.1636
742322,2,233.0,0.3,Repeat,1.6,-0.2419000000000002,1.3581
742322,2,234.0,0.7,Switch,1.6,-0.2844000000000002,1.3156
742322,2,235.0,0.7,Repeat,1.4,0.0284000000000002,1.4284
742322,2,236.0,0.7,Repeat,0.8,0.1168999999999998,0.9169
742322,2,237.0,0.7,Repeat,1.0,-0.0645,0.9355
742322,2,238.0,0.7,Repeat,1.0,-0.1169999999999999,0.883
742322,2,239.0,0.7,Repeat,1.4,-0.1140999999999998,1.2859
742322,2,241.0,0.3,Switch,0.8,0.2096,1.0096
742322,2,242.0,0.7,Switch,1.4,-0.1170999999999997,1.2829000000000002
742322,2,243.0,0.7,Repeat,1.2,0.0007000000000001,1.2007
742322,2,244.0,0.7,Repeat,1.0,0.0567999999999999,1.0568
742322,2,245.0,0.7,Repeat,1.4,-0.4047999999999998,0.9952
742322,2,246.0,0.3,Switch,1.6,-0.3368,1.2632
742322,2,247.0,0.3,Repeat,1.0,0.2341999999999999,1.2342
742322,2,248.0,0.3,Repeat,1.2,-0.0015,1.1985
742322,2,249.0,0.3,Repeat,1.6,-0.1709000000000002,1.4290999999999998
742322,2,250.0,0.7,Switch,1.4,-0.2570999999999999,1.1429
742322,2,251.0,0.7,Repeat,1.6,-0.119,1.481
742322,2,252.0,0.3,Switch,1.0,0.4459999999999999,1.446
742322,2,253.0,0.3,Repeat,1.4,-0.1862999999999999,1.2137
742322,2,254.0,0.3,Repeat,1.2,0.1494999999999999,1.3495
742322,2,255.0,0.7,Switch,1.6,0.1215999999999999,1.7216
742322,2,256.0,0.7,Repeat,1.2,-0.169,1.031
742322,2,257.0,0.3,Switch,1.4,-0.0494999999999998,1.3505
742322,2,258.0,0.7,Switch,0.8,-0.0222000000000001,0.7777999999999999
742322,2,259.0,0.3,Switch,1.0,-0.1831,0.8169
742322,2,260.0,0.7,Switch,1.0,-0.1904,0.8096
742322,2,261.0,0.3,Switch,0.8,0.0833999999999999,0.8834
742322,2,262.0,0.7,Switch,1.0,0.0666999999999999,1.0667
742322,2,263.0,0.7,Repeat,0.8,0.0497999999999999,0.8498
742322,2,265.0,0.3,Switch,1.2,0.4495,1.6495
742322,2,266.0,0.3,Repeat,0.8,0.4424999999999999,1.2425
742322,2,267.0,0.7,Switch,0.8,0.0221,0.8221
742322,2,268.0,0.3,Switch,1.6,-0.1319000000000001,1.4681
742322,2,269.0,0.3,Repeat,1.4,0.3380000000000001,1.738
753780,2,31.0,0.7,Switch,1.6,-0.3571,1.2429
753780,2,32.0,0.3,Switch,1.2,0.0957000000000001,1.2957
753780,2,33.0,0.3,Repeat,1.0,0.1100000000000001,1.11
753780,2,34.0,0.3,Repeat,0.8,0.5232999999999999,1.3233
753780,2,35.0,0.7,Switch,1.6,-0.3355000000000001,1.2645
753780,2,37.0,0.7,Switch,1.0,0.0789000000000001,1.0789000000000002
753780,2,38.0,0.7,Repeat,1.2,0.0177,1.2177
753780,2,39.0,0.7,Repeat,1.4,-0.1041999999999998,1.2958
753780,2,40.0,0.7,Repeat,0.8,0.2714000000000001,1.0714
753780,2,42.0,0.7,Switch,1.4,-0.1590999999999998,1.2409
753780,2,43.0,0.3,Switch,0.8,0.0164999999999999,0.8165
753780,2,44.0,0.7,Switch,1.2,-0.2673999999999999,0.9326
753780,2,45.0,0.7,Repeat,1.0,0.2269000000000001,1.2269
753780,2,46.0,0.3,Switch,1.2,0.2125000000000001,1.4125
753780,2,47.0,0.7,Switch,1.2,-0.1664999999999998,1.0335
753780,2,48.0,0.7,Repeat,1.0,0.1090999999999999,1.1091
753780,2,49.0,0.3,Switch,1.0,0.1489,1.1489
753780,2,50.0,0.7,Switch,1.6,-0.1620999999999999,1.4379000000000002
753780,2,51.0,0.3,Switch,1.6,-0.5553000000000001,1.0447
753780,2,52.0,0.3,Repeat,1.4,-0.1720999999999999,1.2279
753780,2,53.0,0.7,Switch,1.4,-0.4589999999999999,0.941
753780,2,54.0,0.7,Repeat,0.8,0.1726999998999999,0.9726999999
753780,2,55.0,0.3,Switch,1.0,0.1500999999999999,1.1501
753780,2,56.0,0.3,Repeat,1.6,-0.5488,1.0512
753780,2,57.0,0.3,Repeat,1.4,0.0493000000000001,1.4493
753780,2,58.0,0.7,Switch,0.8,-0.0501999999,0.7498000001
753780,2,59.0,0.3,Switch,0.8,0.2077,1.0077
753780,2,62.0,0.7,Repeat,1.6,-0.1186,1.4814
753780,2,63.0,0.7,Repeat,1.0,0.4502000000000001,1.4502000000000002
753780,2,64.0,0.3,Switch,1.6,-0.3318000000000001,1.2682
753780,2,65.0,0.3,Repeat,1.0,0.4589000000000001,1.4589
753780,2,66.0,0.3,Repeat,1.2,0.5774000000000001,1.7774
753780,2,67.0,0.3,Repeat,0.8,0.4512999999999998,1.2513
753780,2,68.0,0.7,Switch,1.4,-0.2534,1.1465999999999998
753780,2,69.0,0.3,Switch,1.4,-0.2165999999999999,1.1834
753780,2,70.0,0.3,Repeat,1.0,0.1907999999999998,1.1908
753780,2,71.0,0.7,Switch,1.0,0.0392999999999998,1.0393
753780,2,72.0,0.3,Switch,1.6,-0.2577,1.3423
753780,2,73.0,0.7,Switch,0.8,-0.0619,0.7381
753780,2,74.0,0.3,Switch,1.2,-0.1011999999999999,1.0988
753780,2,75.0,0.7,Switch,0.8,-0.1583000001000001,0.6416999998999999
753780,2,76.0,0.7,Repeat,1.4,-0.2502999999999999,1.1497
753780,2,78.0,0.7,Switch,0.8,0.5652999999999999,1.3653
753780,2,80.0,0.7,Switch,1.2,-0.2134000001,0.9865999999
753780,2,81.0,0.7,Repeat,1.0,-0.0133999999999999,0.9866
753780,2,82.0,0.3,Switch,1.0,0.0719,1.0719
753780,2,83.0,0.7,Switch,1.2,0.4815,1.6815
753780,2,84.0,0.3,Switch,1.4,-0.2122999999999999,1.1877
753780,2,85.0,0.7,Switch,1.2,-0.2208999999999999,0.9791
753780,2,86.0,0.3,Switch,1.2,0.0370000000000001,1.237
753780,2,87.0,0.7,Switch,1.4,0.0741,1.4741
753780,2,89.0,0.3,Repeat,0.8,0.4645999999999999,1.2646
753780,2,91.0,0.7,Repeat,1.2,-0.4167999999999999,0.7832
753780,2,92.0,0.3,Switch,1.4,-0.5419000001,0.8580999999
753780,2,93.0,0.3,Repeat,0.8,0.2015,1.0015
753780,2,94.0,0.3,Repeat,1.0,0.0614000000000001,1.0614
753780,2,95.0,0.3,Repeat,1.2,-0.3036999999999999,0.8963
753780,2,96.0,0.7,Switch,1.4,-0.2374999999999998,1.1625
753780,2,99.0,0.3,Repeat,1.2,-0.1473999999999999,1.0526
753780,2,100.0,0.3,Repeat,0.8,0.1709999999999999,0.971
753780,2,101.0,0.7,Switch,1.0,0.1184,1.1184
753780,2,103.0,0.3,Repeat,1.0,0.5925,1.5925
753780,2,104.0,0.7,Switch,1.4,-0.2158999999999999,1.1841
753780,2,106.0,0.7,Repeat,1.6,-0.2118,1.3882
753780,2,107.0,0.3,Switch,1.6,-0.5725,1.0275
753780,2,108.0,0.3,Repeat,1.0,0.2387999999999999,1.2388
753780,2,109.0,0.3,Repeat,1.2,-0.012,1.188
753780,2,110.0,0.7,Switch,0.8,0.4075,1.2075
753780,2,111.0,0.7,Repeat,1.6,-0.3629000000000002,1.2371
753780,2,112.0,0.7,Repeat,1.2,-0.0719,1.1281
753780,2,113.0,0.7,Repeat,0.8,0.3593999999999999,1.1594
753780,2,115.0,0.3,Switch,1.6,-0.4493,1.1507
753780,2,116.0,0.7,Switch,1.2,0.5327000000000002,1.7327
753780,2,117.0,0.7,Repeat,1.4,0.1791,1.5791
753780,2,118.0,0.7,Repeat,1.6,0.0742,1.6742
753780,2,119.0,0.3,Switch,1.4,-0.2542,1.1458
753780,2,121.0,0.3,Switch,1.0,0.1005,1.1005
753780,2,122.0,0.3,Repeat,1.0,-0.1607999999999999,0.8392000000000001
753780,2,123.0,0.7,Switch,1.4,-0.0949999999999999,1.305
753780,2,124.0,0.7,Repeat,1.0,0.0309999999999999,1.031
753780,2,125.0,0.3,Switch,1.6,-0.4033,1.1967
753780,2,126.0,0.3,Repeat,1.2,0.3837000000000001,1.5837
753780,2,127.0,0.3,Repeat,0.8,0.2734999999999998,1.0735
753780,2,128.0,0.7,Switch,1.0,0.5246999999999999,1.5247
753780,2,130.0,0.3,Switch,1.4,-0.1027,1.2973
753780,2,132.0,0.7,Repeat,1.4,-0.5376,0.8623999999999999
753780,2,133.0,0.7,Repeat,0.8,0.1946,0.9946
753780,2,135.0,0.3,Switch,1.4,-0.5035,0.8965
753780,2,136.0,0.7,Switch,1.4,-0.0842,1.3158
753780,2,137.0,0.7,Repeat,1.0,0.1622999999999999,1.1623
753780,2,138.0,0.3,Switch,1.6,-0.3036000000000001,1.2964
753780,2,139.0,0.7,Switch,1.2,0.3532999999999999,1.5533
753780,2,140.0,0.3,Switch,1.0,0.4147,1.4147
753780,2,141.0,0.3,Repeat,0.8,0.5675999999999999,1.3676
753780,2,143.0,0.7,Switch,1.2,0.3135999999999999,1.5135999999999998
753780,2,144.0,0.7,Repeat,0.8,0.2809999999999999,1.081
753780,2,145.0,0.3,Switch,1.4,0.4291,1.8291
753780,2,146.0,0.3,Repeat,1.6,-0.1178000000000001,1.4822
753780,2,147.0,0.7,Switch,1.2,0.2079999999999999,1.408
753780,2,148.0,0.3,Switch,1.2,-0.1719999999999999,1.028
753780,2,149.0,0.3,Repeat,1.2,-0.1219000000000001,1.0780999999999998
753780,2,151.0,0.3,Repeat,1.2,-0.1539999999999999,1.046
753780,2,152.0,0.3,Repeat,0.8,0.4160999999999999,1.2161
753780,2,153.0,0.7,Switch,0.8,0.1008999999999998,0.9009
753780,2,155.0,0.7,Repeat,1.4,-0.1400999999999999,1.2599
753780,2,156.0,0.3,Switch,1.6,-0.0355,1.5645
753780,2,157.0,0.3,Repeat,1.2,0.1520999999999999,1.3521
753780,2,158.0,0.3,Repeat,1.4,0.1537000000000001,1.5537
753780,2,159.0,0.3,Repeat,1.6,-0.1694999999999999,1.4305
753780,2,160.0,0.3,Repeat,1.2,-0.1600999999999999,1.0399
753780,2,161.0,0.3,Repeat,1.4,0.0957000000000001,1.4957
753780,2,164.0,0.3,Repeat,0.8,0.5334999999999999,1.3335
753780,2,165.0,0.7,Switch,1.6,-0.2634000000000001,1.3366
753780,2,166.0,0.3,Switch,0.8,0.3551999999999999,1.1552
753780,2,167.0,0.7,Switch,0.8,0.3862999999999998,1.1863
753780,2,168.0,0.7,Repeat,1.2,0.2352,1.4352
753780,2,170.0,0.7,Repeat,1.2,-0.1637999999999999,1.0362
753780,2,171.0,0.3,Switch,1.0,0.1625000000000001,1.1625
753780,2,172.0,0.3,Repeat,1.4,-0.2805999999999997,1.1194000000000002
753780,2,173.0,0.7,Switch,1.4,-0.2001999999999999,1.1998
753780,2,175.0,0.7,Repeat,1.0,0.2632000000000001,1.2632
753780,2,176.0,0.3,Switch,1.6,0.5150000000000001,2.115
753780,2,177.0,0.7,Switch,1.0,0.567,1.567
753780,2,179.0,0.7,Repeat,1.2,0.2918,1.4918
753780,2,181.0,0.7,Switch,1.6,0.1834,1.7834
753780,2,183.0,0.3,Repeat,1.6,-0.048,1.552
753780,2,184.0,0.3,Repeat,0.8,0.314,1.114
753780,2,185.0,0.3,Repeat,1.4,-0.3454999999999999,1.0545
753780,2,187.0,0.3,Switch,1.0,0.4490999999999998,1.4490999999999998
753780,2,188.0,0.7,Switch,1.2,0.0609000000000001,1.2609
753780,2,189.0,0.3,Switch,1.0,0.2252,1.2252
753780,2,190.0,0.7,Switch,1.4,-0.1087999999999997,1.2912
753780,2,191.0,0.3,Switch,1.2,0.4337000000000002,1.6337000000000002
753780,2,192.0,0.3,Repeat,1.4,-0.2409999999999998,1.159
753780,2,193.0,0.7,Switch,1.0,0.4901,1.4901
753780,2,194.0,0.7,Repeat,1.6,0.3345999999999998,1.9346
753780,2,196.0,0.7,Repeat,1.4,-0.0510999999999999,1.3489
753780,2,198.0,0.3,Repeat,1.6,-0.2658,1.3342
753780,2,200.0,0.7,Repeat,1.6,0.1405999999999998,1.7406
753780,2,201.0,0.3,Switch,1.0,0.4250999999999998,1.4250999999999998
753780,2,202.0,0.7,Switch,1.2,0.4919000000000002,1.6919000000000002
753780,2,203.0,0.3,Switch,1.6,0.1191999999999999,1.7192
753780,2,205.0,0.3,Switch,1.4,0.3447000000000002,1.7447
753780,2,207.0,0.3,Switch,1.2,0.5167000000000002,1.7167
753780,2,208.0,0.7,Switch,1.2,0.2077999999999999,1.4078
753780,2,214.0,0.7,Switch,1.4,-0.1830999999999998,1.2169
753780,2,215.0,0.3,Switch,1.4,0.3143,1.7143
753780,2,216.0,0.7,Switch,1.4,0.4226000000000001,1.8226
753780,2,217.0,0.3,Switch,1.6,0.0101999999999999,1.6102
753780,2,219.0,0.3,Repeat,1.2,-0.3655999999999999,0.8344
753780,2,220.0,0.7,Switch,1.4,-0.4731999999999999,0.9268
753780,2,221.0,0.7,Repeat,1.0,0.3452999999999999,1.3453
753780,2,222.0,0.7,Repeat,1.0,0.3423,1.3423
753780,2,223.0,0.7,Repeat,1.2,-0.0310999999999999,1.1689
753780,2,224.0,0.7,Repeat,1.6,-0.2970000000000001,1.303
753780,2,225.0,0.3,Switch,1.0,0.3450999999999999,1.3451
753780,2,227.0,0.7,Repeat,1.6,-0.2255,1.3745
753780,2,228.0,0.7,Repeat,1.2,-0.03,1.17
753780,2,229.0,0.3,Switch,1.4,0.0167000000000001,1.4167
753780,2,230.0,0.3,Repeat,1.2,0.0230000000000001,1.223
753780,2,231.0,0.7,Switch,0.8,0.3876999999999999,1.1877
753780,2,232.0,0.3,Switch,1.4,-0.1270999999999997,1.2729
753780,2,233.0,0.3,Repeat,1.0,0.2459,1.2459
753780,2,234.0,0.7,Switch,1.6,-0.2725999999999999,1.3274
753780,2,235.0,0.7,Repeat,1.0,-0.2512999999999999,0.7487
753780,2,237.0,0.7,Switch,1.2,0.4644000000000001,1.6644
753780,2,239.0,0.3,Repeat,1.0,0.2706999999999999,1.2707
753780,2,241.0,0.7,Switch,1.2,0.0970999999999999,1.2971
753780,2,242.0,0.3,Switch,1.6,-0.5177,1.0823
753780,2,243.0,0.7,Switch,1.2,0.2825,1.4825
753780,2,244.0,0.3,Switch,1.2,0.5194000000000001,1.7194
753780,2,245.0,0.3,Repeat,1.4,-0.1689,1.2311
753780,2,246.0,0.3,Repeat,0.8,0.2435999999999998,1.0436
753780,2,247.0,0.3,Repeat,0.8,0.5282,1.3282
753780,2,249.0,0.3,Repeat,1.0,0.5757999999999999,1.5758
753780,2,251.0,0.7,Repeat,1.6,-0.0674000000000001,1.5326
753780,2,252.0,0.3,Switch,1.2,-0.0109000000000001,1.1890999999999998
753780,2,253.0,0.7,Switch,1.4,0.2454000000000002,1.6454000000000002
753780,2,254.0,0.3,Switch,1.6,-0.1127000000000002,1.4872999999999998
753780,2,256.0,0.7,Repeat,1.4,0.2156,1.6156
753780,2,257.0,0.7,Repeat,1.4,0.2158,1.6158
753780,2,258.0,0.3,Switch,1.6,0.5583999999999998,2.1584
753780,2,259.0,0.3,Repeat,0.8,0.5551999999999999,1.3552
753780,2,260.0,0.3,Repeat,1.2,0.0897000000000001,1.2897
753780,2,261.0,0.7,Switch,1.0,0.0459,1.0459
753780,2,262.0,0.7,Repeat,0.8,-0.076,0.724
753780,2,263.0,0.7,Repeat,1.0,-0.4344,0.5656
753780,2,265.0,0.7,Switch,0.8,0.2145999999999999,1.0146
753780,2,267.0,0.3,Switch,1.4,-0.0676999999999998,1.3323
753780,2,268.0,0.7,Switch,1.6,-0.1954000000000002,1.4045999999999998
753780,2,269.0,0.7,Repeat,1.2,0.1112999999999999,1.3113
815266,2,31.0,0.3,Switch,1.4,-0.1162999999999998,1.2837
815266,2,32.0,0.7,Switch,1.4,-0.0170999999999998,1.3829
815266,2,33.0,0.7,Repeat,1.6,-0.3007999999999999,1.2992
815266,2,34.0,0.7,Repeat,1.6,0.1335999999999997,1.7335999999999998
815266,2,35.0,0.7,Repeat,1.6,-0.084,1.516
815266,2,37.0,0.7,Switch,1.4,0.0027000000000001,1.4027
815266,2,38.0,0.7,Repeat,1.0,-0.017,0.983
815266,2,39.0,0.7,Repeat,1.0,0.0530999999999999,1.0531
815266,2,40.0,0.3,Switch,1.0,0.3112000000000001,1.3112
815266,2,41.0,0.3,Repeat,1.0,0.2030999999999998,1.2030999999999998
815266,2,42.0,0.7,Switch,1.4,-0.1625999999999998,1.2374
815266,2,43.0,0.3,Switch,1.2,0.0847,1.2847
815266,2,44.0,0.3,Repeat,0.8,0.2132999999999998,1.0133
815266,2,45.0,0.7,Switch,0.8,0.131,0.931
815266,2,46.0,0.3,Switch,0.8,0.0024999999999999,0.8025
815266,2,47.0,0.3,Repeat,1.6,-0.3649000000000002,1.2351
815266,2,48.0,0.7,Switch,1.2,0.0367999999999999,1.2368
815266,2,49.0,0.7,Repeat,0.8,0.1936999999999999,0.9937
815266,2,50.0,0.7,Repeat,0.8,0.3209999999999999,1.121
815266,2,51.0,0.3,Switch,1.4,-0.0168999999999999,1.3831
815266,2,52.0,0.7,Switch,1.0,0.0672000000000001,1.0672
815266,2,53.0,0.3,Switch,1.0,0.1384,1.1384
815266,2,54.0,0.3,Repeat,1.4,-0.3002,1.0998
815266,2,55.0,0.3,Repeat,1.6,-0.0644000000000002,1.5356
815266,2,56.0,0.3,Repeat,1.6,-0.121,1.479
815266,2,57.0,0.7,Switch,1.2,0.0509999999999999,1.251
815266,2,58.0,0.3,Switch,1.2,-0.0495999999999998,1.1504
815266,2,59.0,0.3,Repeat,1.2,0.1090999999999999,1.3091
815266,2,61.0,0.7,Switch,1.2,0.0835000000000001,1.2835
815266,2,62.0,0.3,Switch,1.0,0.2623,1.2623
815266,2,63.0,0.3,Repeat,0.8,0.3205999999999998,1.1205999999999998
815266,2,64.0,0.7,Switch,0.8,0.0421,0.8421000000000001
815266,2,65.0,0.3,Switch,1.2,-0.0330999999999999,1.1669
815266,2,66.0,0.7,Switch,1.6,-0.3173000000000001,1.2827
815266,2,67.0,0.3,Switch,1.0,0.1189,1.1189
815266,2,68.0,0.3,Repeat,1.6,-0.1169000000000002,1.4831
815266,2,69.0,0.7,Switch,1.0,0.3862999999999998,1.3863
815266,2,70.0,0.3,Switch,1.2,-0.1028999999999999,1.0971
815266,2,71.0,0.3,Repeat,1.4,-0.2999999999999998,1.1
815266,2,72.0,0.7,Switch,1.4,-0.1664000000000001,1.2335999999999998
815266,2,73.0,0.7,Repeat,1.2,0.0362,1.2362
815266,2,75.0,0.3,Repeat,1.6,-0.1640000000000001,1.436
815266,2,76.0,0.7,Switch,1.2,-0.0654000000000001,1.1345999999999998
815266,2,77.0,0.7,Repeat,1.6,-0.3667,1.2333
815266,2,78.0,0.7,Repeat,1.0,-0.2326,0.7674
815266,2,79.0,0.3,Switch,1.4,-0.4495999999999999,0.9504
815266,2,80.0,0.7,Switch,1.6,-0.2889000000000001,1.3111
815266,2,81.0,0.3,Switch,1.0,-0.3122999999999999,0.6877000000000001
815266,2,82.0,0.3,Repeat,1.6,-0.4160999999999999,1.1839000000000002
815266,2,83.0,0.7,Switch,1.4,-0.1803999999999999,1.2196
815266,2,84.0,0.7,Repeat,1.4,-0.0265999999999997,1.3734000000000002
815266,2,85.0,0.3,Switch,1.2,0.2319000000000002,1.4319000000000002
815266,2,86.0,0.7,Switch,1.0,0.2335,1.2335
815266,2,87.0,0.3,Switch,0.8,0.0519999999999999,0.852
815266,2,88.0,0.7,Switch,0.8,0.1562999999999998,0.9563
815266,2,89.0,0.7,Repeat,0.8,0.2181999999999999,1.0182
815266,2,91.0,0.3,Switch,1.0,0.1160999999999998,1.1161
815266,2,92.0,0.7,Switch,1.2,-0.0109000000000001,1.1890999999999998
815266,2,93.0,0.3,Switch,1.4,-0.2155999999999998,1.1844
815266,2,94.0,0.3,Repeat,1.2,-0.0415999999999998,1.1584
815266,2,95.0,0.7,Switch,1.2,-0.0192000000000001,1.1807999999999998
815266,2,96.0,0.3,Switch,1.6,-0.2164000000000001,1.3836
815266,2,97.0,0.3,Repeat,1.2,-0.0674000000000001,1.1325999999999998
815266,2,98.0,0.7,Switch,1.4,-0.1834,1.2166
815266,2,99.0,0.3,Switch,1.4,-0.1814,1.2186
815266,2,100.0,0.3,Repeat,1.4,-0.0651999999999999,1.3348
815266,2,101.0,0.7,Switch,0.8,0.2507999999999999,1.0508
815266,2,102.0,0.3,Switch,1.0,0.1873,1.1873
815266,2,103.0,0.7,Switch,1.4,-0.1885999999999998,1.2114
815266,2,104.0,0.7,Repeat,1.0,0.1332999999999999,1.1333
815266,2,105.0,0.3,Switch,0.8,0.0489999999999999,0.849
815266,2,106.0,0.7,Switch,0.8,0.1133999999999999,0.9134
815266,2,107.0,0.3,Switch,0.8,0.1978999999999999,0.9979
815266,2,108.0,0.7,Switch,1.6,-0.4392,1.1608
815266,2,109.0,0.7,Repeat,1.6,-0.0995999999999999,1.5004000000000002
815266,2,110.0,0.3,Switch,1.6,-0.1811,1.4189
815266,2,111.0,0.7,Switch,1.0,0.4190999999999998,1.4190999999999998
815266,2,112.0,0.3,Switch,1.2,0.0475000000000001,1.2475
815266,2,113.0,0.3,Repeat,1.0,0.0286999999999999,1.0287
815266,2,114.0,0.7,Switch,0.8,0.0833999999999999,0.8834
815266,2,115.0,0.7,Repeat,1.0,0.0826,1.0826
815266,2,116.0,0.7,Repeat,1.2,-0.0912999999999999,1.1087
815266,2,117.0,0.7,Repeat,1.6,-0.3732000000000002,1.2268
815266,2,118.0,0.3,Switch,0.8,0.1499999999999999,0.95
815266,2,119.0,0.3,Repeat,1.6,-0.3070999999999999,1.2929000000000002
815266,2,121.0,0.7,Switch,1.2,-0.0322,1.1678
815266,2,122.0,0.3,Switch,0.8,0.2129999999999998,1.013
815266,2,123.0,0.3,Repeat,1.0,0.1512,1.1512
815266,2,125.0,0.3,Switch,1.0,-0.0013999999999999,0.9986
815266,2,126.0,0.3,Repeat,0.8,0.1982999999999999,0.9983
815266,2,127.0,0.3,Repeat,1.2,-0.167,1.033
815266,2,128.0,0.3,Repeat,1.4,-0.1661999999999999,1.2338
815266,2,129.0,0.7,Switch,1.0,0.2532000000000001,1.2532
815266,2,130.0,0.7,Repeat,1.4,-0.1329,1.2671
815266,2,131.0,0.7,Repeat,1.4,-0.0495999999999998,1.3504
815266,2,132.0,0.7,Repeat,0.8,0.1664999999999999,0.9665
815266,2,133.0,0.3,Switch,1.2,-0.0342,1.1658
815266,2,134.0,0.3,Repeat,0.8,0.1657999999999999,0.9658
815266,2,135.0,0.3,Repeat,1.6,-0.3542,1.2458
815266,2,136.0,0.7,Switch,1.6,-0.169,1.431
815266,2,137.0,0.7,Repeat,0.8,0.1433999999999999,0.9434
815266,2,138.0,0.7,Repeat,1.0,-0.0166,0.9834
815266,2,139.0,0.7,Repeat,0.8,0.0797999999999998,0.8797999999999999
815266,2,140.0,0.3,Switch,1.0,0.0141,1.0141
815266,2,141.0,0.7,Switch,1.2,-0.0183999999999999,1.1816
815266,2,142.0,0.3,Switch,1.6,-0.165,1.435
815266,2,143.0,0.7,Switch,1.6,-0.1992,1.4008
815266,2,144.0,0.7,Repeat,1.6,-0.1669000000000002,1.4330999999999998
815266,2,145.0,0.7,Repeat,1.2,0.0167000000000001,1.2167
815266,2,146.0,0.7,Repeat,1.4,-0.0995999999999999,1.3004
815266,2,147.0,0.3,Switch,1.4,-0.0839,1.3160999999999998
815266,2,148.0,0.3,Repeat,1.6,-0.2997000000000001,1.3003
815266,2,149.0,0.3,Repeat,1.4,-0.1440999999999999,1.2559
815266,2,151.0,0.3,Switch,1.2,0.0332000000000001,1.2332
815266,2,152.0,0.3,Repeat,1.6,-0.2359000000000002,1.3641
815266,2,153.0,0.3,Repeat,0.8,0.1868999999999999,0.9869
815266,2,154.0,0.3,Repeat,1.6,0.0474999999999998,1.6475
815266,2,155.0,0.7,Switch,1.4,-0.3165,1.0835
815266,2,156.0,0.7,Repeat,1.0,-0.0159,0.9841
815266,2,157.0,0.7,Repeat,1.2,-0.1493,1.0507
815266,2,158.0,0.7,Repeat,1.6,-0.328,1.272
815266,2,159.0,0.7,Repeat,1.2,-0.1384,1.0616
815266,2,160.0,0.3,Switch,1.4,-0.3000999999999998,1.0999
815266,2,161.0,0.3,Repeat,1.2,-0.0332999999999998,1.1667
815266,2,162.0,0.3,Repeat,0.8,0.1023999999999999,0.9024
815266,2,163.0,0.7,Switch,1.4,-0.1818999999999999,1.2181
815266,2,164.0,0.3,Switch,0.8,-0.1492000000000001,0.6507999999999999
815266,2,165.0,0.3,Repeat,1.0,0.0167999999999999,1.0168
815266,2,166.0,0.7,Switch,0.8,0.0492,0.8492000000000001
815266,2,167.0,0.3,Switch,1.0,0.0166999999999999,1.0167
815266,2,168.0,0.7,Switch,1.6,-0.3859000000000001,1.2141
815266,2,169.0,0.3,Switch,1.4,-0.1943999999999999,1.2056
815266,2,170.0,0.3,Repeat,1.0,0.1057000000000001,1.1057
815266,2,171.0,0.3,Repeat,1.6,-0.397,1.203
815266,2,172.0,0.3,Repeat,1.4,-0.0799,1.3200999999999998
815266,2,173.0,0.7,Switch,0.8,0.2486999999999999,1.0487
815266,2,174.0,0.7,Repeat,1.2,-0.0794999999999999,1.1205
815266,2,175.0,0.3,Switch,1.2,-0.0962,1.1038
815266,2,176.0,0.7,Switch,1.0,-0.1153999999999999,0.8846
815266,2,177.0,0.7,Repeat,1.0,-0.0119,0.9881
815266,2,178.0,0.7,Repeat,1.4,-0.4603999999999999,0.9396
815266,2,179.0,0.7,Repeat,0.8,-0.1126,0.6874
815266,2,181.0,0.3,Switch,1.4,-0.2428999999999999,1.1571
815266,2,182.0,0.3,Repeat,1.4,-0.0459,1.3541
815266,2,183.0,0.3,Repeat,1.2,-0.0684,1.1316
815266,2,184.0,0.3,Repeat,1.6,-0.2633000000000001,1.3367
815266,2,185.0,0.3,Repeat,1.2,-0.0181999999999999,1.1818
815266,2,186.0,0.3,Repeat,0.8,0.0133999999999999,0.8134
815266,2,187.0,0.3,Repeat,1.2,-0.2501,0.9499
815266,2,188.0,0.7,Switch,1.4,-0.4495999999999999,0.9504
815266,2,189.0,0.3,Switch,1.0,-0.0498999999999999,0.9501
815266,2,190.0,0.7,Switch,1.2,-0.0487999999999999,1.1512
815266,2,191.0,0.7,Repeat,0.8,0.0979999999999999,0.898
815266,2,192.0,0.3,Switch,1.6,-0.2327000000000001,1.3673
815266,2,193.0,0.3,Repeat,1.0,0.0497,1.0497
815266,2,194.0,0.7,Switch,1.4,-0.4294999999999999,0.9705
815266,2,195.0,0.7,Repeat,1.0,-0.0006,0.9994
815266,2,196.0,0.3,Switch,1.6,-0.2165999999999999,1.3834000000000002
815266,2,197.0,0.7,Switch,1.2,-0.1962999999999999,1.0037
815266,2,198.0,0.7,Repeat,1.0,0.1017999999999998,1.1018
815266,2,199.0,0.3,Switch,1.0,0.1525999999999998,1.1525999999999998
815266,2,200.0,0.3,Repeat,0.8,0.1988999999999999,0.9989
815266,2,201.0,0.7,Switch,1.6,-0.1996,1.4004
815266,2,202.0,0.3,Switch,0.8,0.1137,0.9137
815266,2,203.0,0.7,Switch,0.8,0.4482999999999999,1.2483
815266,2,204.0,0.7,Repeat,1.4,-0.1499999999999999,1.25
815266,2,205.0,0.7,Repeat,1.2,0.0521,1.2521
815266,2,206.0,0.7,Repeat,1.0,0.102,1.102
815266,2,207.0,0.7,Repeat,1.6,-0.4004000000000001,1.1996
815266,2,208.0,0.3,Switch,1.4,-0.2837,1.1162999999999998
815266,2,209.0,0.7,Switch,1.6,-0.2469000000000001,1.3531
815266,2,211.0,0.3,Switch,1.6,-0.399,1.201
815266,2,212.0,0.7,Switch,1.4,-0.3135999999999999,1.0864
815266,2,213.0,0.3,Switch,0.8,0.1836999999999999,0.9837
815266,2,214.0,0.3,Repeat,1.4,-0.2304999999999999,1.1695
815266,2,215.0,0.3,Repeat,1.2,0.0179,1.2179
815266,2,216.0,0.7,Switch,1.2,-0.1527,1.0473
815266,2,217.0,0.3,Switch,1.0,0.1144,1.1144
815266,2,218.0,0.3,Repeat,0.8,0.0719999999999999,0.872
815266,2,219.0,0.7,Switch,1.2,-0.1614999999999999,1.0385
815266,2,220.0,0.3,Switch,1.4,-0.0885999999999997,1.3114
815266,2,221.0,0.7,Switch,1.4,-0.2680999999999998,1.1319
815266,2,222.0,0.7,Repeat,0.8,0.1661,0.9661
815266,2,223.0,0.7,Repeat,1.0,-0.0312,0.9688
815266,2,224.0,0.3,Switch,1.6,-0.1112999999999999,1.4887
815266,2,225.0,0.7,Switch,0.8,-0.0699,0.7301
815266,2,226.0,0.3,Switch,1.2,-0.2017,0.9983
815266,2,227.0,0.3,Repeat,1.6,-0.3626,1.2374
815266,2,228.0,0.7,Switch,1.4,-0.0170999999999998,1.3829
815266,2,229.0,0.7,Repeat,1.6,-0.3174000000000001,1.2826
815266,2,230.0,0.3,Switch,0.8,-0.043,0.757
815266,2,231.0,0.7,Switch,1.0,-0.0937,0.9063
815266,2,232.0,0.3,Switch,1.0,-0.1949999999999999,0.805
815266,2,233.0,0.7,Switch,1.6,-0.0310999999999999,1.5689000000000002
815266,2,234.0,0.3,Switch,1.2,0.1509,1.3509
815266,2,235.0,0.3,Repeat,1.0,0.1473,1.1473
815266,2,236.0,0.7,Switch,1.2,0.0032,1.2032
815266,2,237.0,0.7,Repeat,1.6,-0.1170999999999999,1.4829
815266,2,238.0,0.3,Switch,1.4,0.1362000000000001,1.5362
815266,2,239.0,0.7,Switch,0.8,0.0151999999999999,0.8152
815266,2,241.0,0.3,Switch,1.6,-0.0807999999999999,1.5192
815266,2,242.0,0.3,Repeat,1.6,-0.3334000000000001,1.2666
815266,2,243.0,0.7,Switch,1.0,0.1334000000000001,1.1334000000000002
815266,2,244.0,0.3,Switch,0.8,0.0329999999999999,0.833
815266,2,245.0,0.7,Switch,0.8,-0.2641000000000001,0.5358999999999999
815266,2,246.0,0.7,Repeat,0.8,0.1002999999999999,0.9003
815266,2,247.0,0.3,Switch,1.2,-0.2562999999999998,0.9437
815266,2,248.0,0.7,Switch,1.4,-0.4013999999999998,0.9986
815266,2,249.0,0.7,Repeat,1.6,-0.3173000000000001,1.2827
815266,2,250.0,0.7,Repeat,1.0,-0.0177999999999999,0.9822
815266,2,251.0,0.3,Switch,1.2,0.1008,1.3008
815266,2,252.0,0.7,Switch,1.4,-0.1276999999999999,1.2723
815266,2,253.0,0.7,Repeat,0.8,0.1298999999999999,0.9299
815266,2,254.0,0.3,Switch,1.4,-0.2344999999999999,1.1655
815266,2,255.0,0.3,Repeat,1.0,-0.1152,0.8847999999999999
815266,2,256.0,0.3,Repeat,0.8,0.3352999999999999,1.1353
815266,2,257.0,0.7,Switch,1.0,-0.1501,0.8499
815266,2,258.0,0.7,Repeat,1.6,-0.3500000000000001,1.25
815266,2,259.0,0.7,Repeat,1.6,-0.2096,1.3904
815266,2,261.0,0.3,Repeat,1.6,-0.5316000000000001,1.0684
815266,2,262.0,0.3,Repeat,1.4,-0.2339999999999999,1.166
815266,2,263.0,0.7,Switch,1.2,0.0969999999999999,1.297
815266,2,264.0,0.3,Switch,1.0,0.2505999999999999,1.2506
815266,2,265.0,0.3,Repeat,1.4,-0.2337,1.1663
815266,2,266.0,0.3,Repeat,0.8,0.0917999999999998,0.8917999999999999
815266,2,267.0,0.7,Switch,1.2,0.0617,1.2617
815266,2,268.0,0.3,Switch,1.0,-0.0059,0.9941
815266,2,269.0,0.7,Switch,1.2,-0.2176,0.9824
885939,2,31.0,0.7,Repeat,1.2,0.1637000000000001,1.3637
885939,2,32.0,0.3,Switch,1.2,-0.248,0.952
885939,2,33.0,0.7,Switch,1.0,0.2178999999999999,1.2179
885939,2,34.0,0.3,Switch,1.0,0.0539,1.0539
885939,2,35.0,0.3,Repeat,1.2,-0.139,1.061
885939,2,36.0,0.3,Repeat,0.8,0.5079,1.3079
885939,2,37.0,0.7,Switch,1.4,-0.2606999999999999,1.1393
885939,2,41.0,0.7,Switch,1.0,0.2059999999999999,1.206
885939,2,42.0,0.7,Repeat,1.4,-0.0865,1.3135
885939,2,43.0,0.3,Switch,0.8,-0.3826,0.4174
885939,2,44.0,0.3,Repeat,1.4,0.0495000000000001,1.4495
885939,2,45.0,0.7,Switch,0.8,-0.2251,0.5749
885939,2,46.0,0.7,Repeat,1.2,0.3159,1.5159
885939,2,47.0,0.7,Repeat,0.8,-0.0262999999999999,0.7737
885939,2,48.0,0.7,Repeat,1.0,0.0722,1.0722
885939,2,49.0,0.3,Switch,1.4,-0.1393999999999999,1.2606
885939,2,50.0,0.7,Switch,1.6,-0.189,1.411
885939,2,51.0,0.3,Switch,1.0,0.3996999999999999,1.3997
885939,2,52.0,0.3,Repeat,1.6,-0.2252,1.3748
885939,2,53.0,0.7,Switch,1.6,-0.0267000000000001,1.5733
885939,2,54.0,0.7,Repeat,1.6,0.0242999999999997,1.6243
885939,2,55.0,0.3,Switch,1.4,-0.1153999999999999,1.2846
885939,2,56.0,0.7,Switch,1.4,-0.0412999999999998,1.3587
885939,2,57.0,0.3,Switch,1.6,0.0494999999999998,1.6495
885939,2,58.0,0.7,Switch,0.8,-0.2894,0.5106
885939,2,59.0,0.3,Switch,0.8,-0.1351000000000001,0.6648999999999999
885939,2,61.0,0.3,Switch,0.8,-0.0788999999999999,0.7211000000000001
885939,2,62.0,0.7,Switch,1.2,-0.1089,1.0911
885939,2,63.0,0.3,Switch,1.2,0.3317000000000001,1.5317
885939,2,65.0,0.7,Switch,0.8,-0.1078,0.6922
885939,2,66.0,0.7,Repeat,0.8,-0.3781,0.4219
885939,2,67.0,0.7,Repeat,1.2,-0.1716999999999999,1.0283
885939,2,68.0,0.7,Repeat,1.0,0.1456999999999999,1.1457
885939,2,69.0,0.7,Repeat,1.2,-0.1805999999999998,1.0194
885939,2,71.0,0.3,Switch,1.0,0.2134,1.2134
885939,2,73.0,0.7,Switch,1.0,0.1753,1.1753
885939,2,74.0,0.7,Repeat,1.4,-0.2184999999999999,1.1815
885939,2,75.0,0.7,Repeat,1.6,-0.5590999999999999,1.0409000000000002
885939,2,76.0,0.3,Switch,1.4,-0.3085999999999997,1.0914
885939,2,77.0,0.3,Repeat,1.4,-0.2085999999999999,1.1914
885939,2,78.0,0.3,Repeat,1.6,-0.4725000000000001,1.1275
885939,2,80.0,0.3,Repeat,1.6,-0.5418000000000001,1.0582
885939,2,81.0,0.7,Switch,1.4,-0.0726999999999999,1.3273
885939,2,82.0,0.3,Switch,1.2,-0.3146,0.8854
885939,2,83.0,0.7,Switch,1.0,0.1080000000000001,1.108
885939,2,84.0,0.3,Switch,1.4,-0.3584999999999998,1.0415
885939,2,85.0,0.3,Repeat,1.6,-0.1628,1.4372
885939,2,86.0,0.3,Repeat,1.2,-0.3502999999999999,0.8497
885939,2,87.0,0.3,Repeat,1.0,0.127,1.127
885939,2,88.0,0.7,Switch,1.6,-0.3747,1.2253
885939,2,89.0,0.7,Repeat,1.4,-0.0788999999999999,1.3211
885939,2,91.0,0.3,Repeat,1.0,-0.1815999999999999,0.8184
885939,2,92.0,0.3,Repeat,1.4,-0.2362999999999999,1.1637
885939,2,93.0,0.3,Repeat,0.8,-0.1766000000000001,0.6234
885939,2,94.0,0.7,Switch,1.2,0.0717000000000001,1.2717
885939,2,95.0,0.3,Switch,1.6,-0.3775000000000001,1.2225
885939,2,96.0,0.7,Switch,1.0,0.0255999999999998,1.0255999999999998
885939,2,97.0,0.3,Switch,1.2,-0.0225999999999999,1.1774
885939,2,98.0,0.3,Repeat,1.0,-0.0372,0.9628
885939,2,99.0,0.7,Switch,1.6,-0.4728000000000001,1.1272
885939,2,100.0,0.7,Repeat,1.0,-0.0735,0.9265
885939,2,101.0,0.7,Repeat,1.0,-0.1083999999999999,0.8916000000000001
885939,2,102.0,0.7,Repeat,1.4,-0.3511999999999999,1.0488
885939,2,103.0,0.3,Switch,1.6,-0.4499000000000002,1.1501
885939,2,104.0,0.7,Switch,0.8,0.2712000000000001,1.0712000000000002
885939,2,105.0,0.3,Switch,1.2,-0.1273999999999999,1.0726
885939,2,106.0,0.7,Switch,1.4,-0.1454999999999999,1.2545
885939,2,107.0,0.7,Repeat,1.6,-0.3900000000000001,1.21
885939,2,108.0,0.3,Switch,0.8,-0.0069,0.7931
885939,2,109.0,0.3,Repeat,1.0,-0.1462,0.8538
885939,2,110.0,0.7,Switch,1.2,-0.2421999999999999,0.9578
885939,2,111.0,0.7,Repeat,1.4,-0.2606999999999999,1.1393
885939,2,113.0,0.7,Switch,1.6,-0.2478,1.3522
885939,2,115.0,0.7,Repeat,1.2,0.2502999999999999,1.4503
885939,2,116.0,0.3,Switch,1.2,-0.1317999999999999,1.0682
885939,2,117.0,0.3,Repeat,0.8,-0.0167,0.7833
885939,2,118.0,0.3,Repeat,1.6,-0.2570000000000001,1.343
885939,2,121.0,0.3,Switch,1.2,-0.0549999999999999,1.145
885939,2,122.0,0.7,Switch,1.0,-0.1337999999999999,0.8662000000000001
885939,2,123.0,0.7,Repeat,1.0,-0.2251,0.7748999999999999
885939,2,124.0,0.3,Switch,1.2,-0.3025,0.8975
885939,2,125.0,0.7,Switch,1.6,-0.5482000000000002,1.0517999999999998
885939,2,126.0,0.7,Repeat,1.0,0.0666999999999999,1.0667
885939,2,127.0,0.7,Repeat,1.4,0.1319000000000001,1.5319
885939,2,129.0,0.3,Repeat,1.4,-0.0604,1.3396
885939,2,130.0,0.7,Switch,1.6,-0.2496,1.3504
885939,2,131.0,0.3,Switch,1.0,0.2607000000000001,1.2607000000000002
885939,2,133.0,0.7,Repeat,1.6,-0.2995000000000001,1.3005
885939,2,134.0,0.3,Switch,1.4,-0.2038999999999999,1.1961
885939,2,135.0,0.7,Switch,1.4,-0.1335999999999997,1.2664000000000002
885939,2,136.0,0.3,Switch,1.0,0.0232000000000001,1.0232
885939,2,137.0,0.7,Switch,0.8,-0.0753,0.7247
885939,2,138.0,0.7,Repeat,1.2,0.3027000000000002,1.5027
885939,2,139.0,0.3,Switch,1.0,-0.1654,0.8346
885939,2,140.0,0.3,Repeat,1.4,-0.3075999999999999,1.0924
885939,2,141.0,0.3,Repeat,0.8,0.2765999999999999,1.0766
885939,2,142.0,0.3,Repeat,0.8,0.0238999999999999,0.8239
885939,2,143.0,0.3,Repeat,1.2,-0.2705999999999999,0.9294
885939,2,144.0,0.7,Switch,0.8,0.1995,0.9995
885939,2,145.0,0.3,Switch,1.6,-0.4965999999999999,1.1034000000000002
885939,2,146.0,0.7,Switch,0.8,0.4354,1.2354
885939,2,147.0,0.7,Repeat,1.2,-0.3036999999999999,0.8963
885939,2,149.0,0.3,Repeat,1.6,-0.3257000000000001,1.2743
885939,2,151.0,0.3,Repeat,1.2,-0.0811999999999999,1.1188
885939,2,152.0,0.7,Switch,1.4,-0.0264999999999999,1.3735
885939,2,153.0,0.7,Repeat,1.0,0.2313,1.2313
885939,2,154.0,0.7,Repeat,1.6,0.0419,1.6419
885939,2,155.0,0.3,Switch,1.2,0.2833000000000001,1.4833
885939,2,156.0,0.3,Repeat,1.0,0.2176,1.2176
885939,2,157.0,0.3,Repeat,1.6,-0.2063000000000001,1.3937
885939,2,158.0,0.7,Switch,1.0,0.3209000000000002,1.3209000000000002
885939,2,159.0,0.3,Switch,1.2,-0.0511999999999999,1.1488
885939,2,160.0,0.3,Repeat,1.4,-0.1509999999999998,1.249
885939,2,161.0,0.7,Switch,0.8,0.1134999999999999,0.9135
885939,2,162.0,0.7,Repeat,1.2,-0.0977999999999998,1.1022
885939,2,163.0,0.7,Repeat,0.8,0.1225999999999999,0.9226
885939,2,164.0,0.7,Repeat,1.6,-0.419,1.181
885939,2,165.0,0.3,Switch,1.4,-0.1280999999999998,1.2719
885939,2,166.0,0.3,Repeat,0.8,0.0639999999999999,0.864
885939,2,167.0,0.7,Switch,0.8,0.3849,1.1849
885939,2,168.0,0.3,Switch,1.4,0.1062,1.5062
885939,2,169.0,0.7,Switch,1.4,0.2055,1.6055
885939,2,170.0,0.7,Repeat,1.2,0.1995,1.3995
885939,2,173.0,0.7,Switch,1.2,-0.1252999999999999,1.0747
885939,2,174.0,0.3,Switch,0.8,0.1999999999999999,1.0
885939,2,175.0,0.3,Repeat,1.6,-0.1900000000000001,1.41
885939,2,176.0,0.3,Repeat,1.0,0.4909000000000001,1.4909
885939,2,177.0,0.7,Switch,1.6,-0.0527999999999999,1.5472
885939,2,179.0,0.7,Switch,1.4,-0.2079999999999999,1.192
885939,2,181.0,0.3,Switch,0.8,0.2585999999999999,1.0586
885939,2,182.0,0.7,Switch,1.6,-0.1746000000000001,1.4254
885939,2,183.0,0.3,Switch,1.6,-0.2468000000000001,1.3532
885939,2,184.0,0.3,Repeat,1.2,0.1062,1.3062
885939,2,185.0,0.7,Switch,1.2,0.5022,1.7022
885939,2,186.0,0.3,Switch,1.6,-0.1615000000000002,1.4385
885939,2,187.0,0.7,Switch,1.4,0.5684000000000002,1.9684
885939,2,189.0,0.3,Switch,1.6,-0.1629000000000002,1.4370999999999998
885939,2,190.0,0.3,Repeat,1.0,0.2905,1.2905
885939,2,191.0,0.3,Repeat,1.2,0.3623,1.5623
885939,2,192.0,0.3,Repeat,1.4,0.2670000000000001,1.667
885939,2,193.0,0.3,Repeat,1.4,-0.0191999999999998,1.3808
885939,2,194.0,0.3,Repeat,1.0,0.3086,1.3086
885939,2,195.0,0.7,Switch,1.4,-0.4571999999999999,0.9428
885939,2,196.0,0.7,Repeat,0.8,0.3200999999999998,1.1201
885939,2,198.0,0.7,Switch,1.0,0.2420999999999999,1.2421
885939,2,199.0,0.3,Switch,0.8,-0.0283999999999999,0.7716000000000001
885939,2,200.0,0.7,Switch,0.8,0.1748999999999999,0.9749
885939,2,201.0,0.3,Switch,1.4,0.2356,1.6356
885939,2,203.0,0.7,Repeat,1.6,0.2914000000000001,1.8914
885939,2,207.0,0.3,Switch,1.2,0.0012,1.2012
885939,2,208.0,0.7,Switch,1.6,-0.1212999999999999,1.4787
885939,2,209.0,0.7,Repeat,1.4,-0.1827999999999998,1.2172
885939,2,211.0,0.3,Repeat,1.6,-0.3328,1.2672
885939,2,212.0,0.3,Repeat,1.2,0.2359000000000002,1.4359000000000002
885939,2,213.0,0.3,Repeat,1.0,0.0083999999999999,1.0084
885939,2,214.0,0.3,Repeat,1.0,-0.0622,0.9378
885939,2,215.0,0.7,Switch,1.6,0.0366999999999999,1.6367
885939,2,216.0,0.7,Repeat,1.0,0.5321,1.5321
885939,2,217.0,0.7,Repeat,1.6,-0.1714999999999999,1.4285
885939,2,218.0,0.7,Repeat,0.8,0.1859999999999999,0.986
885939,2,220.0,0.7,Repeat,1.4,-0.3698999999999999,1.0301
885939,2,221.0,0.3,Switch,1.6,0.1755,1.7755
885939,2,222.0,0.3,Repeat,0.8,0.4726999999999999,1.2727
885939,2,223.0,0.3,Repeat,1.4,-0.1514999999999999,1.2485
885939,2,224.0,0.7,Switch,1.2,0.4327000000000001,1.6327
885939,2,225.0,0.3,Switch,1.4,0.0481,1.4481
885939,2,226.0,0.3,Repeat,1.4,0.5073000000000001,1.9073
885939,2,227.0,0.3,Repeat,1.2,0.5329000000000002,1.7329
885939,2,228.0,0.3,Repeat,0.8,-0.0855,0.7145
885939,2,229.0,0.7,Switch,0.8,0.0423999999999998,0.8423999999999999
885939,2,230.0,0.3,Switch,1.6,-0.2202999999999999,1.3797
885939,2,231.0,0.7,Switch,1.6,0.3275999999999999,1.9276
885939,2,232.0,0.7,Repeat,0.8,0.5784,1.3784
885939,2,233.0,0.3,Switch,1.2,0.0053,1.2053
885939,2,234.0,0.3,Repeat,0.8,0.0842999999999999,0.8843
885939,2,235.0,0.7,Switch,1.0,-0.0671,0.9329
885939,2,236.0,0.7,Repeat,1.2,0.1140000000000001,1.314
885939,2,237.0,0.7,Repeat,1.4,-0.0491999999999999,1.3508
885939,2,238.0,0.7,Repeat,1.4,0.145,1.545
885939,2,242.0,0.7,Repeat,1.2,0.4257000000000002,1.6257
885939,2,244.0,0.3,Repeat,1.4,-0.1965999999999998,1.2034
885939,2,245.0,0.3,Repeat,1.0,0.4115999999999999,1.4116
885939,2,248.0,0.7,Switch,1.0,0.4839,1.4839
885939,2,249.0,0.7,Repeat,0.8,0.3996999999999999,1.1997
885939,2,250.0,0.3,Switch,1.4,0.2105999999999999,1.6105999999999998
885939,2,251.0,0.7,Switch,1.4,0.187,1.587
885939,2,252.0,0.3,Switch,0.8,0.5394999999999999,1.3395
885939,2,253.0,0.7,Switch,1.2,0.0778,1.2778
885939,2,254.0,0.3,Switch,1.6,0.2479,1.8479
885939,2,255.0,0.7,Switch,1.6,0.2657999999999998,1.8658
885939,2,256.0,0.3,Switch,1.6,0.2539,1.8539
885939,2,257.0,0.7,Switch,1.2,0.4509000000000001,1.6509
885939,2,258.0,0.7,Repeat,0.8,0.1140999999999999,0.9141
885939,2,259.0,0.7,Repeat,1.0,0.4613,1.4613
885939,2,260.0,0.3,Switch,1.0,-0.0491,0.9509
885939,2,261.0,0.7,Switch,1.0,0.1151999999999999,1.1152
885939,2,262.0,0.3,Switch,1.2,-0.0537,1.1463
885939,2,263.0,0.3,Repeat,1.2,-0.0779,1.1221
885939,2,264.0,0.7,Switch,1.6,-0.5099000000000002,1.0900999999999998
885939,2,265.0,0.3,Switch,1.4,0.4196,1.8196
885939,2,266.0,0.7,Switch,1.6,-0.0304000000000002,1.5696
885939,2,267.0,0.7,Repeat,1.4,0.2664000000000002,1.6664
885939,2,268.0,0.3,Switch,1.2,0.4682000000000001,1.6682
885939,2,269.0,0.3,Repeat,1.6,0.0223999999999999,1.6224
898122,2,31.0,0.3,Switch,1.0,-0.0277,0.9723
898122,2,32.0,0.7,Switch,1.4,-0.4044999999999998,0.9955
898122,2,33.0,0.7,Repeat,1.0,0.0834999999999999,1.0835
898122,2,34.0,0.3,Switch,1.6,-0.3452000000000002,1.2548
898122,2,35.0,0.3,Repeat,1.6,-0.1332999999999999,1.4667
898122,2,36.0,0.3,Repeat,1.0,0.1747999999999998,1.1747999999999998
898122,2,38.0,0.7,Repeat,1.2,-0.2320999999999999,0.9679
898122,2,39.0,0.7,Repeat,1.2,-0.2998999999999999,0.9001
898122,2,40.0,0.3,Switch,1.2,-0.4097999999999999,0.7902
898122,2,41.0,0.3,Repeat,1.0,0.2834000000000001,1.2834
898122,2,42.0,0.3,Repeat,1.2,0.2177,1.4177
898122,2,43.0,0.3,Repeat,0.8,-0.3185,0.4815
898122,2,44.0,0.7,Switch,0.8,0.1264999999999999,0.9265
898122,2,45.0,0.7,Repeat,1.4,-0.5764999999999999,0.8235
898122,2,46.0,0.3,Switch,1.2,-0.3662999999999999,0.8337
898122,2,47.0,0.7,Switch,0.8,0.5845999999999998,1.3845999999999998
898122,2,49.0,0.3,Switch,1.4,-0.3658999999999999,1.0341
898122,2,50.0,0.3,Repeat,0.8,0.4132,1.2132
898122,2,51.0,0.3,Repeat,1.4,-0.3505999999999998,1.0494
898122,2,52.0,0.7,Switch,1.0,-0.1060999999999999,0.8939
898122,2,53.0,0.3,Switch,1.4,-0.4981,0.9019
898122,2,55.0,0.3,Switch,1.6,-0.5602,1.0398
898122,2,56.0,0.7,Switch,1.4,-0.5490999999999999,0.8509
898122,2,57.0,0.7,Repeat,1.2,-0.0499,1.1501
898122,2,58.0,0.3,Switch,0.8,0.2664999999999999,1.0665
898122,2,59.0,0.7,Switch,1.0,0.1379000000000001,1.1379
898122,2,61.0,0.7,Switch,1.0,0.0335,1.0335
898122,2,62.0,0.7,Repeat,1.4,-0.3999999999999999,1.0
898122,2,63.0,0.3,Switch,0.8,-0.0335,0.7665
898122,2,64.0,0.3,Repeat,1.2,-0.1242,1.0758
898122,2,66.0,0.7,Repeat,1.0,0.2997999999999998,1.2997999999999998
898122,2,67.0,0.3,Switch,1.0,0.4999,1.4999
898122,2,68.0,0.3,Repeat,1.6,-0.0829000000000002,1.5171
898122,2,69.0,0.7,Switch,0.8,0.4829999999999999,1.283
898122,2,70.0,0.3,Switch,1.0,0.4619999999999999,1.462
898122,2,71.0,0.7,Switch,1.4,0.3344000000000002,1.7344000000000002
898122,2,72.0,0.3,Switch,0.8,0.5332999999999999,1.3333
898122,2,73.0,0.3,Repeat,0.8,0.5999999999999999,1.4
898122,2,74.0,0.7,Switch,0.8,0.4659999999999999,1.266
898122,2,75.0,0.7,Repeat,1.2,-0.0165999999999999,1.1834
898122,2,76.0,0.3,Switch,1.4,0.1892,1.5892
898122,2,77.0,0.3,Repeat,1.2,0.1515999999999999,1.3516
898122,2,79.0,0.7,Repeat,1.6,-0.4019000000000001,1.1981
898122,2,80.0,0.3,Switch,1.6,-0.3667,1.2333
898122,2,81.0,0.7,Switch,1.0,0.1165999999999998,1.1165999999999998
898122,2,82.0,0.3,Switch,1.2,-0.0172000000000001,1.1828
898122,2,83.0,0.7,Switch,1.2,-0.0322999999999999,1.1677
898122,2,84.0,0.7,Repeat,1.6,-0.1385,1.4615
898122,2,85.0,0.3,Switch,1.0,0.3329000000000002,1.3329000000000002
898122,2,87.0,0.3,Switch,1.4,0.2265999999999999,1.6265999999999998
898122,2,89.0,0.7,Switch,1.4,-0.3497999999999999,1.0502
898122,2,91.0,0.3,Repeat,1.2,0.1954000000000002,1.3954000000000002
898122,2,92.0,0.3,Repeat,1.6,-0.5652000000000001,1.0348
898122,2,93.0,0.3,Repeat,1.2,-0.1835,1.0165
898122,2,94.0,0.7,Switch,1.4,-0.1665999999999998,1.2334
898122,2,95.0,0.3,Switch,0.8,-0.4091000000000001,0.3908999999999999
898122,2,96.0,0.7,Switch,1.2,-0.0831999999999999,1.1168
898122,2,97.0,0.3,Switch,1.0,0.1830999999999998,1.1830999999999998
898122,2,98.0,0.7,Switch,0.8,0.3168999999999999,1.1169
898122,2,99.0,0.3,Switch,0.8,0.1999999999999999,1.0
898122,2,100.0,0.7,Switch,1.0,0.0519,1.0519
898122,2,101.0,0.7,Repeat,1.2,0.0497,1.2497
898122,2,102.0,0.7,Repeat,1.0,-0.0435999999999999,0.9564
898122,2,103.0,0.3,Switch,0.8,0.3772999999999999,1.1773
898122,2,104.0,0.3,Repeat,1.0,-0.1199,0.8801
898122,2,105.0,0.3,Repeat,1.2,-0.4201,0.7798999999999999
898122,2,106.0,0.7,Switch,1.6,-0.3667,1.2333
898122,2,107.0,0.7,Repeat,1.2,-0.4652999999999999,0.7347
898122,2,108.0,0.7,Repeat,0.8,0.128,0.928
898122,2,109.0,0.3,Switch,1.4,-0.4667,0.9333
898122,2,110.0,0.7,Switch,1.6,-0.5433000000000001,1.0567
898122,2,112.0,0.7,Repeat,1.0,-0.034,0.966
898122,2,113.0,0.3,Switch,1.0,-0.0876,0.9124
898122,2,116.0,0.7,Switch,0.8,0.3280999999999998,1.1281
898122,2,117.0,0.3,Switch,1.4,-0.3662999999999998,1.0337
898122,2,118.0,0.7,Switch,1.4,-0.2320999999999997,1.1679000000000002
898122,2,119.0,0.3,Switch,1.6,-0.3123,1.2877
898122,2,121.0,0.7,Repeat,1.2,-0.3078999999999999,0.8921
898122,2,122.0,0.7,Repeat,1.4,-0.1164999999999998,1.2835
898122,2,123.0,0.3,Switch,1.6,-0.5912000000000002,1.0088
898122,2,124.0,0.3,Repeat,1.2,-0.0662999999999998,1.1337000000000002
898122,2,126.0,0.3,Repeat,1.4,-0.5667,0.8332999999999999
898122,2,127.0,0.7,Switch,1.4,-0.5987999999999999,0.8012
898122,2,128.0,0.7,Repeat,1.0,0.1162999999999998,1.1162999999999998
898122,2,129.0,0.3,Switch,1.2,9.9999999999989e-05,1.2001
898122,2,130.0,0.7,Switch,1.4,-0.5165,0.8835
898122,2,131.0,0.7,Repeat,0.8,0.4999,1.2999
898122,2,132.0,0.7,Repeat,0.8,0.0663999999999999,0.8664
898122,2,133.0,0.3,Switch,1.4,-0.5667999999999999,0.8332
898122,2,137.0,0.3,Switch,1.2,-0.1991,1.0009
898122,2,139.0,0.7,Switch,0.8,0.0333999999999999,0.8334
898122,2,140.0,0.7,Repeat,1.0,-0.0334999999999999,0.9665
898122,2,141.0,0.3,Switch,1.0,-0.2831,0.7169
898122,2,142.0,0.3,Repeat,0.8,0.3332999999999999,1.1333
898122,2,143.0,0.3,Repeat,0.8,0.2169999999999998,1.017
898122,2,144.0,0.3,Repeat,0.8,0.1666999999999999,0.9667
898122,2,145.0,0.7,Switch,1.0,-0.0999999999999999,0.9
898122,2,146.0,0.3,Switch,1.0,-0.0665999999999999,0.9334
898122,2,147.0,0.3,Repeat,1.6,-0.2865000000000002,1.3135
898122,2,148.0,0.7,Switch,1.2,-0.1497999999999999,1.0502
898122,2,149.0,0.3,Switch,1.0,0.2180999999999999,1.2181
898122,2,151.0,0.3,Switch,1.2,-0.4827999999999999,0.7172000000000001
898122,2,152.0,0.7,Switch,1.4,-0.2004999999999999,1.1995
898122,2,153.0,0.7,Repeat,1.2,-0.0988,1.1012
898122,2,154.0,0.7,Repeat,1.2,-0.1500999999999999,1.0499
898122,2,156.0,0.7,Repeat,1.0,-0.0665999999999999,0.9334
898122,2,157.0,0.3,Switch,1.0,0.0132000000000001,1.0132
898122,2,160.0,0.3,Switch,1.4,-0.5831,0.8169
898122,2,162.0,0.3,Repeat,1.6,-0.5482000000000002,1.0517999999999998
898122,2,163.0,0.3,Repeat,1.4,-0.5710999999999999,0.8289
898122,2,164.0,0.3,Repeat,1.0,0.0469000000000001,1.0469000000000002
898122,2,166.0,0.3,Switch,0.8,0.1445999999999999,0.9446
898122,2,167.0,0.7,Switch,0.8,0.2002999999999999,1.0003
898122,2,168.0,0.3,Switch,1.2,0.3007999999999999,1.5008
898122,2,169.0,0.3,Repeat,1.6,-0.4240999999999999,1.1759000000000002
898122,2,170.0,0.7,Switch,1.2,0.2293,1.4293
898122,2,171.0,0.7,Repeat,1.6,-0.5668,1.0332
898122,2,172.0,0.7,Repeat,1.0,0.4188,1.4188
898122,2,173.0,0.3,Switch,1.0,0.2498,1.2498
898122,2,174.0,0.3,Repeat,0.8,0.1933999999999999,0.9934
898122,2,175.0,0.7,Switch,1.0,-0.0652999999999999,0.9347
898122,2,176.0,0.3,Switch,0.8,0.2623,1.0623
898122,2,179.0,0.7,Switch,0.8,0.1795,0.9795
898122,2,181.0,0.7,Repeat,1.0,-0.0334999999999999,0.9665
898122,2,183.0,0.3,Repeat,0.8,0.1672,0.9672
898122,2,184.0,0.3,Repeat,0.8,0.0506999999999999,0.8507
898122,2,185.0,0.7,Switch,1.2,-0.2062,0.9938
898122,2,186.0,0.7,Repeat,0.8,-0.5894,0.2105999999999999
898122,2,187.0,0.3,Switch,1.2,-0.3001,0.8998999999999999
898122,2,188.0,0.3,Repeat,1.4,-0.4896999999999999,0.9103
898122,2,189.0,0.7,Switch,1.6,-0.3488,1.2512
898122,2,190.0,0.7,Repeat,1.6,-0.3835000000000002,1.2165
898122,2,191.0,0.3,Switch,1.0,-0.2167,0.7833
898122,2,192.0,0.3,Repeat,1.6,-0.3835000000000002,1.2165
898122,2,193.0,0.3,Repeat,0.8,-0.1337,0.6663
898122,2,194.0,0.3,Repeat,1.4,-0.3590999999999997,1.0409000000000002
898122,2,195.0,0.3,Repeat,1.6,-0.5998000000000001,1.0002
898122,2,196.0,0.3,Repeat,1.4,-0.4982999999999998,0.9017
898122,2,197.0,0.7,Switch,0.8,0.1122999999999999,0.9123
898122,2,198.0,0.7,Repeat,1.4,-0.4497,0.9503
898122,2,199.0,0.7,Repeat,1.4,-0.5216999999999999,0.8783
898122,2,201.0,0.3,Switch,1.0,-0.2833,0.7167
898122,2,202.0,0.7,Switch,1.0,0.2509999999999999,1.251
898122,2,203.0,0.7,Repeat,1.2,0.0214,1.2214
898122,2,204.0,0.3,Switch,1.2,-0.4546,0.7454
898122,2,205.0,0.3,Repeat,1.0,-0.151,0.849
898122,2,208.0,0.3,Switch,1.2,-0.2762999999999999,0.9237
898122,2,209.0,0.7,Switch,0.8,0.1662,0.9662
898122,2,211.0,0.7,Repeat,1.2,-0.1131999999999999,1.0868
898122,2,212.0,0.3,Switch,1.2,-0.1334999999999999,1.0665
898122,2,213.0,0.3,Repeat,1.4,-0.1210999999999997,1.2789
898122,2,214.0,0.7,Switch,1.4,0.0902,1.4902
898122,2,215.0,0.7,Repeat,1.6,-0.4308,1.1692
898122,2,216.0,0.3,Switch,1.0,-0.5001,0.4998999999999999
898122,2,218.0,0.3,Repeat,1.6,-0.5290999999999999,1.0709000000000002
898122,2,219.0,0.7,Switch,0.8,-0.5207,0.2793
898122,2,220.0,0.7,Repeat,0.8,0.4252,1.2252
898122,2,221.0,0.7,Repeat,1.2,0.2636,1.4636
898122,2,222.0,0.3,Switch,1.6,-0.5095000000000001,1.0905
898122,2,223.0,0.7,Switch,1.2,-0.2835,0.9165
898122,2,224.0,0.3,Switch,1.0,0.1168,1.1168
898122,2,225.0,0.3,Repeat,1.0,-0.0668999999999999,0.9331
898122,2,226.0,0.3,Repeat,1.2,-0.1982999999999999,1.0017
898122,2,227.0,0.7,Switch,1.0,-0.138,0.862
898122,2,228.0,0.7,Repeat,1.6,-0.5444000000000002,1.0556
898122,2,229.0,0.3,Switch,1.4,-0.3313999999999999,1.0686
898122,2,230.0,0.7,Switch,0.8,0.2829999999999999,1.083
898122,2,231.0,0.7,Repeat,1.6,-0.5335000000000001,1.0665
898122,2,232.0,0.3,Switch,0.8,-0.0544,0.7456
898122,2,234.0,0.3,Repeat,1.2,-0.3150999999999999,0.8849
898122,2,235.0,0.3,Repeat,0.8,0.2472000000000001,1.0472
898122,2,236.0,0.7,Switch,1.4,-0.0332999999999998,1.3667
898122,2,237.0,0.3,Switch,1.4,-0.4665999999999999,0.9334
898122,2,238.0,0.7,Switch,1.0,-0.0157999999999999,0.9842
898122,2,239.0,0.7,Repeat,1.0,-0.0672999999999999,0.9327
898122,2,241.0,0.7,Repeat,0.8,0.1352,0.9352
898122,2,244.0,0.3,Repeat,1.0,-0.2168,0.7832
898122,2,246.0,0.3,Repeat,1.0,-0.15,0.85
898122,2,247.0,0.3,Repeat,0.8,0.4994,1.2994
898122,2,248.0,0.3,Repeat,1.4,-0.1832,1.2168
898122,2,249.0,0.7,Switch,1.4,-0.3832,1.0168
898122,2,250.0,0.3,Switch,1.2,-0.0651999999999999,1.1348
898122,2,251.0,0.7,Switch,1.2,-0.2497999999999999,0.9502
898122,2,252.0,0.3,Switch,1.2,0.0085999999999999,1.2086
898122,2,253.0,0.3,Repeat,1.2,0.0886,1.2886
898122,2,254.0,0.3,Repeat,1.4,-0.2994999999999999,1.1005
898122,2,255.0,0.7,Switch,1.0,-0.165,0.835
898122,2,256.0,0.3,Switch,0.8,0.1677999999999999,0.9678
898122,2,257.0,0.3,Repeat,1.6,-0.4332,1.1668
898122,2,258.0,0.7,Switch,1.4,0.1497999999999999,1.5497999999999998
898122,2,259.0,0.7,Repeat,1.6,-0.1328,1.4672
898122,2,260.0,0.3,Switch,0.8,0.2789000000000001,1.0789000000000002
898122,2,261.0,0.7,Switch,1.0,0.2178,1.2178
898122,2,262.0,0.3,Switch,1.0,0.0665,1.0665
898122,2,264.0,0.7,Repeat,1.4,-0.004,1.396
898122,2,265.0,0.7,Repeat,0.8,0.3497999999999999,1.1498
898122,2,266.0,0.7,Repeat,0.8,0.3668,1.1668
898122,2,267.0,0.3,Switch,1.6,-0.5904,1.0096
898122,2,268.0,0.7,Switch,1.2,-0.0831999999999999,1.1168
898122,2,269.0,0.7,Repeat,1.0,-0.0834,0.9166
26578,1,31.0,0.3,Switch,1.4,0.4830000000000001,1.883
26578,1,35.0,0.3,Switch,1.4,0.153,1.553
26578,1,36.0,0.7,Switch,1.4,-0.0529999999999999,1.347
26578,1,38.0,0.3,Switch,1.6,0.381,1.981
26578,1,39.0,0.7,Switch,1.0,0.191,1.191
26578,1,40.0,0.7,Repeat,1.2,0.1979999999999999,1.398
26578,1,41.0,0.3,Switch,0.8,0.3879999999999999,1.188
26578,1,43.0,0.3,Repeat,1.6,-0.151,1.449
26578,1,44.0,0.3,Repeat,1.4,0.0830000000000001,1.483
26578,1,45.0,0.7,Switch,1.2,0.2119999999999999,1.412
26578,1,46.0,0.7,Repeat,1.6,-0.1500000000000001,1.45
26578,1,48.0,0.7,Switch,1.4,0.078,1.478
26578,1,49.0,0.7,Repeat,1.4,-0.0499999999999998,1.35
26578,1,50.0,0.3,Switch,1.6,0.2009999999999998,1.801
26578,1,51.0,0.7,Switch,1.6,-0.0310000000000001,1.569
26578,1,52.0,0.3,Switch,0.8,0.5309999999999999,1.331
26578,1,54.0,0.7,Switch,1.0,0.0969999999999999,1.097
26578,1,56.0,0.3,Repeat,1.0,0.4750000000000001,1.475
26578,1,57.0,0.7,Switch,1.2,0.4570000000000001,1.657
26578,1,59.0,0.7,Repeat,1.0,0.5820000000000001,1.582
26578,1,61.0,0.7,Repeat,1.2,0.149,1.349
26578,1,62.0,0.3,Switch,0.8,0.282,1.082
26578,1,63.0,0.7,Switch,0.8,0.4159999999999999,1.216
26578,1,65.0,0.7,Switch,1.2,0.2330000000000001,1.433
26578,1,66.0,0.3,Switch,1.6,-0.0790000000000001,1.521
26578,1,67.0,0.3,Repeat,1.4,-0.016,1.384
26578,1,68.0,0.7,Switch,1.0,0.3169999999999999,1.317
26578,1,69.0,0.3,Switch,1.6,0.361,1.961
26578,1,70.0,0.7,Switch,1.4,-0.0649999999999999,1.335
26578,1,71.0,0.7,Repeat,0.8,0.132,0.932
26578,1,72.0,0.7,Repeat,0.8,0.3659999999999999,1.166
26578,1,73.0,0.3,Switch,1.0,0.3149999999999999,1.315
26578,1,74.0,0.3,Repeat,1.6,0.0,1.6
26578,1,75.0,0.3,Repeat,1.0,0.3979999999999999,1.398
26578,1,76.0,0.7,Switch,1.4,0.1640000000000001,1.564
26578,1,77.0,0.7,Repeat,1.0,0.349,1.349
26578,1,78.0,0.3,Switch,1.4,0.2120000000000002,1.612
26578,1,79.0,0.7,Switch,1.4,-0.018,1.382
26578,1,80.0,0.7,Repeat,1.2,0.2339999999999999,1.434
26578,1,81.0,0.3,Switch,1.4,0.0390000000000001,1.439
26578,1,82.0,0.3,Repeat,1.2,-0.1679999999999999,1.032
26578,1,83.0,0.7,Switch,1.0,0.179,1.179
26578,1,85.0,0.7,Switch,1.6,0.1829999999999998,1.783
26578,1,86.0,0.7,Repeat,1.6,0.0929999999999999,1.693
26578,1,87.0,0.3,Switch,1.2,0.0909999999999999,1.291
26578,1,88.0,0.3,Repeat,1.2,0.5820000000000001,1.782
26578,1,89.0,0.3,Repeat,1.0,0.417,1.417
26578,1,91.0,0.7,Switch,1.0,0.219,1.219
26578,1,92.0,0.3,Switch,1.2,-0.1439999999999999,1.056
26578,1,93.0,0.3,Repeat,1.4,0.06,1.46
26578,1,94.0,0.7,Switch,1.4,0.24,1.64
26578,1,95.0,0.3,Switch,1.4,0.4830000000000001,1.883
26578,1,96.0,0.7,Switch,1.0,0.2949999999999999,1.295
26578,1,97.0,0.7,Repeat,0.8,0.3599999999999999,1.16
26578,1,98.0,0.7,Repeat,0.8,0.2169999999999998,1.017
26578,1,99.0,0.3,Switch,1.0,0.302,1.302
26578,1,100.0,0.7,Switch,1.4,0.383,1.783
26578,1,101.0,0.3,Switch,1.2,0.0450000000000001,1.245
26578,1,102.0,0.7,Switch,1.2,0.1620000000000001,1.362
26578,1,103.0,0.7,Repeat,1.4,0.328,1.728
26578,1,104.0,0.7,Repeat,1.6,-0.304,1.296
26578,1,105.0,0.7,Repeat,1.0,0.3500000000000001,1.35
26578,1,106.0,0.7,Repeat,0.8,0.419,1.219
26578,1,107.0,0.7,Repeat,1.2,0.064,1.264
26578,1,108.0,0.3,Switch,1.4,-0.27,1.13
26578,1,109.0,0.3,Repeat,1.6,0.0829999999999999,1.683
26578,1,110.0,0.3,Repeat,0.8,0.484,1.284
26578,1,111.0,0.7,Switch,1.6,0.0229999999999999,1.623
26578,1,112.0,0.3,Switch,0.8,0.1499999999999999,0.95
26578,1,114.0,0.3,Repeat,1.0,0.2490000000000001,1.249
26578,1,115.0,0.7,Switch,1.6,-0.1029999999999999,1.497
26578,1,116.0,0.7,Repeat,1.2,0.349,1.549
26578,1,117.0,0.3,Switch,0.8,-0.205,0.595
26578,1,118.0,0.3,Repeat,1.6,-0.407,1.193
26578,1,119.0,0.3,Repeat,1.2,0.2390000000000001,1.439
26578,1,121.0,0.7,Repeat,0.8,0.318,1.118
26578,1,122.0,0.7,Repeat,1.0,0.2159999999999999,1.216
26578,1,123.0,0.3,Switch,1.0,0.345,1.345
26578,1,124.0,0.3,Repeat,1.6,0.0469999999999999,1.647
26578,1,125.0,0.3,Repeat,0.8,0.5819999999999999,1.382
26578,1,126.0,0.7,Switch,1.2,-0.0009999999999998,1.199
26578,1,127.0,0.7,Repeat,1.2,0.349,1.549
26578,1,128.0,0.7,Repeat,1.6,0.0499999999999998,1.65
26578,1,129.0,0.7,Repeat,1.6,-0.0670000000000001,1.533
26578,1,130.0,0.7,Repeat,1.4,0.205,1.605
26578,1,131.0,0.3,Switch,0.8,0.411,1.211
26578,1,132.0,0.7,Switch,0.8,0.563,1.363
26578,1,133.0,0.3,Switch,1.6,0.3339999999999998,1.934
26578,1,134.0,0.3,Repeat,1.6,0.1659999999999999,1.766
26578,1,135.0,0.3,Repeat,0.8,0.3499999999999998,1.15
26578,1,136.0,0.7,Switch,1.2,0.2710000000000001,1.471
26578,1,137.0,0.3,Switch,1.4,-0.0309999999999999,1.369
26578,1,138.0,0.3,Repeat,1.2,0.048,1.248
26578,1,139.0,0.7,Switch,1.0,0.4499999999999999,1.45
26578,1,140.0,0.7,Repeat,1.4,0.3620000000000001,1.762
26578,1,141.0,0.3,Switch,1.0,0.3520000000000001,1.352
26578,1,142.0,0.7,Switch,1.0,0.1859999999999999,1.186
26578,1,143.0,0.3,Switch,1.4,0.135,1.535
26578,1,144.0,0.3,Repeat,1.2,-0.016,1.184
26578,1,145.0,0.7,Switch,0.8,0.2489999999999999,1.049
26578,1,146.0,0.7,Repeat,1.6,-0.1740000000000001,1.426
26578,1,147.0,0.3,Switch,1.2,0.3009999999999999,1.501
26578,1,148.0,0.3,Repeat,1.4,0.133,1.533
26578,1,151.0,0.7,Repeat,1.2,0.084,1.284
26578,1,152.0,0.3,Switch,0.8,0.2299999999999999,1.03
26578,1,153.0,0.3,Repeat,1.2,0.1500000000000001,1.35
26578,1,154.0,0.3,Repeat,1.4,0.3340000000000001,1.734
26578,1,155.0,0.7,Switch,1.2,0.3320000000000001,1.532
26578,1,156.0,0.3,Switch,1.2,0.512,1.712
26578,1,157.0,0.3,Repeat,1.0,0.0649999999999999,1.065
26578,1,158.0,0.7,Switch,1.0,0.0069999999999998,1.007
26578,1,159.0,0.3,Switch,1.2,0.1660000000000001,1.366
26578,1,160.0,0.3,Repeat,1.6,-0.0050000000000001,1.595
26578,1,161.0,0.7,Switch,1.4,0.451,1.851
26578,1,162.0,0.3,Switch,1.6,0.2139999999999999,1.814
26578,1,163.0,0.3,Repeat,1.4,0.2000000000000001,1.6
26578,1,164.0,0.3,Repeat,0.8,0.494,1.294
26578,1,165.0,0.3,Repeat,1.0,0.567,1.567
26578,1,167.0,0.3,Repeat,1.6,0.1259999999999999,1.726
26578,1,168.0,0.7,Switch,1.2,0.3320000000000001,1.532
26578,1,169.0,0.7,Repeat,1.6,0.1829999999999998,1.783
26578,1,170.0,0.7,Repeat,1.4,0.2339999999999999,1.634
26578,1,171.0,0.3,Switch,1.4,-0.0719999999999998,1.328
26578,1,172.0,0.7,Switch,1.6,0.129,1.729
26578,1,173.0,0.7,Repeat,1.0,0.1,1.1
26578,1,174.0,0.7,Repeat,1.4,0.0870000000000001,1.487
26578,1,175.0,0.3,Switch,0.8,0.4549999999999998,1.255
26578,1,176.0,0.7,Switch,1.0,0.4579999999999999,1.458
26578,1,177.0,0.7,Repeat,0.8,0.405,1.205
26578,1,178.0,0.7,Repeat,0.8,0.383,1.183
26578,1,179.0,0.7,Repeat,0.8,0.439,1.239
26578,1,182.0,0.3,Repeat,1.0,0.074,1.074
26578,1,183.0,0.3,Repeat,1.2,0.0150000000000001,1.215
26578,1,184.0,0.7,Switch,0.8,0.395,1.195
26578,1,185.0,0.7,Repeat,1.2,0.3309999999999999,1.531
26578,1,186.0,0.7,Repeat,0.8,0.236,1.036
26578,1,187.0,0.7,Repeat,1.6,0.0669999999999999,1.667
26578,1,188.0,0.7,Repeat,1.4,0.1160000000000001,1.516
26578,1,189.0,0.3,Switch,0.8,0.5640000000000001,1.364
26578,1,190.0,0.3,Repeat,1.2,0.3109999999999999,1.511
26578,1,191.0,0.7,Switch,1.0,0.324,1.324
26578,1,192.0,0.7,Repeat,1.6,-0.002,1.598
26578,1,194.0,0.7,Switch,1.4,0.262,1.662
26578,1,195.0,0.3,Switch,1.4,0.0610000000000001,1.461
26578,1,196.0,0.7,Switch,1.0,0.1839999999999999,1.184
26578,1,197.0,0.3,Switch,1.6,-0.1660000000000001,1.434
26578,1,198.0,0.3,Repeat,1.6,-0.4100000000000001,1.19
26578,1,199.0,0.3,Repeat,1.6,-0.183,1.417
26578,1,200.0,0.3,Repeat,1.4,-0.0979999999999998,1.302
26578,1,201.0,0.7,Switch,1.2,0.248,1.448
26578,1,202.0,0.7,Repeat,1.6,-0.217,1.383
26578,1,204.0,0.7,Switch,1.4,0.0970000000000002,1.497
26578,1,205.0,0.7,Repeat,1.0,0.1499999999999999,1.15
26578,1,207.0,0.7,Switch,1.2,0.185,1.385
26578,1,209.0,0.3,Switch,1.2,0.1660000000000001,1.366
26578,1,211.0,0.3,Repeat,0.8,0.367,1.167
26578,1,212.0,0.3,Repeat,1.6,0.0779999999999998,1.678
26578,1,213.0,0.3,Repeat,1.6,0.2649999999999999,1.865
26578,1,214.0,0.3,Repeat,1.0,0.2350000000000001,1.235
26578,1,215.0,0.7,Switch,0.8,0.583,1.383
26578,1,216.0,0.7,Repeat,1.0,0.2319999999999999,1.232
26578,1,218.0,0.3,Repeat,1.4,-0.2669999999999999,1.133
26578,1,219.0,0.7,Switch,1.4,0.1840000000000001,1.584
26578,1,220.0,0.7,Repeat,1.6,0.0,1.6
26578,1,221.0,0.7,Repeat,1.4,0.066,1.466
26578,1,222.0,0.3,Switch,1.2,0.2950000000000001,1.495
26578,1,223.0,0.7,Switch,1.2,0.183,1.383
26578,1,225.0,0.3,Switch,1.0,0.1169999999999999,1.117
26578,1,226.0,0.7,Switch,1.4,0.284,1.684
26578,1,227.0,0.7,Repeat,1.2,0.197,1.397
26578,1,228.0,0.3,Switch,0.8,0.4949999999999999,1.295
26578,1,229.0,0.3,Repeat,1.4,0.1169999999999999,1.517
26578,1,230.0,0.7,Switch,1.0,0.5389999999999999,1.539
26578,1,231.0,0.3,Switch,1.6,0.1439999999999999,1.744
26578,1,232.0,0.7,Switch,1.6,0.1019999999999998,1.702
26578,1,234.0,0.3,Switch,1.4,0.3330000000000002,1.733
26578,1,236.0,0.7,Repeat,1.6,0.349,1.949
26578,1,237.0,0.7,Repeat,1.2,0.209,1.409
26578,1,241.0,0.3,Switch,1.0,0.544,1.544
26578,1,242.0,0.3,Repeat,1.6,0.2149999999999998,1.815
26578,1,243.0,0.3,Repeat,1.4,0.4000000000000001,1.8
26578,1,244.0,0.3,Repeat,1.6,0.2019999999999999,1.802
26578,1,245.0,0.3,Repeat,1.2,0.314,1.514
26578,1,248.0,0.7,Repeat,0.8,0.536,1.336
26578,1,249.0,0.3,Switch,1.4,0.419,1.819
26578,1,250.0,0.7,Switch,1.6,0.0969999999999999,1.697
26578,1,251.0,0.7,Repeat,1.4,0.3430000000000002,1.743
26578,1,252.0,0.7,Repeat,1.4,0.2490000000000001,1.649
26578,1,253.0,0.7,Repeat,1.2,0.3320000000000001,1.532
26578,1,254.0,0.3,Switch,1.2,0.583,1.783
26578,1,255.0,0.3,Repeat,1.4,0.367,1.767
26578,1,256.0,0.3,Repeat,1.6,0.1659999999999999,1.766
26578,1,259.0,0.3,Repeat,1.0,0.197,1.197
26578,1,260.0,0.7,Switch,1.6,-0.0370000000000001,1.563
26578,1,261.0,0.7,Repeat,0.8,0.552,1.352
26578,1,262.0,0.7,Repeat,1.0,0.3340000000000001,1.334
26578,1,263.0,0.7,Repeat,1.2,0.4619999999999999,1.662
26578,1,266.0,0.7,Switch,1.2,0.3500000000000001,1.55
26578,1,267.0,0.7,Repeat,1.6,0.2999999999999998,1.9
26578,1,268.0,0.3,Switch,1.2,0.5450000000000002,1.745
26578,1,269.0,0.7,Switch,1.0,0.2279999999999999,1.228
109550,1,31.0,0.7,Repeat,1.6,-0.5050000000000001,1.095
109550,1,32.0,0.3,Switch,1.0,0.27,1.27
109550,1,33.0,0.7,Switch,1.0,0.131,1.131
109550,1,34.0,0.3,Switch,1.6,-0.2259999999999999,1.374
109550,1,35.0,0.3,Repeat,1.0,0.215,1.215
109550,1,36.0,0.3,Repeat,0.8,0.3959999999999999,1.196
109550,1,37.0,0.7,Switch,0.8,0.128,0.928
109550,1,38.0,0.3,Switch,1.4,-0.0759999999999998,1.324
109550,1,39.0,0.3,Repeat,0.8,0.3089999999999999,1.109
109550,1,40.0,0.3,Repeat,1.6,-0.383,1.217
109550,1,41.0,0.3,Repeat,1.0,-0.045,0.955
109550,1,42.0,0.7,Switch,1.4,-0.2389999999999998,1.161
109550,1,43.0,0.3,Switch,1.2,0.1280000000000001,1.328
109550,1,44.0,0.7,Switch,1.2,-0.1399999999999999,1.06
109550,1,45.0,0.3,Switch,0.8,0.3359999999999998,1.136
109550,1,46.0,0.3,Repeat,1.2,0.3429999999999999,1.543
109550,1,48.0,0.7,Repeat,1.4,-0.2649999999999999,1.135
109550,1,49.0,0.3,Switch,1.2,0.1129999999999999,1.313
109550,1,50.0,0.7,Switch,1.0,0.3389999999999999,1.339
109550,1,51.0,0.3,Switch,1.4,-0.3369999999999999,1.063
109550,1,52.0,0.7,Switch,1.4,-0.0499999999999998,1.35
109550,1,53.0,0.3,Switch,1.6,-0.4200000000000001,1.18
109550,1,54.0,0.7,Switch,1.6,-0.292,1.308
109550,1,55.0,0.7,Repeat,1.2,0.2099999999999999,1.41
109550,1,56.0,0.7,Repeat,1.0,0.369,1.369
109550,1,57.0,0.3,Switch,1.4,-0.2429999999999998,1.157
109550,1,58.0,0.7,Switch,1.2,0.205,1.405
109550,1,59.0,0.7,Repeat,0.8,0.413,1.213
109550,1,61.0,0.7,Switch,1.0,0.1089999999999999,1.109
109550,1,62.0,0.3,Switch,1.6,-0.423,1.177
109550,1,63.0,0.7,Switch,0.8,0.4679999999999999,1.268
109550,1,64.0,0.3,Switch,1.0,0.48,1.48
109550,1,65.0,0.3,Repeat,1.6,0.0669999999999999,1.667
109550,1,66.0,0.3,Repeat,1.2,0.209,1.409
109550,1,67.0,0.7,Switch,1.0,0.4930000000000001,1.493
109550,1,68.0,0.7,Repeat,1.4,0.1280000000000001,1.528
109550,1,69.0,0.3,Switch,0.8,0.4319999999999999,1.232
109550,1,70.0,0.7,Switch,1.4,-0.1019999999999998,1.298
109550,1,71.0,0.7,Repeat,0.8,0.4569999999999998,1.257
109550,1,72.0,0.3,Switch,1.2,-0.0979999999999998,1.102
109550,1,73.0,0.7,Switch,1.6,-0.0470000000000001,1.553
109550,1,74.0,0.3,Switch,1.4,-0.0409999999999999,1.359
109550,1,75.0,0.7,Switch,1.0,0.246,1.246
109550,1,76.0,0.3,Switch,1.4,0.1160000000000001,1.516
109550,1,77.0,0.3,Repeat,1.4,-0.0989999999999999,1.301
109550,1,78.0,0.3,Repeat,1.0,-0.028,0.972
109550,1,79.0,0.3,Repeat,0.8,0.3919999999999999,1.192
109550,1,80.0,0.7,Switch,1.2,0.1440000000000001,1.344
109550,1,81.0,0.7,Repeat,1.6,-0.2930000000000001,1.307
109550,1,82.0,0.7,Repeat,1.6,-0.0730000000000001,1.527
109550,1,83.0,0.3,Switch,1.2,0.179,1.379
109550,1,84.0,0.3,Repeat,1.6,-0.1200000000000001,1.48
109550,1,86.0,0.3,Switch,0.8,0.587,1.387
109550,1,87.0,0.7,Switch,1.2,0.4299999999999999,1.63
109550,1,88.0,0.7,Repeat,1.2,0.2470000000000001,1.447
109550,1,89.0,0.7,Repeat,1.4,0.1500000000000001,1.55
109550,1,91.0,0.3,Repeat,1.2,0.2630000000000001,1.463
109550,1,92.0,0.3,Repeat,1.6,-0.2330000000000001,1.367
109550,1,93.0,0.7,Switch,1.2,0.09,1.29
109550,1,94.0,0.3,Switch,1.6,-0.421,1.179
109550,1,95.0,0.7,Switch,1.4,-0.1559999999999999,1.244
109550,1,96.0,0.7,Repeat,1.0,0.0929999999999999,1.093
109550,1,97.0,0.3,Switch,1.4,-0.0069999999999998,1.393
109550,1,98.0,0.7,Switch,0.8,0.3919999999999999,1.192
109550,1,99.0,0.7,Repeat,1.6,-0.4180000000000001,1.182
109550,1,100.0,0.7,Repeat,1.2,0.3249999999999999,1.525
109550,1,101.0,0.3,Switch,0.8,0.387,1.187
109550,1,102.0,0.7,Switch,0.8,0.4689999999999998,1.269
109550,1,103.0,0.3,Switch,1.0,0.2330000000000001,1.233
109550,1,104.0,0.7,Switch,0.8,0.494,1.294
109550,1,105.0,0.3,Switch,1.4,-0.133,1.267
109550,1,106.0,0.3,Repeat,1.2,-0.044,1.156
109550,1,107.0,0.3,Repeat,1.0,0.1799999999999999,1.18
109550,1,109.0,0.7,Switch,1.6,-0.04,1.56
109550,1,110.0,0.3,Switch,1.0,0.094,1.094
109550,1,111.0,0.3,Repeat,1.4,-0.0379999999999998,1.362
109550,1,112.0,0.3,Repeat,0.8,0.478,1.278
109550,1,113.0,0.7,Switch,1.6,-0.284,1.316
109550,1,114.0,0.7,Repeat,1.0,0.272,1.272
109550,1,115.0,0.7,Repeat,1.4,-0.2019999999999999,1.198
109550,1,116.0,0.7,Repeat,1.4,-0.1019999999999998,1.298
109550,1,117.0,0.3,Switch,1.6,-0.3520000000000001,1.248
109550,1,118.0,0.7,Switch,1.0,0.395,1.395
109550,1,119.0,0.7,Repeat,1.2,0.1129999999999999,1.313
109550,1,121.0,0.3,Repeat,0.8,0.296,1.096
109550,1,122.0,0.3,Repeat,1.6,-0.2410000000000001,1.359
109550,1,123.0,0.7,Switch,0.8,0.3389999999999999,1.139
109550,1,124.0,0.3,Switch,0.8,0.322,1.122
109550,1,125.0,0.3,Repeat,1.4,-0.1599999999999999,1.24
109550,1,126.0,0.3,Repeat,1.2,0.02,1.22
109550,1,127.0,0.3,Repeat,1.0,0.488,1.488
109550,1,128.0,0.3,Repeat,1.4,-0.1359999999999999,1.264
109550,1,129.0,0.7,Switch,1.4,0.1,1.5
109550,1,130.0,0.3,Switch,1.4,0.1060000000000001,1.506
109550,1,131.0,0.3,Repeat,1.2,0.2059999999999999,1.406
109550,1,133.0,0.7,Switch,1.0,0.5920000000000001,1.592
109550,1,134.0,0.7,Repeat,1.6,-0.1500000000000001,1.45
109550,1,135.0,0.7,Repeat,1.4,0.1,1.5
109550,1,136.0,0.7,Repeat,1.2,0.361,1.561
109550,1,137.0,0.3,Switch,1.2,0.1,1.3
109550,1,138.0,0.7,Switch,0.8,0.3899999999999999,1.19
109550,1,139.0,0.7,Repeat,1.0,0.2589999999999999,1.259
109550,1,140.0,0.3,Switch,1.0,0.072,1.072
109550,1,141.0,0.7,Switch,1.4,-0.0709999999999999,1.329
109550,1,142.0,0.7,Repeat,1.0,0.278,1.278
109550,1,144.0,0.7,Switch,1.2,0.3540000000000001,1.554
109550,1,145.0,0.7,Repeat,0.8,0.5,1.3
109550,1,146.0,0.7,Repeat,1.6,-0.207,1.393
109550,1,147.0,0.3,Switch,1.6,-0.409,1.191
109550,1,148.0,0.7,Switch,1.6,-0.2530000000000001,1.347
109550,1,149.0,0.7,Repeat,1.2,0.522,1.722
109550,1,151.0,0.3,Repeat,1.4,0.066,1.466
109550,1,152.0,0.3,Repeat,0.8,0.435,1.235
109550,1,153.0,0.3,Repeat,1.0,0.308,1.308
109550,1,154.0,0.7,Switch,1.6,-0.4180000000000001,1.182
109550,1,155.0,0.7,Repeat,1.2,0.2410000000000001,1.441
109550,1,156.0,0.3,Switch,1.6,-0.1520000000000001,1.448
109550,1,157.0,0.3,Repeat,0.8,0.429,1.229
109550,1,158.0,0.7,Switch,1.0,0.2470000000000001,1.247
109550,1,159.0,0.7,Repeat,1.2,0.1999999999999999,1.4
109550,1,160.0,0.7,Repeat,1.4,0.0550000000000001,1.455
109550,1,161.0,0.3,Switch,1.6,-0.1720000000000001,1.428
109550,1,162.0,0.3,Repeat,1.2,0.026,1.226
109550,1,164.0,0.7,Repeat,1.4,-0.0009999999999998,1.399
109550,1,165.0,0.7,Repeat,1.6,-0.129,1.471
109550,1,167.0,0.3,Switch,1.0,0.593,1.593
109550,1,168.0,0.7,Switch,1.6,-0.026,1.574
109550,1,169.0,0.3,Switch,1.2,0.29,1.49
109550,1,170.0,0.3,Repeat,1.4,0.1600000000000001,1.56
109550,1,171.0,0.3,Repeat,1.4,-0.1099999999999998,1.29
109550,1,172.0,0.7,Switch,1.0,0.518,1.518
109550,1,174.0,0.3,Switch,1.0,0.4359999999999999,1.436
109550,1,175.0,0.7,Switch,1.2,0.211,1.411
109550,1,177.0,0.7,Switch,1.4,0.068,1.468
109550,1,178.0,0.7,Repeat,0.8,0.5999999999999999,1.4
109550,1,179.0,0.3,Switch,1.6,-0.2870000000000001,1.313
109550,1,181.0,0.3,Repeat,1.4,-0.1769999999999998,1.223
109550,1,182.0,0.3,Repeat,1.6,-0.157,1.443
109550,1,183.0,0.7,Switch,1.4,0.2100000000000002,1.61
109550,1,184.0,0.3,Switch,1.2,0.2930000000000001,1.493
109550,1,186.0,0.7,Repeat,1.2,-0.036,1.164
109550,1,187.0,0.7,Repeat,1.0,0.2729999999999999,1.273
109550,1,188.0,0.7,Repeat,1.2,0.1660000000000001,1.366
109550,1,189.0,0.7,Repeat,1.6,0.0339999999999998,1.634
109550,1,190.0,0.7,Repeat,1.0,0.55,1.55
109550,1,191.0,0.3,Switch,1.0,0.3349999999999999,1.335
109550,1,192.0,0.3,Repeat,1.4,-0.01,1.39
109550,1,193.0,0.7,Switch,1.6,-0.088,1.512
109550,1,194.0,0.3,Switch,1.0,0.3899999999999999,1.39
109550,1,196.0,0.7,Switch,1.4,0.036,1.436
109550,1,197.0,0.3,Switch,1.6,-0.2450000000000001,1.355
109550,1,198.0,0.7,Switch,1.6,-0.2710000000000001,1.329
109550,1,200.0,0.3,Switch,1.0,0.4790000000000001,1.479
109550,1,201.0,0.7,Switch,1.2,0.179,1.379
109550,1,202.0,0.3,Switch,1.4,0.1169999999999999,1.517
109550,1,203.0,0.3,Repeat,1.6,0.022,1.622
109550,1,204.0,0.3,Repeat,1.2,0.2970000000000001,1.497
109550,1,206.0,0.3,Repeat,1.2,0.2239999999999999,1.424
109550,1,207.0,0.7,Switch,1.0,0.5109999999999999,1.511
109550,1,209.0,0.7,Repeat,1.4,0.0590000000000001,1.459
109550,1,211.0,0.3,Switch,1.2,0.1380000000000001,1.338
109550,1,212.0,0.7,Switch,1.6,-0.282,1.318
109550,1,213.0,0.3,Switch,1.6,-0.304,1.296
109550,1,214.0,0.3,Repeat,0.8,0.357,1.157
109550,1,215.0,0.3,Repeat,1.6,0.1499999999999999,1.75
109550,1,216.0,0.7,Switch,1.4,-0.2099999999999999,1.19
109550,1,217.0,0.7,Repeat,1.4,0.1080000000000001,1.508
109550,1,218.0,0.7,Repeat,1.0,0.3089999999999999,1.309
109550,1,219.0,0.3,Switch,1.4,0.306,1.706
109550,1,220.0,0.7,Switch,0.8,0.4139999999999999,1.214
109550,1,221.0,0.7,Repeat,1.2,0.1680000000000001,1.368
109550,1,222.0,0.3,Switch,1.0,0.415,1.415
109550,1,223.0,0.7,Switch,1.2,0.1520000000000001,1.352
109550,1,224.0,0.3,Switch,1.4,-0.0359999999999998,1.364
109550,1,226.0,0.7,Repeat,1.2,0.326,1.526
109550,1,227.0,0.7,Repeat,1.6,-0.292,1.308
109550,1,228.0,0.7,Repeat,1.0,0.3620000000000001,1.362
109550,1,230.0,0.7,Switch,1.6,-0.2670000000000001,1.333
109550,1,231.0,0.3,Switch,1.2,0.0709999999999999,1.271
109550,1,232.0,0.3,Repeat,1.6,-0.2259999999999999,1.374
109550,1,233.0,0.3,Repeat,1.4,-0.0529999999999999,1.347
109550,1,234.0,0.7,Switch,0.8,0.5409999999999999,1.341
109550,1,235.0,0.3,Switch,0.8,0.548,1.348
109550,1,236.0,0.7,Switch,1.4,0.0750000000000001,1.475
109550,1,237.0,0.3,Switch,1.0,0.3660000000000001,1.366
109550,1,238.0,0.3,Repeat,1.0,0.4630000000000001,1.463
109550,1,239.0,0.3,Repeat,1.2,0.1420000000000001,1.342
109550,1,241.0,0.7,Repeat,1.0,0.4479999999999999,1.448
109550,1,242.0,0.7,Repeat,1.6,-0.1180000000000001,1.482
109550,1,244.0,0.3,Repeat,1.4,-0.0329999999999999,1.367
109550,1,245.0,0.3,Repeat,1.2,0.3440000000000001,1.544
109550,1,246.0,0.7,Switch,1.2,0.4690000000000001,1.669
109550,1,247.0,0.3,Switch,1.0,0.4830000000000001,1.483
109550,1,248.0,0.3,Repeat,0.8,0.583,1.383
109550,1,249.0,0.3,Repeat,1.0,0.379,1.379
109550,1,250.0,0.7,Switch,1.0,0.5549999999999999,1.555
109550,1,251.0,0.7,Repeat,1.6,-0.062,1.538
109550,1,254.0,0.7,Repeat,1.2,0.254,1.454
109550,1,255.0,0.3,Switch,1.4,0.135,1.535
109550,1,256.0,0.7,Switch,1.6,-0.2570000000000001,1.343
109550,1,257.0,0.7,Repeat,0.8,0.256,1.056
109550,1,258.0,0.3,Switch,1.2,0.048,1.248
109550,1,259.0,0.3,Repeat,0.8,0.5979999999999999,1.398
109550,1,260.0,0.7,Switch,1.2,0.1939999999999999,1.394
109550,1,261.0,0.3,Switch,1.2,0.5050000000000001,1.705
109550,1,262.0,0.3,Repeat,0.8,0.4199999999999999,1.22
109550,1,263.0,0.3,Repeat,1.6,-0.4580000000000002,1.142
109550,1,264.0,0.3,Repeat,1.6,-0.3800000000000001,1.22
109550,1,265.0,0.7,Switch,1.0,0.09,1.09
109550,1,266.0,0.3,Switch,1.6,-0.409,1.191
109550,1,267.0,0.7,Switch,1.4,-0.147,1.253
109550,1,268.0,0.3,Switch,1.0,0.2019999999999999,1.202
109550,1,269.0,0.7,Switch,1.4,0.1300000000000001,1.53
199724,1,31.0,0.3,Switch,1.0,0.08,1.08
199724,1,32.0,0.3,Repeat,1.0,0.0329999999999999,1.033
199724,1,33.0,0.3,Repeat,1.2,-0.006,1.194
199724,1,34.0,0.3,Repeat,1.0,0.159,1.159
199724,1,35.0,0.7,Switch,0.8,0.0769999999999999,0.877
199724,1,36.0,0.7,Repeat,1.6,-0.3800000000000001,1.22
199724,1,37.0,0.7,Repeat,1.2,-0.0869999999999999,1.113
199724,1,38.0,0.3,Switch,1.4,-0.5209999999999999,0.879
199724,1,39.0,0.7,Switch,1.0,0.0149999999999999,1.015
199724,1,40.0,0.7,Repeat,1.4,-0.2249999999999998,1.175
199724,1,41.0,0.7,Repeat,1.4,-0.5489999999999999,0.851
199724,1,42.0,0.3,Switch,1.4,-0.264,1.136
199724,1,43.0,0.3,Repeat,0.8,0.1149999999999999,0.915
199724,1,44.0,0.3,Repeat,0.8,0.0889999999999999,0.889
199724,1,45.0,0.7,Switch,0.8,0.2069999999999998,1.007
199724,1,46.0,0.7,Repeat,1.6,-0.5940000000000001,1.006
199724,1,47.0,0.3,Switch,1.2,-0.155,1.045
199724,1,48.0,0.3,Repeat,1.4,-0.2859999999999998,1.114
199724,1,49.0,0.3,Repeat,1.2,0.304,1.504
199724,1,50.0,0.7,Switch,1.4,-0.1939999999999999,1.206
199724,1,51.0,0.7,Repeat,1.0,0.2179999999999999,1.218
199724,1,52.0,0.3,Switch,1.6,-0.302,1.298
199724,1,53.0,0.3,Repeat,1.6,-0.2310000000000001,1.369
199724,1,54.0,0.3,Repeat,0.8,0.276,1.076
199724,1,55.0,0.7,Switch,0.8,0.2199999999999999,1.02
199724,1,56.0,0.3,Switch,1.6,-0.379,1.221
199724,1,57.0,0.7,Switch,1.2,0.076,1.276
199724,1,58.0,0.7,Repeat,1.6,-0.286,1.314
199724,1,59.0,0.7,Repeat,1.2,0.3680000000000001,1.568
199724,1,61.0,0.3,Switch,1.0,0.2549999999999999,1.255
199724,1,62.0,0.7,Switch,1.0,-0.05,0.95
199724,1,63.0,0.3,Switch,1.0,0.1499999999999999,1.15
199724,1,64.0,0.3,Repeat,1.2,-0.044,1.156
199724,1,65.0,0.3,Repeat,1.4,-0.0699999999999998,1.33
199724,1,66.0,0.7,Switch,1.0,0.387,1.387
199724,1,67.0,0.3,Switch,0.8,0.28,1.08
199724,1,68.0,0.3,Repeat,1.2,-0.167,1.033
199724,1,69.0,0.3,Repeat,1.6,-0.2390000000000001,1.361
199724,1,70.0,0.3,Repeat,1.2,0.1440000000000001,1.344
199724,1,71.0,0.3,Repeat,0.8,0.262,1.062
199724,1,72.0,0.7,Switch,1.0,0.2430000000000001,1.243
199724,1,73.0,0.7,Repeat,1.6,-0.3700000000000001,1.23
199724,1,74.0,0.3,Switch,1.0,0.3999999999999999,1.4
199724,1,75.0,0.3,Repeat,1.4,-0.2909999999999999,1.109
199724,1,76.0,0.3,Repeat,1.6,-0.3410000000000002,1.259
199724,1,77.0,0.7,Switch,1.6,-0.353,1.247
199724,1,78.0,0.3,Switch,1.6,-0.363,1.237
199724,1,79.0,0.7,Switch,0.8,0.417,1.217
199724,1,80.0,0.7,Repeat,1.4,-0.0639999999999998,1.336
199724,1,81.0,0.7,Repeat,0.8,0.3699999999999999,1.17
199724,1,82.0,0.7,Repeat,1.2,0.153,1.353
199724,1,83.0,0.7,Repeat,0.8,0.3999999999999999,1.2
199724,1,84.0,0.7,Repeat,1.6,-0.351,1.249
199724,1,85.0,0.7,Repeat,1.2,0.0769999999999999,1.277
199724,1,86.0,0.7,Repeat,1.4,0.0,1.4
199724,1,87.0,0.7,Repeat,1.4,-0.1499999999999999,1.25
199724,1,88.0,0.3,Switch,0.8,0.316,1.116
199724,1,89.0,0.3,Repeat,1.4,-0.0489999999999999,1.351
199724,1,91.0,0.7,Switch,0.8,0.32,1.12
199724,1,92.0,0.7,Repeat,1.0,0.0329999999999999,1.033
199724,1,93.0,0.7,Repeat,1.4,-0.0849999999999999,1.315
199724,1,94.0,0.7,Repeat,1.4,0.084,1.484
199724,1,95.0,0.7,Repeat,1.6,-0.266,1.334
199724,1,96.0,0.3,Switch,0.8,0.2019999999999999,1.002
199724,1,97.0,0.3,Repeat,1.0,0.24,1.24
199724,1,98.0,0.7,Switch,0.8,0.32,1.12
199724,1,99.0,0.3,Switch,1.6,-0.145,1.455
199724,1,100.0,0.3,Repeat,1.0,0.0349999999999999,1.035
199724,1,101.0,0.3,Repeat,0.8,0.5589999999999999,1.359
199724,1,102.0,0.3,Repeat,0.8,0.496,1.296
199724,1,103.0,0.7,Switch,1.2,0.102,1.302
199724,1,104.0,0.7,Repeat,1.0,0.409,1.409
199724,1,106.0,0.7,Switch,0.8,0.437,1.237
199724,1,107.0,0.7,Repeat,1.6,-0.1780000000000001,1.422
199724,1,108.0,0.3,Switch,1.6,-0.03,1.57
199724,1,109.0,0.3,Repeat,1.2,0.24,1.44
199724,1,110.0,0.7,Switch,1.2,0.3149999999999999,1.515
199724,1,111.0,0.7,Repeat,1.6,-0.034,1.566
199724,1,112.0,0.3,Switch,1.4,0.2970000000000001,1.697
199724,1,113.0,0.7,Switch,1.0,0.4639999999999999,1.464
199724,1,114.0,0.7,Repeat,1.4,0.201,1.601
199724,1,115.0,0.3,Switch,1.4,0.1680000000000001,1.568
199724,1,116.0,0.3,Repeat,1.2,0.393,1.593
199724,1,117.0,0.3,Repeat,1.4,-0.002,1.398
199724,1,118.0,0.3,Repeat,1.6,-0.0530000000000001,1.547
199724,1,119.0,0.7,Switch,1.2,0.0649999999999999,1.265
199724,1,121.0,0.7,Switch,1.0,0.1859999999999999,1.186
199724,1,122.0,0.7,Repeat,0.8,0.3699999999999999,1.17
199724,1,123.0,0.7,Repeat,1.4,-0.0929999999999999,1.307
199724,1,124.0,0.3,Switch,0.8,0.5589999999999999,1.359
199724,1,125.0,0.3,Repeat,1.0,0.094,1.094
199724,1,126.0,0.3,Repeat,1.2,0.488,1.688
199724,1,127.0,0.7,Switch,1.2,0.2219999999999999,1.422
199724,1,128.0,0.3,Switch,1.0,0.173,1.173
199724,1,129.0,0.7,Switch,1.2,0.0410000000000001,1.241
199724,1,130.0,0.3,Switch,1.6,-0.276,1.324
199724,1,131.0,0.7,Switch,1.6,0.0669999999999999,1.667
199724,1,132.0,0.3,Switch,1.4,-0.0259999999999998,1.374
199724,1,133.0,0.7,Switch,1.2,0.0050000000000001,1.205
199724,1,134.0,0.3,Switch,1.6,-0.0810000000000001,1.519
199724,1,135.0,0.3,Repeat,1.2,0.2430000000000001,1.443
199724,1,136.0,0.3,Repeat,1.2,0.191,1.391
199724,1,137.0,0.3,Repeat,1.4,0.1180000000000001,1.518
199724,1,139.0,0.7,Switch,1.6,0.1339999999999999,1.734
199724,1,141.0,0.7,Repeat,1.4,0.2339999999999999,1.634
199724,1,142.0,0.3,Switch,1.6,0.0819999999999998,1.682
199724,1,143.0,0.7,Switch,0.8,0.478,1.278
199724,1,144.0,0.7,Repeat,0.8,0.5979999999999999,1.398
199724,1,145.0,0.7,Repeat,1.6,0.0499999999999998,1.65
199724,1,146.0,0.3,Switch,1.4,0.0530000000000001,1.453
199724,1,147.0,0.7,Switch,1.0,0.5549999999999999,1.555
199724,1,148.0,0.7,Repeat,1.4,0.068,1.468
199724,1,149.0,0.3,Switch,1.0,0.3460000000000001,1.346
199724,1,151.0,0.3,Switch,1.2,0.2870000000000001,1.487
199724,1,152.0,0.3,Repeat,1.2,0.254,1.454
199724,1,153.0,0.3,Repeat,0.8,0.5389999999999999,1.339
199724,1,154.0,0.3,Repeat,0.8,0.562,1.362
199724,1,155.0,0.3,Repeat,1.0,0.403,1.403
199724,1,156.0,0.3,Repeat,1.6,-0.3800000000000001,1.22
199724,1,157.0,0.3,Repeat,1.4,0.2770000000000001,1.677
199724,1,158.0,0.3,Repeat,1.4,0.145,1.545
199724,1,159.0,0.7,Switch,1.0,0.492,1.492
199724,1,160.0,0.7,Repeat,1.6,-0.1120000000000001,1.488
199724,1,161.0,0.7,Repeat,0.8,0.5489999999999999,1.349
199724,1,162.0,0.3,Switch,1.0,0.3149999999999999,1.315
199724,1,163.0,0.7,Switch,1.0,0.439,1.439
199724,1,164.0,0.7,Repeat,1.2,0.395,1.595
199724,1,165.0,0.7,Repeat,0.8,0.3659999999999999,1.166
199724,1,166.0,0.3,Switch,1.0,0.32,1.32
199724,1,168.0,0.7,Repeat,1.4,-0.1459999999999999,1.254
199724,1,169.0,0.3,Switch,1.6,-0.2550000000000001,1.345
199724,1,170.0,0.7,Switch,1.0,0.0749999999999999,1.075
199724,1,171.0,0.7,Repeat,1.6,-0.274,1.326
199724,1,172.0,0.7,Repeat,1.4,0.0610000000000001,1.461
199724,1,173.0,0.7,Repeat,1.6,-0.3370000000000002,1.263
199724,1,174.0,0.7,Repeat,1.4,-0.0659999999999998,1.334
199724,1,175.0,0.3,Switch,1.2,0.379,1.579
199724,1,176.0,0.7,Switch,1.2,0.256,1.456
199724,1,177.0,0.3,Switch,1.4,-0.0559999999999998,1.344
199724,1,178.0,0.3,Repeat,1.6,-0.066,1.534
199724,1,182.0,0.3,Repeat,1.4,0.1840000000000001,1.584
199724,1,183.0,0.3,Repeat,1.4,0.322,1.722
199724,1,184.0,0.7,Switch,1.2,0.288,1.488
199724,1,185.0,0.3,Switch,1.4,0.054,1.454
199724,1,186.0,0.7,Switch,1.6,-0.1009999999999999,1.499
199724,1,188.0,0.7,Switch,1.6,0.145,1.745
199724,1,189.0,0.7,Repeat,1.2,0.2510000000000001,1.451
199724,1,190.0,0.7,Repeat,1.2,0.1380000000000001,1.338
199724,1,193.0,0.7,Switch,1.0,0.3009999999999999,1.301
199724,1,194.0,0.7,Repeat,0.8,0.502,1.302
199724,1,195.0,0.7,Repeat,1.4,0.131,1.531
199724,1,196.0,0.3,Switch,1.6,0.0429999999999999,1.643
199724,1,197.0,0.7,Switch,0.8,0.5229999999999999,1.323
199724,1,198.0,0.7,Repeat,1.4,0.193,1.593
199724,1,199.0,0.3,Switch,1.2,0.31,1.51
199724,1,200.0,0.7,Switch,1.0,0.363,1.363
199724,1,201.0,0.7,Repeat,1.6,0.014,1.614
199724,1,202.0,0.7,Repeat,1.4,0.1120000000000001,1.512
199724,1,203.0,0.3,Switch,1.6,-0.0090000000000001,1.591
199724,1,204.0,0.3,Repeat,1.0,0.53,1.53
199724,1,205.0,0.3,Repeat,1.2,0.417,1.617
199724,1,206.0,0.3,Repeat,1.0,0.5469999999999999,1.547
199724,1,208.0,0.7,Repeat,1.0,0.455,1.455
199724,1,209.0,0.3,Switch,1.2,0.2810000000000001,1.481
199724,1,211.0,0.3,Repeat,1.6,-0.4060000000000001,1.194
199724,1,212.0,0.7,Switch,1.4,0.044,1.444
199724,1,213.0,0.7,Repeat,1.4,0.165,1.565
199724,1,214.0,0.7,Repeat,1.0,0.484,1.484
199724,1,218.0,0.7,Switch,1.2,0.141,1.341
199724,1,219.0,0.7,Repeat,1.2,0.219,1.419
199724,1,220.0,0.3,Switch,1.2,0.221,1.421
199724,1,221.0,0.3,Repeat,1.4,-0.0859999999999998,1.314
199724,1,222.0,0.7,Switch,1.6,-0.145,1.455
199724,1,223.0,0.3,Switch,1.0,0.5,1.5
199724,1,224.0,0.3,Repeat,1.2,0.1340000000000001,1.334
199724,1,225.0,0.7,Switch,1.4,0.2319999999999999,1.632
199724,1,227.0,0.3,Switch,0.8,0.552,1.352
199724,1,228.0,0.7,Switch,1.6,0.0419999999999998,1.642
199724,1,229.0,0.3,Switch,1.6,0.254,1.854
199724,1,231.0,0.7,Switch,1.2,0.1680000000000001,1.368
199724,1,232.0,0.3,Switch,1.6,0.0669999999999999,1.667
199724,1,235.0,0.7,Repeat,1.6,-0.1320000000000001,1.468
199724,1,236.0,0.3,Switch,1.4,0.016,1.416
199724,1,237.0,0.3,Repeat,1.2,0.2530000000000001,1.453
199724,1,238.0,0.7,Switch,0.8,0.431,1.231
199724,1,241.0,0.3,Repeat,1.0,0.3349999999999999,1.335
199724,1,242.0,0.7,Switch,1.4,0.1440000000000001,1.544
199724,1,243.0,0.7,Repeat,1.4,-0.0779999999999998,1.322
199724,1,244.0,0.3,Switch,1.4,-0.0939999999999998,1.306
199724,1,245.0,0.7,Switch,1.6,-0.173,1.427
199724,1,246.0,0.7,Repeat,1.0,0.2829999999999999,1.283
199724,1,247.0,0.7,Repeat,0.8,0.3269999999999999,1.127
199724,1,248.0,0.3,Switch,1.6,-0.0730000000000001,1.527
199724,1,249.0,0.7,Switch,1.0,0.2809999999999999,1.281
199724,1,250.0,0.3,Switch,0.8,0.5089999999999999,1.309
199724,1,251.0,0.3,Repeat,1.0,0.4639999999999999,1.464
199724,1,252.0,0.3,Repeat,1.6,-0.3250000000000002,1.275
199724,1,253.0,0.7,Switch,1.2,0.1169999999999999,1.317
199724,1,254.0,0.7,Repeat,1.0,0.3680000000000001,1.368
199724,1,255.0,0.3,Switch,1.2,0.2610000000000001,1.461
199724,1,256.0,0.3,Repeat,1.6,-0.129,1.471
199724,1,258.0,0.3,Repeat,1.4,0.0630000000000001,1.463
199724,1,259.0,0.3,Repeat,0.8,0.591,1.391
199724,1,260.0,0.3,Repeat,1.2,0.3500000000000001,1.55
199724,1,261.0,0.7,Switch,1.4,0.0570000000000001,1.457
199724,1,262.0,0.7,Repeat,1.2,0.411,1.611
199724,1,263.0,0.3,Switch,1.4,-0.1909999999999998,1.209
199724,1,264.0,0.7,Switch,1.2,0.3429999999999999,1.543
199724,1,265.0,0.7,Repeat,1.6,0.01,1.61
199724,1,266.0,0.3,Switch,1.2,0.4419999999999999,1.642
199724,1,267.0,0.7,Switch,1.6,0.1359999999999999,1.736
199724,1,268.0,0.7,Repeat,0.8,0.5429999999999999,1.343
199724,1,269.0,0.7,Repeat,0.8,0.4439999999999999,1.244
241220,1,32.0,0.7,Repeat,1.6,0.123,1.723
241220,1,33.0,0.3,Switch,0.8,0.2319999999999999,1.032
241220,1,34.0,0.3,Repeat,1.4,0.104,1.504
241220,1,35.0,0.3,Repeat,1.6,-0.484,1.116
241220,1,36.0,0.7,Switch,0.8,0.0989999999999999,0.899
241220,1,37.0,0.3,Switch,1.6,0.0309999999999999,1.631
241220,1,38.0,0.3,Repeat,1.6,-0.302,1.298
241220,1,39.0,0.7,Switch,1.4,-0.1279999999999999,1.272
241220,1,40.0,0.7,Repeat,1.4,-0.4719999999999998,0.928
241220,1,41.0,0.7,Repeat,1.0,-0.05,0.95
241220,1,42.0,0.7,Repeat,1.2,0.5,1.7
241220,1,44.0,0.3,Switch,1.2,-0.379,0.821
241220,1,45.0,0.3,Repeat,1.4,-0.1869999999999998,1.213
241220,1,46.0,0.3,Repeat,1.0,-0.435,0.565
241220,1,47.0,0.7,Switch,1.4,-0.0409999999999999,1.359
241220,1,48.0,0.3,Switch,1.0,0.1120000000000001,1.112
241220,1,49.0,0.7,Switch,1.6,-0.5210000000000001,1.079
241220,1,50.0,0.7,Repeat,1.0,-0.187,0.813
241220,1,51.0,0.3,Switch,1.2,-0.1339999999999999,1.066
241220,1,52.0,0.7,Switch,1.2,0.1420000000000001,1.342
241220,1,53.0,0.3,Switch,1.4,0.06,1.46
241220,1,54.0,0.7,Switch,1.2,-0.042,1.158
241220,1,55.0,0.3,Switch,1.0,-0.246,0.754
241220,1,56.0,0.7,Switch,0.8,-0.2340000000000001,0.566
241220,1,57.0,0.3,Switch,1.2,-0.38,0.82
241220,1,58.0,0.3,Repeat,0.8,-0.061,0.739
241220,1,59.0,0.7,Switch,1.0,0.205,1.205
241220,1,61.0,0.3,Switch,1.6,-0.375,1.225
241220,1,62.0,0.3,Repeat,1.6,-0.2020000000000001,1.398
241220,1,63.0,0.3,Repeat,1.0,0.1399999999999999,1.14
241220,1,64.0,0.3,Repeat,1.4,0.2970000000000001,1.697
241220,1,65.0,0.3,Repeat,0.8,0.01,0.81
241220,1,66.0,0.7,Switch,0.8,0.5999999999999999,1.4
241220,1,67.0,0.7,Repeat,1.4,0.296,1.696
241220,1,68.0,0.7,Repeat,1.2,0.0949999999999999,1.295
241220,1,69.0,0.7,Repeat,1.4,0.5530000000000002,1.953
241220,1,70.0,0.3,Switch,1.6,-0.328,1.272
241220,1,71.0,0.7,Switch,1.0,-0.0659999999999999,0.934
241220,1,72.0,0.7,Repeat,1.0,0.0489999999999999,1.049
241220,1,73.0,0.7,Repeat,1.6,-0.1,1.5
241220,1,74.0,0.3,Switch,1.0,-0.3,0.7
241220,1,75.0,0.3,Repeat,1.0,-0.265,0.735
241220,1,76.0,0.3,Repeat,1.4,-0.4659999999999998,0.934
241220,1,77.0,0.3,Repeat,0.8,-0.118,0.682
241220,1,78.0,0.7,Switch,1.4,-0.4829999999999999,0.917
241220,1,79.0,0.3,Switch,0.8,0.2829999999999999,1.083
241220,1,80.0,0.7,Switch,0.8,-0.008,0.792
241220,1,81.0,0.7,Repeat,1.6,-0.5310000000000001,1.069
241220,1,84.0,0.3,Repeat,1.2,-0.5239999999999999,0.676
241220,1,86.0,0.7,Switch,1.0,-0.154,0.846
241220,1,88.0,0.7,Repeat,1.2,-0.367,0.833
241220,1,91.0,0.7,Repeat,1.2,-0.4089999999999999,0.791
241220,1,92.0,0.7,Repeat,1.2,-0.5499999999999999,0.65
241220,1,93.0,0.7,Repeat,0.8,-0.25,0.55
241220,1,94.0,0.7,Repeat,0.8,-0.303,0.497
241220,1,95.0,0.3,Switch,0.8,-0.308,0.492
241220,1,96.0,0.3,Repeat,1.0,-0.2329999999999999,0.767
241220,1,97.0,0.7,Switch,1.4,-0.4669999999999998,0.933
241220,1,98.0,0.7,Repeat,1.6,-0.4340000000000001,1.166
241220,1,100.0,0.7,Switch,1.2,-0.5,0.7
241220,1,102.0,0.3,Repeat,1.0,-0.486,0.514
241220,1,103.0,0.7,Switch,1.0,-0.3,0.7
241220,1,105.0,0.7,Switch,1.4,-0.4839999999999999,0.916
241220,1,109.0,0.7,Switch,1.0,-0.174,0.826
241220,1,112.0,0.3,Switch,0.8,-0.072,0.728
241220,1,113.0,0.3,Repeat,1.2,0.0849999999999999,1.285
241220,1,114.0,0.7,Switch,1.6,-0.4500000000000002,1.15
241220,1,115.0,0.3,Switch,0.8,-0.05,0.75
241220,1,118.0,0.3,Repeat,1.2,-0.1639999999999999,1.036
241220,1,119.0,0.3,Repeat,1.2,0.217,1.417
241220,1,121.0,0.7,Switch,1.6,-0.0010000000000001,1.599
241220,1,122.0,0.7,Repeat,1.0,-0.05,0.95
241220,1,123.0,0.7,Repeat,1.6,-0.0670000000000001,1.533
241220,1,124.0,0.3,Switch,0.8,-0.033,0.767
241220,1,125.0,0.7,Switch,0.8,-0.025,0.775
241220,1,126.0,0.3,Switch,1.0,0.2330000000000001,1.233
241220,1,127.0,0.7,Switch,1.4,-0.016,1.384
241220,1,130.0,0.3,Repeat,1.4,-0.2169999999999998,1.183
241220,1,131.0,0.3,Repeat,1.4,-0.264,1.136
241220,1,132.0,0.3,Repeat,1.2,-0.028,1.172
241220,1,133.0,0.3,Repeat,1.0,-0.166,0.834
241220,1,134.0,0.3,Repeat,1.6,-0.3170000000000001,1.283
241220,1,135.0,0.7,Switch,1.0,0.278,1.278
241220,1,136.0,0.7,Repeat,1.4,0.266,1.666
241220,1,137.0,0.7,Repeat,1.6,-0.183,1.417
241220,1,138.0,0.7,Repeat,0.8,0.4829999999999999,1.283
241220,1,139.0,0.3,Switch,0.8,0.0659999999999999,0.866
241220,1,140.0,0.7,Switch,1.0,0.209,1.209
241220,1,141.0,0.7,Repeat,1.2,-0.3169999999999999,0.883
241220,1,142.0,0.3,Switch,1.6,0.2489999999999999,1.849
241220,1,143.0,0.3,Repeat,1.2,-0.4239999999999999,0.776
241220,1,144.0,0.3,Repeat,1.0,-0.383,0.617
241220,1,145.0,0.7,Switch,1.2,-0.175,1.025
241220,1,147.0,0.7,Switch,0.8,0.0,0.8
241220,1,148.0,0.7,Repeat,1.2,-0.376,0.824
241220,1,151.0,0.7,Switch,1.0,-0.05,0.95
241220,1,152.0,0.3,Switch,1.4,-0.584,0.816
241220,1,154.0,0.7,Switch,1.2,-0.3329999999999999,0.867
241220,1,155.0,0.7,Repeat,0.8,-0.205,0.595
241220,1,156.0,0.7,Repeat,1.2,-0.2989999999999999,0.901
241220,1,157.0,0.3,Switch,0.8,-0.284,0.516
241220,1,160.0,0.7,Switch,1.0,-0.267,0.733
241220,1,161.0,0.7,Repeat,0.8,-0.149,0.651
241220,1,162.0,0.3,Switch,1.0,-0.298,0.702
241220,1,163.0,0.7,Switch,1.0,-0.249,0.751
241220,1,164.0,0.3,Switch,0.8,-0.083,0.717
241220,1,165.0,0.3,Repeat,1.6,-0.3500000000000001,1.25
241220,1,166.0,0.7,Switch,1.4,-0.5169999999999999,0.883
241220,1,167.0,0.3,Switch,1.0,-0.383,0.617
241220,1,170.0,0.7,Switch,0.8,-0.417,0.383
241220,1,171.0,0.7,Repeat,1.2,-0.4659999999999999,0.734
241220,1,172.0,0.3,Switch,0.8,-0.284,0.516
241220,1,174.0,0.7,Repeat,1.4,-0.4499999999999999,0.95
241220,1,175.0,0.7,Repeat,1.6,-0.556,1.044
241220,1,176.0,0.7,Repeat,1.4,-0.3229999999999999,1.077
241220,1,178.0,0.3,Switch,1.0,-0.416,0.584
241220,1,179.0,0.3,Repeat,1.4,0.451,1.851
241220,1,181.0,0.7,Repeat,1.0,0.05,1.05
241220,1,182.0,0.3,Switch,1.0,-0.344,0.656
241220,1,183.0,0.3,Repeat,1.2,-0.5169999999999999,0.683
241220,1,184.0,0.7,Switch,1.0,0.2769999999999999,1.277
241220,1,185.0,0.3,Switch,1.2,-0.2079999999999999,0.992
241220,1,186.0,0.7,Switch,1.4,-0.0169999999999999,1.383
241220,1,187.0,0.3,Switch,1.0,-0.0669999999999999,0.933
241220,1,188.0,0.3,Repeat,0.8,-0.284,0.516
241220,1,189.0,0.3,Repeat,1.2,-0.491,0.709
241220,1,190.0,0.7,Switch,1.6,-0.2590000000000001,1.341
241220,1,191.0,0.7,Repeat,1.0,-0.125,0.875
241220,1,192.0,0.3,Switch,1.4,-0.5339999999999999,0.866
241220,1,193.0,0.7,Switch,1.4,-0.5929999999999999,0.807
241220,1,194.0,0.7,Repeat,1.2,-0.4169999999999999,0.783
241220,1,195.0,0.3,Switch,1.6,-0.5670000000000002,1.033
241220,1,196.0,0.7,Switch,1.6,0.3659999999999999,1.966
241220,1,197.0,0.7,Repeat,0.8,0.0999999999999999,0.9
241220,1,198.0,0.3,Switch,0.8,0.0669999999999999,0.867
241220,1,200.0,0.3,Switch,1.0,-0.433,0.567
241220,1,201.0,0.3,Repeat,1.4,-0.0009999999999998,1.399
241220,1,203.0,0.3,Repeat,0.8,0.0159999999999999,0.816
241220,1,204.0,0.3,Repeat,1.4,-0.25,1.15
241220,1,205.0,0.7,Switch,1.4,-0.4899999999999999,0.91
241220,1,206.0,0.3,Switch,1.6,-0.423,1.177
241220,1,207.0,0.7,Switch,1.2,0.3500000000000001,1.55
241220,1,209.0,0.7,Repeat,0.8,0.2019999999999999,1.002
241220,1,211.0,0.7,Repeat,1.6,-0.437,1.163
241220,1,212.0,0.3,Switch,1.2,-0.3339999999999999,0.866
241220,1,213.0,0.7,Switch,1.4,0.316,1.716
241220,1,214.0,0.7,Repeat,1.0,0.1180000000000001,1.118
241220,1,215.0,0.7,Repeat,1.0,0.183,1.183
241220,1,216.0,0.7,Repeat,1.6,-0.433,1.167
241220,1,217.0,0.3,Switch,1.4,-0.5999999999999999,0.8
241220,1,219.0,0.7,Repeat,1.2,-0.2329999999999999,0.967
241220,1,220.0,0.3,Switch,1.4,0.2180000000000002,1.618
241220,1,221.0,0.7,Switch,1.2,-0.4049999999999999,0.795
241220,1,222.0,0.3,Switch,1.2,-0.581,0.619
241220,1,223.0,0.3,Repeat,1.2,-0.4499999999999999,0.75
241220,1,225.0,0.3,Repeat,1.0,-0.366,0.634
241220,1,226.0,0.7,Switch,1.0,-0.1099999999999999,0.89
241220,1,227.0,0.3,Switch,0.8,0.133,0.933
241220,1,228.0,0.7,Switch,0.8,0.133,0.933
241220,1,229.0,0.3,Switch,1.4,-0.2839999999999998,1.116
241220,1,230.0,0.7,Switch,1.4,-0.584,0.816
241220,1,231.0,0.3,Switch,1.0,0.1339999999999999,1.134
241220,1,232.0,0.7,Switch,0.8,0.1749999999999999,0.975
241220,1,233.0,0.7,Repeat,1.2,0.29,1.49
241220,1,234.0,0.3,Switch,0.8,-0.1169999999999999,0.683
241220,1,235.0,0.3,Repeat,0.8,0.0,0.8
241220,1,236.0,0.7,Switch,1.6,-0.1169999999999999,1.483
241220,1,237.0,0.3,Switch,1.6,0.4659999999999997,2.066
241220,1,242.0,0.7,Switch,1.4,-0.383,1.017
241220,1,243.0,0.7,Repeat,1.4,-0.4999999999999999,0.9
241220,1,245.0,0.3,Switch,0.8,-0.286,0.514
241220,1,246.0,0.7,Switch,1.0,-0.182,0.818
241220,1,248.0,0.3,Repeat,1.0,-0.3149999999999999,0.685
241220,1,249.0,0.3,Repeat,0.8,-0.522,0.278
241220,1,253.0,0.3,Repeat,1.4,-0.0829999999999999,1.317
241220,1,254.0,0.7,Switch,1.2,-0.0109999999999998,1.189
241220,1,255.0,0.7,Repeat,1.0,0.2339999999999999,1.234
241220,1,256.0,0.7,Repeat,0.8,0.0,0.8
241220,1,257.0,0.7,Repeat,1.6,-0.217,1.383
241220,1,258.0,0.7,Repeat,1.0,0.5680000000000001,1.568
241220,1,259.0,0.7,Repeat,0.8,0.1169999999999999,0.917
241220,1,260.0,0.3,Switch,0.8,-0.397,0.403
241220,1,261.0,0.3,Repeat,1.6,-0.3430000000000002,1.257
241220,1,262.0,0.7,Switch,1.2,-0.2069999999999999,0.993
241220,1,263.0,0.3,Switch,1.2,-0.356,0.844
241220,1,264.0,0.3,Repeat,1.4,-0.0669999999999999,1.333
241220,1,265.0,0.7,Switch,1.6,-0.221,1.379
241220,1,267.0,0.7,Repeat,1.4,0.4630000000000001,1.863
241220,1,268.0,0.3,Switch,1.2,-0.133,1.067
241220,1,269.0,0.3,Repeat,1.0,-0.0669999999999999,0.933
243787,1,31.0,0.7,Switch,1.0,0.2529999999999999,1.253
243787,1,32.0,0.3,Switch,1.2,0.104,1.304
243787,1,33.0,0.3,Repeat,0.8,0.411,1.211
243787,1,34.0,0.3,Repeat,1.2,0.163,1.363
243787,1,35.0,0.7,Switch,1.4,-0.0959999999999998,1.304
243787,1,37.0,0.7,Switch,1.2,0.282,1.482
243787,1,38.0,0.3,Switch,1.6,-0.137,1.463
243787,1,39.0,0.3,Repeat,0.8,0.56,1.36
243787,1,40.0,0.7,Switch,1.2,0.0310000000000001,1.231
243787,1,41.0,0.7,Repeat,1.6,-0.1100000000000001,1.49
243787,1,42.0,0.3,Switch,1.4,0.3500000000000001,1.75
243787,1,43.0,0.3,Repeat,1.0,0.476,1.476
243787,1,44.0,0.3,Repeat,1.4,0.143,1.543
243787,1,45.0,0.3,Repeat,1.6,0.4379999999999997,2.038
243787,1,47.0,0.7,Repeat,1.4,0.3390000000000002,1.739
243787,1,48.0,0.3,Switch,1.6,0.0839999999999998,1.684
243787,1,49.0,0.7,Switch,1.4,0.2730000000000001,1.673
243787,1,50.0,0.3,Switch,1.0,0.4219999999999999,1.422
243787,1,51.0,0.7,Switch,1.6,0.1319999999999999,1.732
243787,1,53.0,0.7,Repeat,1.0,0.4319999999999999,1.432
243787,1,54.0,0.7,Repeat,0.8,0.5660000000000001,1.366
243787,1,55.0,0.3,Switch,1.4,0.127,1.527
243787,1,59.0,0.7,Repeat,0.8,0.536,1.336
243787,1,61.0,0.3,Repeat,0.8,0.4619999999999999,1.262
243787,1,62.0,0.3,Repeat,1.4,0.3720000000000001,1.772
243787,1,63.0,0.3,Repeat,1.2,0.098,1.298
243787,1,64.0,0.3,Repeat,1.0,0.4990000000000001,1.499
243787,1,65.0,0.7,Switch,1.0,0.141,1.141
243787,1,66.0,0.3,Switch,1.4,0.1940000000000001,1.594
243787,1,67.0,0.7,Switch,1.4,0.2710000000000001,1.671
243787,1,69.0,0.7,Repeat,1.2,0.5660000000000001,1.766
243787,1,71.0,0.3,Repeat,1.6,0.0529999999999999,1.653
243787,1,72.0,0.3,Repeat,1.6,0.2329999999999998,1.833
243787,1,73.0,0.7,Switch,1.6,0.2709999999999999,1.871
243787,1,74.0,0.3,Switch,1.2,0.435,1.635
243787,1,75.0,0.7,Switch,0.8,0.4609999999999998,1.261
243787,1,76.0,0.7,Repeat,1.4,0.3290000000000002,1.729
243787,1,80.0,0.7,Repeat,1.2,-0.179,1.021
243787,1,81.0,0.7,Repeat,1.6,0.2109999999999998,1.811
243787,1,82.0,0.7,Repeat,1.4,-0.1459999999999999,1.254
243787,1,84.0,0.3,Switch,1.0,0.2989999999999999,1.299
243787,1,85.0,0.3,Repeat,1.2,0.123,1.323
243787,1,86.0,0.3,Repeat,1.4,-0.143,1.257
243787,1,87.0,0.7,Switch,1.6,0.2569999999999999,1.857
243787,1,88.0,0.7,Repeat,1.0,0.4750000000000001,1.475
243787,1,89.0,0.3,Switch,1.6,-0.1680000000000001,1.432
243787,1,91.0,0.7,Repeat,1.0,0.2059999999999999,1.206
243787,1,92.0,0.7,Repeat,1.4,-0.2139999999999999,1.186
243787,1,93.0,0.3,Switch,1.4,0.1840000000000001,1.584
243787,1,94.0,0.7,Switch,1.4,0.195,1.595
243787,1,97.0,0.3,Repeat,1.6,0.1479999999999999,1.748
243787,1,98.0,0.7,Switch,1.0,0.5269999999999999,1.527
243787,1,99.0,0.3,Switch,1.0,0.296,1.296
243787,1,100.0,0.7,Switch,1.6,-0.014,1.586
243787,1,101.0,0.7,Repeat,1.6,-0.284,1.316
243787,1,102.0,0.3,Switch,1.0,0.26,1.26
243787,1,103.0,0.3,Repeat,1.6,0.0399999999999998,1.64
243787,1,104.0,0.3,Repeat,1.0,0.4890000000000001,1.489
243787,1,105.0,0.7,Switch,1.2,0.508,1.708
243787,1,106.0,0.3,Switch,1.2,0.1160000000000001,1.316
243787,1,107.0,0.3,Repeat,1.6,-0.201,1.399
243787,1,108.0,0.3,Repeat,1.2,0.258,1.458
243787,1,109.0,0.7,Switch,1.4,0.3490000000000002,1.749
243787,1,110.0,0.7,Repeat,1.0,0.431,1.431
243787,1,111.0,0.7,Repeat,1.2,0.357,1.557
243787,1,113.0,0.3,Switch,1.4,0.0770000000000001,1.477
243787,1,114.0,0.3,Repeat,1.4,0.151,1.551
243787,1,115.0,0.7,Switch,0.8,0.5899999999999999,1.39
243787,1,116.0,0.3,Switch,1.2,0.453,1.653
243787,1,117.0,0.7,Switch,1.2,0.5430000000000001,1.743
243787,1,121.0,0.3,Switch,1.6,-0.3370000000000002,1.263
243787,1,122.0,0.7,Switch,1.6,0.0779999999999998,1.678
243787,1,123.0,0.3,Switch,1.4,0.016,1.416
243787,1,124.0,0.7,Switch,1.6,0.2119999999999999,1.812
243787,1,125.0,0.3,Switch,1.0,0.508,1.508
243787,1,126.0,0.3,Repeat,1.4,0.173,1.573
243787,1,127.0,0.3,Repeat,1.2,0.129,1.329
243787,1,128.0,0.3,Repeat,1.0,0.322,1.322
243787,1,129.0,0.3,Repeat,1.4,0.026,1.426
243787,1,130.0,0.3,Repeat,0.8,0.387,1.187
243787,1,131.0,0.7,Switch,1.4,0.292,1.692
243787,1,133.0,0.7,Switch,1.4,0.0810000000000001,1.481
243787,1,134.0,0.3,Switch,1.0,0.4790000000000001,1.479
243787,1,135.0,0.7,Switch,1.2,0.4590000000000001,1.659
243787,1,137.0,0.7,Repeat,1.4,0.286,1.686
243787,1,138.0,0.7,Repeat,1.6,0.377,1.977
243787,1,140.0,0.3,Switch,1.2,0.518,1.718
243787,1,142.0,0.7,Repeat,0.8,0.375,1.175
243787,1,143.0,0.3,Switch,1.2,0.4639999999999999,1.664
243787,1,144.0,0.7,Switch,1.0,0.51,1.51
243787,1,145.0,0.3,Switch,1.6,0.1089999999999999,1.709
243787,1,146.0,0.7,Switch,0.8,0.3739999999999999,1.174
243787,1,147.0,0.3,Switch,1.6,-0.123,1.477
243787,1,148.0,0.3,Repeat,0.8,0.3499999999999998,1.15
243787,1,149.0,0.7,Switch,1.0,0.5169999999999999,1.517
243787,1,151.0,0.3,Switch,1.0,0.2949999999999999,1.295
243787,1,152.0,0.3,Repeat,1.0,0.076,1.076
243787,1,153.0,0.3,Repeat,1.2,0.1240000000000001,1.324
243787,1,154.0,0.3,Repeat,1.4,0.1640000000000001,1.564
243787,1,155.0,0.7,Switch,0.8,0.5389999999999999,1.339
243787,1,156.0,0.3,Switch,0.8,0.5109999999999999,1.311
243787,1,157.0,0.3,Repeat,1.2,-0.1439999999999999,1.056
243787,1,158.0,0.7,Switch,1.6,0.3169999999999999,1.917
243787,1,160.0,0.7,Repeat,1.6,0.3279999999999998,1.928
243787,1,163.0,0.3,Switch,0.8,0.391,1.191
243787,1,164.0,0.3,Repeat,1.4,0.0550000000000001,1.455
243787,1,165.0,0.3,Repeat,0.8,0.484,1.284
243787,1,166.0,0.7,Switch,1.2,0.2450000000000001,1.445
243787,1,167.0,0.3,Switch,1.0,0.5049999999999999,1.505
243787,1,168.0,0.7,Switch,1.4,0.326,1.726
243787,1,169.0,0.7,Repeat,1.2,0.4499999999999999,1.65
243787,1,170.0,0.7,Repeat,0.8,0.4649999999999998,1.265
243787,1,171.0,0.7,Repeat,1.4,0.5370000000000001,1.937
243787,1,172.0,0.3,Switch,1.6,0.2869999999999999,1.887
243787,1,173.0,0.3,Repeat,1.6,0.3229999999999999,1.923
243787,1,174.0,0.7,Switch,1.4,0.4620000000000002,1.862
243787,1,175.0,0.3,Switch,1.6,0.4529999999999998,2.053
243787,1,177.0,0.3,Repeat,1.4,0.5710000000000002,1.971
243787,1,178.0,0.7,Switch,1.2,0.316,1.516
243787,1,181.0,0.7,Repeat,0.8,0.5609999999999999,1.361
243787,1,182.0,0.3,Switch,0.8,0.3719999999999999,1.172
243787,1,183.0,0.3,Repeat,1.2,0.2730000000000001,1.473
243787,1,184.0,0.7,Switch,0.8,0.411,1.211
243787,1,185.0,0.7,Repeat,1.2,0.55,1.75
243787,1,186.0,0.3,Switch,1.2,0.4679999999999999,1.668
243787,1,187.0,0.7,Switch,1.4,-0.1639999999999999,1.236
243787,1,188.0,0.3,Switch,1.6,0.5389999999999997,2.139
243787,1,191.0,0.7,Switch,1.6,0.5,2.1
243787,1,192.0,0.3,Switch,1.6,0.351,1.951
243787,1,193.0,0.3,Repeat,1.4,0.2890000000000001,1.689
243787,1,194.0,0.3,Repeat,1.4,0.0550000000000001,1.455
243787,1,195.0,0.7,Switch,1.2,0.0809999999999999,1.281
243787,1,196.0,0.3,Switch,1.0,0.298,1.298
243787,1,197.0,0.3,Repeat,1.0,0.1259999999999999,1.126
243787,1,198.0,0.7,Switch,1.0,0.4910000000000001,1.491
243787,1,199.0,0.7,Repeat,1.4,0.1860000000000001,1.586
243787,1,200.0,0.3,Switch,1.2,0.242,1.442
243787,1,201.0,0.3,Repeat,1.6,-0.2200000000000002,1.38
243787,1,202.0,0.3,Repeat,1.4,0.002,1.402
243787,1,204.0,0.7,Repeat,1.0,0.133,1.133
243787,1,205.0,0.7,Repeat,1.6,-0.024,1.576
243787,1,207.0,0.7,Switch,1.6,-0.0350000000000001,1.565
243787,1,209.0,0.7,Switch,1.0,0.5940000000000001,1.594
243787,1,211.0,0.7,Repeat,1.0,0.2529999999999999,1.253
243787,1,212.0,0.7,Repeat,1.2,-0.1439999999999999,1.056
243787,1,213.0,0.7,Repeat,1.6,-0.2000000000000001,1.4
243787,1,214.0,0.3,Switch,1.6,-0.2430000000000001,1.357
243787,1,215.0,0.3,Repeat,1.4,0.0430000000000001,1.443
243787,1,216.0,0.7,Switch,1.6,-0.1860000000000001,1.414
243787,1,217.0,0.7,Repeat,0.8,0.591,1.391
243787,1,218.0,0.3,Switch,0.8,0.373,1.173
243787,1,219.0,0.7,Switch,1.4,0.31,1.71
243787,1,220.0,0.3,Switch,1.0,0.252,1.252
243787,1,221.0,0.7,Switch,0.8,0.377,1.177
243787,1,222.0,0.3,Switch,1.6,-0.2950000000000001,1.305
243787,1,223.0,0.3,Repeat,1.6,-0.189,1.411
243787,1,224.0,0.7,Switch,1.0,0.28,1.28
243787,1,225.0,0.3,Switch,1.4,0.2160000000000002,1.616
243787,1,226.0,0.3,Repeat,0.8,0.518,1.318
243787,1,227.0,0.3,Repeat,1.2,0.121,1.321
243787,1,229.0,0.3,Switch,1.2,0.195,1.395
243787,1,230.0,0.3,Repeat,1.4,0.0130000000000001,1.413
243787,1,231.0,0.7,Switch,1.6,0.0629999999999999,1.663
243787,1,232.0,0.7,Repeat,1.4,0.5780000000000001,1.978
243787,1,233.0,0.3,Switch,1.0,0.5760000000000001,1.576
243787,1,234.0,0.3,Repeat,1.2,0.236,1.436
243787,1,235.0,0.7,Switch,1.2,0.185,1.385
243787,1,236.0,0.3,Switch,1.0,0.4059999999999999,1.406
243787,1,237.0,0.3,Repeat,0.8,0.532,1.332
243787,1,238.0,0.7,Switch,1.4,0.4120000000000001,1.812
243787,1,239.0,0.7,Repeat,1.0,0.405,1.405
243787,1,241.0,0.3,Repeat,1.4,-0.0789999999999999,1.321
243787,1,242.0,0.7,Switch,1.6,0.3799999999999999,1.98
243787,1,243.0,0.7,Repeat,1.4,0.1260000000000001,1.526
243787,1,244.0,0.7,Repeat,1.6,0.1739999999999999,1.774
243787,1,246.0,0.3,Switch,0.8,0.375,1.175
243787,1,248.0,0.7,Switch,0.8,0.4889999999999999,1.289
243787,1,249.0,0.7,Repeat,1.0,0.2450000000000001,1.245
243787,1,251.0,0.7,Switch,1.4,0.4480000000000002,1.848
243787,1,252.0,0.3,Switch,1.2,0.437,1.637
243787,1,253.0,0.3,Repeat,1.0,0.518,1.518
243787,1,254.0,0.3,Repeat,1.0,0.3380000000000001,1.338
243787,1,255.0,0.3,Repeat,1.4,0.0590000000000001,1.459
243787,1,256.0,0.7,Switch,1.2,0.443,1.643
243787,1,259.0,0.3,Switch,1.4,0.0670000000000001,1.467
243787,1,261.0,0.3,Repeat,1.6,-0.058,1.542
243787,1,262.0,0.3,Repeat,1.6,-0.2590000000000001,1.341
243787,1,263.0,0.3,Repeat,1.6,-0.0030000000000001,1.597
243787,1,264.0,0.7,Switch,1.6,0.1169999999999999,1.717
243787,1,265.0,0.7,Repeat,1.2,0.2750000000000001,1.475
243787,1,266.0,0.3,Switch,1.2,0.345,1.545
243787,1,267.0,0.7,Switch,1.0,0.4179999999999999,1.418
243787,1,268.0,0.7,Repeat,1.0,0.399,1.399
243787,1,269.0,0.7,Repeat,1.2,0.324,1.524
312070,1,31.0,0.7,Switch,1.2,-0.032,1.168
312070,1,32.0,0.3,Switch,1.6,-0.3,1.3
312070,1,33.0,0.7,Switch,1.4,0.1660000000000001,1.566
312070,1,34.0,0.3,Switch,0.8,0.1669999999999999,0.967
312070,1,35.0,0.7,Switch,1.0,0.3249999999999999,1.325
312070,1,36.0,0.7,Repeat,1.0,0.0829999999999999,1.083
312070,1,37.0,0.3,Switch,1.6,-0.242,1.358
312070,1,38.0,0.3,Repeat,1.0,0.1169999999999999,1.117
312070,1,39.0,0.7,Switch,1.6,0.2069999999999998,1.807
312070,1,40.0,0.3,Switch,1.2,0.244,1.444
312070,1,41.0,0.7,Switch,1.2,0.1260000000000001,1.326
312070,1,42.0,0.7,Repeat,1.6,0.0519999999999998,1.652
312070,1,43.0,0.3,Switch,1.2,-0.175,1.025
312070,1,44.0,0.3,Repeat,1.0,-0.4499999999999999,0.55
312070,1,45.0,0.3,Repeat,0.8,-0.102,0.698
312070,1,46.0,0.7,Switch,1.4,0.167,1.567
312070,1,47.0,0.7,Repeat,0.8,0.133,0.933
312070,1,48.0,0.3,Switch,1.6,-0.0090000000000001,1.591
312070,1,49.0,0.3,Repeat,1.0,0.0549999999999999,1.055
312070,1,50.0,0.3,Repeat,1.4,0.1660000000000001,1.566
312070,1,51.0,0.7,Switch,1.0,-0.3,0.7
312070,1,52.0,0.7,Repeat,1.4,0.076,1.476
312070,1,53.0,0.7,Repeat,0.8,0.1669999999999999,0.967
312070,1,55.0,0.3,Switch,1.4,-0.5169999999999999,0.883
312070,1,56.0,0.3,Repeat,1.4,-0.133,1.267
312070,1,57.0,0.7,Switch,1.2,0.034,1.234
312070,1,58.0,0.7,Repeat,1.6,0.4159999999999999,2.016
312070,1,59.0,0.3,Switch,0.8,0.0489999999999999,0.849
312070,1,61.0,0.7,Switch,1.2,0.2750000000000001,1.475
312070,1,62.0,0.3,Switch,1.4,0.066,1.466
312070,1,63.0,0.7,Switch,1.4,-0.2319999999999999,1.168
312070,1,64.0,0.3,Switch,1.6,0.0579999999999998,1.658
312070,1,65.0,0.7,Switch,1.0,0.2669999999999999,1.267
312070,1,66.0,0.7,Repeat,1.6,-0.133,1.467
312070,1,67.0,0.3,Switch,1.2,-0.2319999999999999,0.968
312070,1,68.0,0.7,Switch,0.8,0.1069999999999999,0.907
312070,1,69.0,0.3,Switch,0.8,-0.076,0.724
312070,1,70.0,0.3,Repeat,1.6,-0.0590000000000001,1.541
312070,1,71.0,0.7,Switch,1.2,0.183,1.383
312070,1,72.0,0.7,Repeat,1.4,0.018,1.418
312070,1,73.0,0.3,Switch,1.4,-0.0739999999999998,1.326
312070,1,74.0,0.3,Repeat,1.4,-0.4069999999999999,0.993
312070,1,75.0,0.3,Repeat,1.2,0.1839999999999999,1.384
312070,1,76.0,0.7,Switch,1.0,0.1419999999999999,1.142
312070,1,77.0,0.3,Switch,1.0,0.084,1.084
312070,1,78.0,0.3,Repeat,0.8,0.2329999999999998,1.033
312070,1,79.0,0.3,Repeat,1.0,0.1499999999999999,1.15
312070,1,80.0,0.7,Switch,0.8,0.0999999999999999,0.9
312070,1,81.0,0.3,Switch,1.0,-0.0909999999999999,0.909
312070,1,82.0,0.7,Switch,1.4,-0.0749999999999999,1.325
312070,1,83.0,0.3,Switch,1.6,-0.133,1.467
312070,1,84.0,0.7,Switch,0.8,0.4079999999999999,1.208
312070,1,85.0,0.7,Repeat,1.0,0.272,1.272
312070,1,86.0,0.7,Repeat,1.6,-0.0090000000000001,1.591
312070,1,87.0,0.3,Switch,1.2,0.417,1.617
312070,1,88.0,0.7,Switch,1.6,0.0299999999999998,1.63
312070,1,89.0,0.7,Repeat,1.2,0.2810000000000001,1.481
312070,1,91.0,0.7,Switch,1.6,0.133,1.733
312070,1,92.0,0.7,Repeat,1.2,0.183,1.383
312070,1,93.0,0.7,Repeat,0.8,-0.016,0.784
312070,1,94.0,0.7,Repeat,1.0,0.199,1.199
312070,1,95.0,0.3,Switch,1.6,0.0829999999999999,1.683
312070,1,96.0,0.3,Repeat,1.2,0.125,1.325
312070,1,97.0,0.3,Repeat,1.4,0.0830000000000001,1.483
312070,1,98.0,0.7,Switch,0.8,0.316,1.116
312070,1,99.0,0.7,Repeat,1.2,0.066,1.266
312070,1,100.0,0.7,Repeat,1.6,-0.0330000000000001,1.567
312070,1,101.0,0.3,Switch,1.2,-0.357,0.843
312070,1,102.0,0.3,Repeat,1.0,0.0329999999999999,1.033
312070,1,103.0,0.7,Switch,1.0,0.03,1.03
312070,1,104.0,0.3,Switch,1.0,0.058,1.058
312070,1,105.0,0.3,Repeat,0.8,0.2249999999999998,1.025
312070,1,106.0,0.3,Repeat,0.8,0.1389999999999999,0.939
312070,1,107.0,0.7,Switch,1.4,0.0430000000000001,1.443
312070,1,108.0,0.3,Switch,1.6,-0.3250000000000002,1.275
312070,1,109.0,0.3,Repeat,1.4,0.2570000000000001,1.657
312070,1,110.0,0.7,Switch,1.4,0.199,1.599
312070,1,111.0,0.7,Repeat,1.2,0.217,1.417
312070,1,112.0,0.7,Repeat,1.6,0.3319999999999998,1.932
312070,1,113.0,0.3,Switch,1.0,0.2350000000000001,1.235
312070,1,114.0,0.3,Repeat,1.4,0.1940000000000001,1.594
312070,1,115.0,0.7,Switch,1.4,0.1660000000000001,1.566
312070,1,116.0,0.3,Switch,1.6,-0.3920000000000001,1.208
312070,1,117.0,0.7,Switch,1.0,0.084,1.084
312070,1,118.0,0.3,Switch,0.8,0.258,1.058
312070,1,119.0,0.7,Switch,0.8,0.135,0.935
312070,1,121.0,0.3,Repeat,1.6,0.0259999999999998,1.626
312070,1,122.0,0.7,Switch,1.6,-0.211,1.389
312070,1,123.0,0.7,Repeat,1.6,0.1749999999999998,1.775
312070,1,124.0,0.7,Repeat,1.4,0.1420000000000001,1.542
312070,1,125.0,0.3,Switch,0.8,0.0829999999999999,0.883
312070,1,126.0,0.7,Switch,1.4,0.4340000000000001,1.834
312070,1,127.0,0.3,Switch,1.6,0.2409999999999998,1.841
312070,1,128.0,0.7,Switch,0.8,0.0829999999999999,0.883
312070,1,129.0,0.7,Repeat,1.0,0.443,1.443
312070,1,130.0,0.3,Switch,1.4,0.0750000000000001,1.475
312070,1,131.0,0.7,Switch,1.0,0.2079999999999999,1.208
312070,1,132.0,0.7,Repeat,1.6,0.0329999999999999,1.633
312070,1,133.0,0.7,Repeat,1.0,0.215,1.215
312070,1,134.0,0.3,Switch,1.0,0.3269999999999999,1.327
312070,1,135.0,0.3,Repeat,1.4,0.2240000000000002,1.624
312070,1,136.0,0.3,Repeat,1.2,-0.0899999999999998,1.11
312070,1,137.0,0.3,Repeat,0.8,0.4669999999999998,1.267
312070,1,138.0,0.3,Repeat,1.6,-0.034,1.566
312070,1,139.0,0.7,Switch,1.4,0.2270000000000001,1.627
312070,1,140.0,0.3,Switch,1.2,0.3069999999999999,1.507
312070,1,142.0,0.3,Switch,1.0,0.0829999999999999,1.083
312070,1,143.0,0.7,Switch,1.2,0.3680000000000001,1.568
312070,1,144.0,0.3,Switch,0.8,0.1999999999999999,1.0
312070,1,145.0,0.7,Switch,0.8,0.2829999999999999,1.083
312070,1,146.0,0.7,Repeat,0.8,0.583,1.383
312070,1,147.0,0.3,Switch,1.4,-0.1069999999999999,1.293
312070,1,148.0,0.3,Repeat,1.0,0.082,1.082
312070,1,149.0,0.7,Switch,1.2,0.274,1.474
312070,1,151.0,0.3,Switch,1.0,0.542,1.542
312070,1,152.0,0.3,Repeat,1.2,-0.2839999999999999,0.916
312070,1,153.0,0.3,Repeat,1.0,0.01,1.01
312070,1,154.0,0.7,Switch,1.4,0.2330000000000001,1.633
312070,1,155.0,0.7,Repeat,1.0,0.5920000000000001,1.592
312070,1,156.0,0.3,Switch,1.0,0.3540000000000001,1.354
312070,1,157.0,0.3,Repeat,0.8,0.367,1.167
312070,1,158.0,0.3,Repeat,1.4,0.373,1.773
312070,1,159.0,0.7,Switch,1.2,0.518,1.718
312070,1,160.0,0.3,Switch,1.4,0.2279999999999999,1.628
312070,1,161.0,0.3,Repeat,1.6,0.4750000000000001,2.075
312070,1,162.0,0.3,Repeat,1.4,0.4600000000000002,1.86
312070,1,164.0,0.3,Switch,0.8,0.425,1.225
312070,1,165.0,0.7,Switch,1.0,0.593,1.593
312070,1,167.0,0.3,Repeat,1.2,0.2690000000000001,1.469
312070,1,168.0,0.3,Repeat,1.6,-0.066,1.534
312070,1,169.0,0.7,Switch,1.6,0.5329999999999999,2.133
312070,1,170.0,0.7,Repeat,0.8,0.2749999999999999,1.075
312070,1,171.0,0.7,Repeat,1.6,0.383,1.983
312070,1,174.0,0.7,Repeat,1.2,0.516,1.716
312070,1,175.0,0.7,Repeat,1.4,0.282,1.682
312070,1,176.0,0.3,Switch,1.6,0.1749999999999998,1.775
312070,1,177.0,0.7,Switch,1.2,0.375,1.575
312070,1,181.0,0.7,Repeat,1.4,0.1660000000000001,1.566
312070,1,182.0,0.7,Repeat,1.2,0.492,1.692
312070,1,183.0,0.3,Switch,1.2,-0.0829999999999999,1.117
312070,1,184.0,0.3,Repeat,1.6,-0.3920000000000001,1.208
312070,1,185.0,0.3,Repeat,1.4,0.284,1.684
312070,1,186.0,0.3,Repeat,1.6,0.4159999999999999,2.016
312070,1,187.0,0.7,Switch,1.0,0.2929999999999999,1.293
312070,1,188.0,0.3,Switch,0.8,0.3759999999999999,1.176
312070,1,189.0,0.3,Repeat,1.2,0.4240000000000001,1.624
312070,1,190.0,0.3,Repeat,1.4,0.417,1.817
312070,1,191.0,0.3,Repeat,0.8,0.5009999999999999,1.301
312070,1,192.0,0.3,Repeat,1.2,0.217,1.417
312070,1,194.0,0.3,Switch,1.6,0.2489999999999999,1.849
312070,1,195.0,0.3,Repeat,1.0,0.3839999999999999,1.384
312070,1,196.0,0.7,Switch,0.8,0.55,1.35
312070,1,197.0,0.7,Repeat,1.2,0.3089999999999999,1.509
312070,1,198.0,0.3,Switch,1.0,0.276,1.276
312070,1,199.0,0.7,Switch,1.2,0.3329999999999999,1.533
312070,1,200.0,0.7,Repeat,1.0,0.0829999999999999,1.083
312070,1,201.0,0.7,Repeat,1.4,0.016,1.416
312070,1,203.0,0.7,Switch,1.6,0.5329999999999999,2.133
312070,1,204.0,0.7,Repeat,1.4,0.351,1.751
312070,1,205.0,0.7,Repeat,1.6,0.2749999999999999,1.875
312070,1,206.0,0.7,Repeat,0.8,0.4909999999999999,1.291
312070,1,207.0,0.3,Switch,0.8,0.5589999999999999,1.359
312070,1,208.0,0.7,Switch,1.6,0.3269999999999999,1.927
312070,1,209.0,0.3,Switch,1.4,0.258,1.658
312070,1,211.0,0.7,Switch,1.0,0.2909999999999999,1.291
312070,1,212.0,0.3,Switch,1.6,-0.2670000000000001,1.333
312070,1,213.0,0.7,Switch,1.0,0.528,1.528
312070,1,214.0,0.3,Switch,1.0,0.4519999999999999,1.452
312070,1,215.0,0.7,Switch,1.4,0.367,1.767
312070,1,216.0,0.7,Repeat,1.0,0.508,1.508
312070,1,218.0,0.7,Switch,1.2,0.25,1.45
312070,1,219.0,0.7,Repeat,0.8,0.5309999999999999,1.331
312070,1,220.0,0.3,Switch,1.6,0.1499999999999999,1.75
312070,1,221.0,0.3,Repeat,1.4,0.375,1.775
312070,1,222.0,0.7,Switch,1.4,0.3420000000000001,1.742
312070,1,223.0,0.3,Switch,1.4,0.5570000000000002,1.957
312070,1,224.0,0.3,Repeat,1.4,0.5250000000000001,1.925
312070,1,225.0,0.7,Switch,1.2,0.425,1.625
312070,1,226.0,0.7,Repeat,0.8,0.4079999999999999,1.208
312070,1,227.0,0.7,Repeat,1.6,0.2009999999999998,1.801
312070,1,228.0,0.7,Repeat,1.6,0.3239999999999998,1.924
312070,1,230.0,0.7,Switch,1.6,0.383,1.983
312070,1,231.0,0.3,Switch,1.0,0.151,1.151
312070,1,232.0,0.3,Repeat,1.2,0.3340000000000001,1.534
312070,1,233.0,0.3,Repeat,1.6,0.2999999999999998,1.9
312070,1,234.0,0.3,Repeat,1.2,0.4000000000000001,1.6
312070,1,236.0,0.3,Repeat,1.0,0.399,1.399
312070,1,237.0,0.7,Switch,0.8,0.55,1.35
312070,1,238.0,0.7,Repeat,1.4,0.1420000000000001,1.542
312070,1,239.0,0.7,Repeat,1.2,0.5740000000000001,1.774
312070,1,242.0,0.3,Switch,0.8,0.3499999999999998,1.15
312070,1,243.0,0.7,Switch,1.0,0.183,1.183
312070,1,245.0,0.7,Repeat,0.8,0.585,1.385
312070,1,246.0,0.3,Switch,0.8,0.4319999999999999,1.232
312070,1,248.0,0.3,Repeat,1.6,-0.016,1.584
312070,1,249.0,0.7,Switch,1.4,0.492,1.892
312070,1,250.0,0.7,Repeat,1.0,0.3249999999999999,1.325
312070,1,251.0,0.3,Switch,1.4,0.258,1.658
312070,1,253.0,0.3,Switch,1.0,0.5329999999999999,1.533
312070,1,254.0,0.7,Switch,1.6,0.423,2.023
312070,1,255.0,0.3,Switch,1.6,0.508,2.108
312070,1,257.0,0.3,Repeat,1.6,0.4099999999999997,2.01
312070,1,259.0,0.3,Repeat,1.0,0.058,1.058
312070,1,260.0,0.7,Switch,0.8,0.2249999999999998,1.025
312070,1,261.0,0.7,Repeat,1.4,0.375,1.775
312070,1,262.0,0.7,Repeat,0.8,0.4399999999999999,1.24
312070,1,263.0,0.7,Repeat,1.2,0.3580000000000001,1.558
312070,1,265.0,0.3,Switch,1.2,0.4519999999999999,1.652
312070,1,266.0,0.3,Repeat,1.2,0.5170000000000001,1.717
312070,1,267.0,0.3,Repeat,1.4,0.0510000000000001,1.451
312070,1,268.0,0.7,Switch,1.6,0.4179999999999997,2.018
328537,1,31.0,0.7,Repeat,1.4,0.169,1.569
328537,1,32.0,0.3,Switch,1.2,0.018,1.218
328537,1,33.0,0.7,Switch,1.0,0.1699999999999999,1.17
328537,1,34.0,0.7,Repeat,1.6,-0.068,1.532
328537,1,35.0,0.3,Switch,1.0,0.078,1.078
328537,1,36.0,0.3,Repeat,1.2,-0.2179999999999999,0.982
328537,1,37.0,0.3,Repeat,1.6,-0.2610000000000001,1.339
328537,1,38.0,0.3,Repeat,0.8,0.3939999999999999,1.194
328537,1,39.0,0.7,Switch,1.0,0.151,1.151
328537,1,40.0,0.7,Repeat,1.2,0.4479999999999999,1.648
328537,1,41.0,0.3,Switch,1.6,0.0,1.6
328537,1,42.0,0.7,Switch,0.8,0.369,1.169
328537,1,43.0,0.7,Repeat,0.8,0.4729999999999998,1.273
328537,1,44.0,0.3,Switch,1.2,0.0909999999999999,1.291
328537,1,45.0,0.3,Repeat,0.8,0.4769999999999998,1.277
328537,1,46.0,0.7,Switch,1.4,0.078,1.478
328537,1,47.0,0.3,Switch,0.8,0.1979999999999999,0.998
328537,1,48.0,0.7,Switch,0.8,0.2929999999999999,1.093
328537,1,49.0,0.3,Switch,1.4,0.217,1.617
328537,1,50.0,0.7,Switch,1.2,0.3009999999999999,1.501
328537,1,51.0,0.7,Repeat,1.6,0.2179999999999999,1.818
328537,1,52.0,0.3,Switch,1.0,0.2849999999999999,1.285
328537,1,53.0,0.7,Switch,1.6,0.5209999999999999,2.121
328537,1,54.0,0.3,Switch,1.0,0.0309999999999999,1.031
328537,1,55.0,0.3,Repeat,1.4,0.266,1.666
328537,1,56.0,0.3,Repeat,1.4,0.371,1.771
328537,1,58.0,0.7,Repeat,1.4,0.4360000000000001,1.836
328537,1,59.0,0.3,Switch,1.6,0.1029999999999999,1.703
328537,1,61.0,0.7,Repeat,1.6,0.2139999999999999,1.814
328537,1,62.0,0.7,Repeat,1.6,0.3459999999999998,1.946
328537,1,63.0,0.3,Switch,1.4,0.3210000000000002,1.721
328537,1,64.0,0.3,Repeat,1.0,0.2529999999999999,1.253
328537,1,65.0,0.7,Switch,1.4,0.4640000000000002,1.864
328537,1,67.0,0.3,Switch,1.6,0.2189999999999998,1.819
328537,1,69.0,0.3,Switch,1.6,0.4119999999999999,2.012
328537,1,70.0,0.3,Repeat,1.2,0.4850000000000001,1.685
328537,1,72.0,0.3,Switch,1.6,0.1769999999999998,1.777
328537,1,73.0,0.7,Switch,0.8,0.1569999999999999,0.957
328537,1,74.0,0.3,Switch,0.8,0.3109999999999999,1.111
328537,1,75.0,0.3,Repeat,1.4,0.0850000000000001,1.485
328537,1,76.0,0.3,Repeat,0.8,0.3209999999999999,1.121
328537,1,77.0,0.3,Repeat,1.2,0.3500000000000001,1.55
328537,1,78.0,0.7,Switch,1.2,0.1819999999999999,1.382
328537,1,79.0,0.7,Repeat,1.6,-0.0990000000000002,1.501
328537,1,80.0,0.3,Switch,1.0,0.4419999999999999,1.442
328537,1,81.0,0.7,Switch,0.8,0.5640000000000001,1.364
328537,1,82.0,0.3,Switch,0.8,0.2789999999999999,1.079
328537,1,83.0,0.3,Repeat,1.4,0.3840000000000001,1.784
328537,1,84.0,0.7,Switch,1.4,0.1460000000000001,1.546
328537,1,85.0,0.3,Switch,1.0,0.2290000000000001,1.229
328537,1,86.0,0.3,Repeat,1.2,0.0969999999999999,1.297
328537,1,87.0,0.7,Switch,0.8,0.3819999999999999,1.182
328537,1,88.0,0.7,Repeat,1.0,0.207,1.207
328537,1,89.0,0.7,Repeat,1.0,0.351,1.351
328537,1,91.0,0.3,Repeat,1.6,0.236,1.836
328537,1,92.0,0.3,Repeat,1.0,0.3269999999999999,1.327
328537,1,93.0,0.3,Repeat,1.2,-0.03,1.17
328537,1,94.0,0.3,Repeat,1.4,-0.1699999999999999,1.23
328537,1,95.0,0.3,Repeat,1.6,-0.018,1.582
328537,1,96.0,0.7,Switch,1.6,0.2489999999999999,1.849
328537,1,97.0,0.7,Repeat,1.2,0.552,1.752
328537,1,98.0,0.7,Repeat,1.6,0.3639999999999999,1.964
328537,1,99.0,0.3,Switch,1.4,0.284,1.684
328537,1,101.0,0.3,Repeat,1.2,0.3520000000000001,1.552
328537,1,103.0,0.7,Repeat,1.2,0.345,1.545
328537,1,104.0,0.7,Repeat,1.4,-0.0469999999999999,1.353
328537,1,105.0,0.3,Switch,0.8,0.1079999999999999,0.908
328537,1,106.0,0.7,Switch,1.2,0.2270000000000001,1.427
328537,1,107.0,0.3,Switch,1.6,0.0719999999999998,1.672
328537,1,108.0,0.3,Repeat,1.0,0.429,1.429
328537,1,109.0,0.7,Switch,1.6,0.5529999999999999,2.153
328537,1,110.0,0.3,Switch,1.4,0.5450000000000002,1.945
328537,1,111.0,0.7,Switch,1.0,0.47,1.47
328537,1,112.0,0.7,Repeat,1.4,0.4910000000000001,1.891
328537,1,114.0,0.7,Switch,0.8,0.242,1.042
328537,1,115.0,0.7,Repeat,1.4,0.2000000000000001,1.6
328537,1,116.0,0.7,Repeat,1.0,0.264,1.264
328537,1,118.0,0.3,Switch,1.0,0.1779999999999999,1.178
328537,1,119.0,0.7,Switch,0.8,0.298,1.098
328537,1,121.0,0.7,Repeat,1.2,0.536,1.736
328537,1,122.0,0.3,Switch,1.0,-0.0669999999999999,0.933
328537,1,123.0,0.3,Repeat,1.2,0.2099999999999999,1.41
328537,1,124.0,0.3,Repeat,1.6,0.246,1.846
328537,1,125.0,0.7,Switch,1.6,0.383,1.983
328537,1,126.0,0.7,Repeat,1.0,0.3109999999999999,1.311
328537,1,127.0,0.7,Repeat,0.8,0.5959999999999999,1.396
328537,1,128.0,0.3,Switch,1.6,0.2029999999999998,1.803
328537,1,130.0,0.3,Repeat,1.4,0.3800000000000001,1.78
328537,1,131.0,0.3,Repeat,1.0,0.4850000000000001,1.485
328537,1,132.0,0.7,Switch,1.2,0.5760000000000001,1.776
328537,1,134.0,0.3,Switch,1.2,0.563,1.763
328537,1,135.0,0.7,Switch,1.6,0.2089999999999998,1.809
328537,1,136.0,0.7,Repeat,0.8,0.1559999999999999,0.956
328537,1,137.0,0.7,Repeat,1.0,0.058,1.058
328537,1,138.0,0.7,Repeat,1.4,0.0250000000000001,1.425
328537,1,139.0,0.7,Repeat,1.4,0.1180000000000001,1.518
328537,1,140.0,0.7,Repeat,1.2,0.288,1.488
328537,1,141.0,0.3,Switch,0.8,0.2309999999999998,1.031
328537,1,142.0,0.3,Repeat,1.4,0.351,1.751
328537,1,143.0,0.7,Switch,1.6,0.1999999999999999,1.8
328537,1,144.0,0.3,Switch,1.2,0.312,1.512
328537,1,145.0,0.3,Repeat,0.8,0.24,1.04
328537,1,146.0,0.3,Repeat,0.8,0.3779999999999999,1.178
328537,1,147.0,0.3,Repeat,1.4,0.0630000000000001,1.463
328537,1,148.0,0.7,Switch,0.8,0.1629999999999999,0.963
328537,1,149.0,0.3,Switch,1.0,0.3819999999999999,1.382
328537,1,151.0,0.7,Repeat,0.8,0.419,1.219
328537,1,152.0,0.7,Repeat,1.0,0.4179999999999999,1.418
328537,1,153.0,0.7,Repeat,1.4,0.2319999999999999,1.632
328537,1,154.0,0.7,Repeat,1.2,0.3460000000000001,1.546
328537,1,155.0,0.3,Switch,1.2,0.278,1.478
328537,1,157.0,0.7,Repeat,1.2,0.488,1.688
328537,1,158.0,0.3,Switch,1.4,0.407,1.807
328537,1,159.0,0.3,Repeat,1.4,0.3880000000000001,1.788
328537,1,161.0,0.3,Repeat,1.6,0.1549999999999998,1.755
328537,1,162.0,0.7,Switch,0.8,0.4769999999999998,1.277
328537,1,163.0,0.7,Repeat,1.6,0.266,1.866
328537,1,164.0,0.7,Repeat,1.2,0.51,1.71
328537,1,165.0,0.3,Switch,1.4,0.1940000000000001,1.594
328537,1,166.0,0.7,Switch,1.6,-0.058,1.542
328537,1,167.0,0.3,Switch,1.0,0.3600000000000001,1.36
328537,1,168.0,0.3,Repeat,1.6,-0.0710000000000001,1.529
328537,1,169.0,0.7,Switch,1.0,0.5760000000000001,1.576
328537,1,170.0,0.3,Switch,1.0,0.536,1.536
328537,1,171.0,0.3,Repeat,0.8,0.2569999999999999,1.057
328537,1,172.0,0.7,Switch,1.0,0.282,1.282
328537,1,173.0,0.3,Switch,0.8,0.508,1.308
328537,1,174.0,0.3,Repeat,1.2,0.1149999999999999,1.315
328537,1,175.0,0.7,Switch,1.4,0.1280000000000001,1.528
328537,1,176.0,0.7,Repeat,1.4,0.1720000000000001,1.572
328537,1,177.0,0.3,Switch,1.6,0.1569999999999998,1.757
328537,1,178.0,0.3,Repeat,1.0,0.2969999999999999,1.297
328537,1,179.0,0.3,Repeat,1.2,0.413,1.613
328537,1,181.0,0.3,Repeat,1.2,0.3540000000000001,1.554
328537,1,182.0,0.3,Repeat,0.8,0.395,1.195
328537,1,184.0,0.7,Repeat,1.4,0.2390000000000001,1.639
328537,1,185.0,0.3,Switch,0.8,0.0709999999999999,0.871
328537,1,186.0,0.7,Switch,1.2,0.48,1.68
328537,1,187.0,0.3,Switch,1.2,0.1120000000000001,1.312
328537,1,188.0,0.7,Switch,1.6,0.3159999999999998,1.916
328537,1,189.0,0.3,Switch,1.4,0.278,1.678
328537,1,190.0,0.3,Repeat,1.6,0.2959999999999998,1.896
328537,1,192.0,0.7,Repeat,0.8,0.1979999999999999,0.998
328537,1,193.0,0.7,Repeat,1.6,0.3639999999999999,1.964
328537,1,194.0,0.7,Repeat,1.6,0.2839999999999998,1.884
328537,1,196.0,0.3,Repeat,1.0,0.532,1.532
328537,1,197.0,0.3,Repeat,1.4,0.1740000000000001,1.574
328537,1,198.0,0.3,Repeat,1.2,0.0250000000000001,1.225
328537,1,199.0,0.3,Repeat,1.0,0.5609999999999999,1.561
328537,1,200.0,0.7,Switch,0.8,0.5029999999999999,1.303
328537,1,201.0,0.3,Switch,1.0,0.4419999999999999,1.442
328537,1,202.0,0.3,Repeat,0.8,0.5349999999999999,1.335
328537,1,203.0,0.7,Switch,1.4,0.171,1.571
328537,1,204.0,0.7,Repeat,1.2,0.4659999999999999,1.666
328537,1,205.0,0.7,Repeat,1.0,0.363,1.363
328537,1,206.0,0.3,Switch,1.6,-0.1420000000000001,1.458
328537,1,207.0,0.7,Switch,1.2,0.437,1.637
328537,1,208.0,0.7,Repeat,1.4,0.377,1.777
328537,1,211.0,0.3,Repeat,1.0,0.3229999999999999,1.323
328537,1,212.0,0.3,Repeat,0.8,0.484,1.284
328537,1,213.0,0.3,Repeat,1.0,0.363,1.363
328537,1,214.0,0.7,Switch,1.6,-0.219,1.381
328537,1,215.0,0.7,Repeat,1.4,0.254,1.654
328537,1,216.0,0.3,Switch,1.6,0.0369999999999999,1.637
328537,1,217.0,0.7,Switch,0.8,0.1699999999999999,0.97
328537,1,218.0,0.3,Switch,1.2,0.4630000000000001,1.663
328537,1,219.0,0.3,Repeat,1.2,0.423,1.623
328537,1,220.0,0.7,Switch,0.8,0.4609999999999998,1.261
328537,1,221.0,0.7,Repeat,1.2,0.2179999999999999,1.418
328537,1,222.0,0.3,Switch,1.2,0.258,1.458
328537,1,223.0,0.3,Repeat,0.8,0.1139999999999999,0.914
328537,1,224.0,0.7,Switch,1.2,-0.1059999999999998,1.094
328537,1,225.0,0.7,Repeat,1.2,0.262,1.462
328537,1,226.0,0.7,Repeat,1.0,0.5349999999999999,1.535
328537,1,228.0,0.3,Switch,1.4,-0.0549999999999999,1.345
328537,1,229.0,0.7,Switch,1.6,0.1759999999999999,1.776
328537,1,230.0,0.3,Switch,1.6,0.504,2.104
328537,1,232.0,0.3,Switch,1.4,0.034,1.434
328537,1,233.0,0.7,Switch,1.6,0.2929999999999999,1.893
328537,1,234.0,0.7,Repeat,1.4,0.4360000000000001,1.836
328537,1,235.0,0.3,Switch,1.4,0.1820000000000001,1.582
328537,1,237.0,0.7,Switch,0.8,0.1739999999999999,0.974
328537,1,238.0,0.3,Switch,1.6,0.121,1.721
328537,1,239.0,0.7,Switch,1.4,0.1480000000000001,1.548
328537,1,241.0,0.7,Switch,1.2,0.3420000000000001,1.542
328537,1,242.0,0.3,Switch,1.6,0.1699999999999999,1.77
328537,1,243.0,0.7,Switch,1.0,0.3380000000000001,1.338
328537,1,244.0,0.7,Repeat,1.4,0.3720000000000001,1.772
328537,1,245.0,0.3,Switch,1.4,0.31,1.71
328537,1,246.0,0.7,Switch,0.8,0.3379999999999998,1.138
328537,1,247.0,0.3,Switch,0.8,0.4119999999999999,1.212
328537,1,248.0,0.3,Repeat,1.2,0.296,1.496
328537,1,249.0,0.7,Switch,0.8,0.3029999999999999,1.103
328537,1,250.0,0.3,Switch,1.0,0.345,1.345
328537,1,251.0,0.3,Repeat,1.2,0.195,1.395
328537,1,252.0,0.7,Switch,1.2,0.2910000000000001,1.491
328537,1,253.0,0.3,Switch,1.2,0.2410000000000001,1.441
328537,1,254.0,0.3,Repeat,1.4,0.056,1.456
328537,1,255.0,0.7,Switch,1.0,0.4630000000000001,1.463
328537,1,256.0,0.7,Repeat,1.0,0.47,1.47
328537,1,257.0,0.7,Repeat,1.4,0.3500000000000001,1.75
328537,1,258.0,0.3,Switch,1.0,0.514,1.514
328537,1,259.0,0.7,Switch,1.4,0.25,1.65
328537,1,260.0,0.3,Switch,1.6,0.1259999999999999,1.726
328537,1,261.0,0.3,Repeat,1.6,0.119,1.719
328537,1,262.0,0.3,Repeat,0.8,0.474,1.274
328537,1,263.0,0.7,Switch,1.2,0.1149999999999999,1.315
328537,1,264.0,0.7,Repeat,1.6,0.1839999999999999,1.784
328537,1,265.0,0.7,Repeat,1.6,0.2139999999999999,1.814
328537,1,268.0,0.3,Switch,1.4,0.433,1.833
328537,1,269.0,0.7,Switch,1.6,0.3999999999999999,2.0
349889,1,31.0,0.3,Switch,1.0,-0.15,0.85
349889,1,32.0,0.7,Switch,1.4,0.2000000000000001,1.6
349889,1,34.0,0.7,Repeat,1.0,-0.168,0.832
349889,1,35.0,0.7,Repeat,0.8,-0.183,0.617
349889,1,36.0,0.7,Repeat,0.8,-0.083,0.717
349889,1,37.0,0.3,Switch,0.8,0.1669999999999999,0.967
349889,1,38.0,0.3,Repeat,1.6,-0.2490000000000001,1.351
349889,1,39.0,0.3,Repeat,1.0,0.1,1.1
349889,1,40.0,0.3,Repeat,1.2,-0.0169999999999999,1.183
349889,1,41.0,0.3,Repeat,1.4,0.0170000000000001,1.417
349889,1,42.0,0.7,Switch,1.0,0.2330000000000001,1.233
349889,1,43.0,0.3,Switch,0.8,0.2829999999999999,1.083
349889,1,44.0,0.3,Repeat,1.0,0.183,1.183
349889,1,46.0,0.7,Repeat,0.8,-0.5670000000000001,0.233
349889,1,49.0,0.3,Switch,1.6,0.1829999999999998,1.783
349889,1,50.0,0.3,Repeat,1.4,0.2830000000000001,1.683
349889,1,51.0,0.7,Switch,1.2,0.0829999999999999,1.283
349889,1,52.0,0.7,Repeat,1.4,0.167,1.567
349889,1,53.0,0.3,Switch,1.2,0.1500000000000001,1.35
349889,1,54.0,0.3,Repeat,1.4,0.2160000000000002,1.616
349889,1,55.0,0.7,Switch,1.6,0.1159999999999998,1.716
349889,1,56.0,0.3,Switch,0.8,0.266,1.066
349889,1,57.0,0.7,Switch,1.4,0.133,1.533
349889,1,58.0,0.7,Repeat,1.2,-0.1169999999999999,1.083
349889,1,59.0,0.3,Switch,1.2,0.084,1.284
349889,1,61.0,0.7,Switch,1.2,0.133,1.333
349889,1,62.0,0.3,Switch,0.8,0.4829999999999999,1.283
349889,1,63.0,0.7,Switch,0.8,-0.15,0.65
349889,1,64.0,0.7,Repeat,1.6,0.2329999999999998,1.833
349889,1,65.0,0.3,Switch,1.4,-0.149,1.251
349889,1,66.0,0.3,Repeat,1.2,-0.2169999999999999,0.983
349889,1,67.0,0.7,Switch,1.2,0.3,1.5
349889,1,68.0,0.7,Repeat,1.0,0.183,1.183
349889,1,69.0,0.7,Repeat,0.8,0.484,1.284
349889,1,70.0,0.7,Repeat,1.6,0.1669999999999998,1.767
349889,1,71.0,0.7,Repeat,0.8,0.4159999999999999,1.216
349889,1,72.0,0.3,Switch,0.8,-0.2340000000000001,0.566
349889,1,73.0,0.3,Repeat,1.0,-0.0829999999999999,0.917
349889,1,74.0,0.7,Switch,1.2,0.0669999999999999,1.267
349889,1,75.0,0.3,Switch,1.0,0.066,1.066
349889,1,76.0,0.3,Repeat,0.8,0.3,1.1
349889,1,77.0,0.3,Repeat,1.6,-0.1340000000000001,1.466
349889,1,78.0,0.7,Switch,1.0,0.0829999999999999,1.083
349889,1,79.0,0.3,Switch,1.2,-0.2169999999999999,0.983
349889,1,80.0,0.7,Switch,1.4,0.2330000000000001,1.633
349889,1,81.0,0.7,Repeat,1.4,0.084,1.484
349889,1,83.0,0.7,Switch,1.4,0.2670000000000001,1.667
349889,1,84.0,0.3,Switch,1.4,0.2000000000000001,1.6
349889,1,88.0,0.7,Repeat,1.0,0.367,1.367
349889,1,89.0,0.3,Switch,1.6,-0.133,1.467
349889,1,91.0,0.7,Repeat,1.6,0.0659999999999998,1.666
349889,1,92.0,0.3,Switch,1.2,0.417,1.617
349889,1,93.0,0.3,Repeat,1.4,-0.5169999999999999,0.883
349889,1,94.0,0.3,Repeat,0.8,0.2829999999999999,1.083
349889,1,95.0,0.7,Switch,0.8,0.3329999999999999,1.133
349889,1,96.0,0.3,Switch,1.6,-0.4000000000000001,1.2
349889,1,97.0,0.7,Switch,0.8,0.0829999999999999,0.883
349889,1,98.0,0.3,Switch,1.2,0.1,1.3
349889,1,100.0,0.7,Switch,1.2,0.05,1.25
349889,1,101.0,0.7,Repeat,1.2,-0.05,1.15
349889,1,102.0,0.7,Repeat,1.0,0.0669999999999999,1.067
349889,1,103.0,0.3,Switch,1.0,0.383,1.383
349889,1,104.0,0.3,Repeat,1.2,0.167,1.367
349889,1,105.0,0.7,Switch,1.4,-0.0659999999999998,1.334
349889,1,106.0,0.7,Repeat,1.4,0.25,1.65
349889,1,107.0,0.3,Switch,1.6,0.266,1.866
349889,1,108.0,0.3,Repeat,1.4,0.55,1.95
349889,1,109.0,0.7,Switch,1.2,0.05,1.25
349889,1,110.0,0.7,Repeat,1.4,0.014,1.414
349889,1,111.0,0.3,Switch,1.0,0.133,1.133
349889,1,112.0,0.3,Repeat,0.8,0.25,1.05
349889,1,113.0,0.7,Switch,1.6,-0.417,1.183
349889,1,114.0,0.3,Switch,1.4,0.084,1.484
349889,1,115.0,0.7,Switch,1.0,0.1499999999999999,1.15
349889,1,116.0,0.7,Repeat,0.8,0.433,1.233
349889,1,117.0,0.3,Switch,0.8,-0.285,0.515
349889,1,118.0,0.7,Switch,1.0,0.1160000000000001,1.116
349889,1,119.0,0.3,Switch,1.0,0.183,1.183
349889,1,121.0,0.7,Repeat,0.8,-0.017,0.783
349889,1,122.0,0.3,Switch,1.2,0.316,1.516
349889,1,123.0,0.7,Switch,1.6,0.0679999999999998,1.668
349889,1,124.0,0.7,Repeat,1.2,0.2159999999999999,1.416
349889,1,125.0,0.7,Repeat,1.6,0.1999999999999999,1.8
349889,1,126.0,0.3,Switch,1.4,-0.0499999999999998,1.35
349889,1,127.0,0.7,Switch,1.0,0.5,1.5
349889,1,128.0,0.3,Switch,1.0,0.1140000000000001,1.114
349889,1,129.0,0.7,Switch,0.8,0.133,0.933
349889,1,130.0,0.3,Switch,1.2,-0.1819999999999999,1.018
349889,1,131.0,0.7,Switch,1.0,0.3500000000000001,1.35
349889,1,132.0,0.3,Switch,1.2,0.1160000000000001,1.316
349889,1,133.0,0.3,Repeat,0.8,0.3329999999999999,1.133
349889,1,134.0,0.3,Repeat,1.6,-0.0330000000000001,1.567
349889,1,135.0,0.7,Switch,1.2,0.2330000000000001,1.433
349889,1,136.0,0.3,Switch,0.8,0.4669999999999998,1.267
349889,1,137.0,0.3,Repeat,0.8,0.399,1.199
349889,1,138.0,0.7,Switch,1.4,0.167,1.567
349889,1,139.0,0.3,Switch,1.6,0.133,1.733
349889,1,140.0,0.7,Switch,1.4,0.0830000000000001,1.483
349889,1,141.0,0.7,Repeat,1.6,0.0,1.6
349889,1,142.0,0.3,Switch,1.6,0.133,1.733
349889,1,144.0,0.7,Switch,1.0,0.0829999999999999,1.083
349889,1,145.0,0.3,Switch,1.0,-0.15,0.85
349889,1,147.0,0.3,Switch,1.4,0.5830000000000002,1.983
349889,1,149.0,0.3,Switch,1.4,-0.1829999999999998,1.217
349889,1,151.0,0.3,Repeat,1.2,-0.4169999999999999,0.783
349889,1,152.0,0.3,Repeat,1.0,0.1,1.1
349889,1,153.0,0.3,Repeat,1.4,-0.149,1.251
349889,1,154.0,0.3,Repeat,1.0,0.2330000000000001,1.233
349889,1,155.0,0.3,Repeat,1.2,-0.1169999999999999,1.083
349889,1,156.0,0.3,Repeat,1.4,0.2330000000000001,1.633
349889,1,157.0,0.7,Switch,1.4,-0.0169999999999999,1.383
349889,1,158.0,0.7,Repeat,1.4,0.367,1.767
349889,1,159.0,0.7,Repeat,1.2,0.131,1.331
349889,1,160.0,0.7,Repeat,0.8,0.534,1.334
349889,1,161.0,0.7,Repeat,1.2,-0.0999999999999998,1.1
349889,1,162.0,0.7,Repeat,1.2,0.034,1.234
349889,1,163.0,0.7,Repeat,1.0,0.3169999999999999,1.317
349889,1,164.0,0.3,Switch,1.6,-0.284,1.316
349889,1,165.0,0.3,Repeat,0.8,0.5,1.3
349889,1,166.0,0.3,Repeat,1.6,0.0329999999999999,1.633
349889,1,167.0,0.7,Switch,0.8,0.3999999999999999,1.2
349889,1,169.0,0.3,Repeat,1.0,0.583,1.583
349889,1,170.0,0.3,Repeat,0.8,0.4159999999999999,1.216
349889,1,171.0,0.7,Switch,1.6,0.0329999999999999,1.633
349889,1,173.0,0.7,Repeat,1.0,0.0169999999999999,1.017
349889,1,174.0,0.7,Repeat,1.6,0.0329999999999999,1.633
349889,1,175.0,0.7,Repeat,1.4,0.284,1.684
349889,1,176.0,0.7,Repeat,1.0,0.167,1.167
349889,1,177.0,0.3,Switch,1.2,0.3,1.5
349889,1,178.0,0.7,Switch,0.8,0.417,1.217
349889,1,179.0,0.3,Switch,0.8,0.4829999999999999,1.283
349889,1,181.0,0.3,Switch,1.0,0.3,1.3
349889,1,182.0,0.7,Switch,1.0,0.3,1.3
349889,1,183.0,0.3,Switch,0.8,0.349,1.149
349889,1,184.0,0.7,Switch,1.6,0.0169999999999999,1.617
349889,1,185.0,0.3,Switch,1.2,0.0,1.2
349889,1,186.0,0.3,Repeat,1.2,0.0330000000000001,1.233
349889,1,187.0,0.7,Switch,0.8,0.0829999999999999,0.883
349889,1,188.0,0.3,Switch,1.6,-0.2000000000000001,1.4
349889,1,189.0,0.3,Repeat,0.8,0.3499999999999998,1.15
349889,1,190.0,0.7,Switch,1.4,0.05,1.45
349889,1,191.0,0.3,Switch,1.0,0.2330000000000001,1.233
349889,1,192.0,0.3,Repeat,1.0,0.1160000000000001,1.116
349889,1,193.0,0.3,Repeat,1.4,-0.0329999999999999,1.367
349889,1,194.0,0.3,Repeat,0.8,0.5009999999999999,1.301
349889,1,195.0,0.7,Switch,1.4,0.5,1.9
349889,1,197.0,0.7,Repeat,1.6,0.2999999999999998,1.9
349889,1,198.0,0.7,Repeat,1.4,0.2830000000000001,1.683
349889,1,199.0,0.3,Switch,1.2,0.05,1.25
349889,1,200.0,0.3,Repeat,1.6,0.2229999999999998,1.823
349889,1,201.0,0.7,Switch,1.2,0.2330000000000001,1.433
349889,1,202.0,0.7,Repeat,0.8,0.1169999999999999,0.917
349889,1,203.0,0.7,Repeat,1.2,0.1160000000000001,1.316
349889,1,204.0,0.7,Repeat,1.0,0.4830000000000001,1.483
349889,1,205.0,0.7,Repeat,0.8,0.3,1.1
349889,1,206.0,0.3,Switch,1.6,0.1339999999999999,1.734
349889,1,207.0,0.3,Repeat,1.4,0.4670000000000001,1.867
349889,1,208.0,0.7,Switch,1.2,0.3500000000000001,1.55
349889,1,211.0,0.7,Repeat,1.2,0.417,1.617
349889,1,213.0,0.3,Repeat,1.2,-0.2329999999999999,0.967
349889,1,214.0,0.3,Repeat,1.0,0.133,1.133
349889,1,215.0,0.7,Switch,1.4,0.25,1.65
349889,1,216.0,0.3,Switch,0.8,0.0,0.8
349889,1,217.0,0.7,Switch,1.0,0.0169999999999999,1.017
349889,1,218.0,0.3,Switch,1.2,0.55,1.75
349889,1,219.0,0.7,Switch,1.4,0.4830000000000001,1.883
349889,1,220.0,0.3,Switch,1.2,0.5,1.7
349889,1,221.0,0.3,Repeat,1.4,-0.3329999999999999,1.067
349889,1,222.0,0.3,Repeat,0.8,0.25,1.05
349889,1,223.0,0.7,Switch,1.6,0.2169999999999998,1.817
349889,1,224.0,0.3,Switch,1.0,-0.05,0.95
349889,1,225.0,0.7,Switch,1.2,0.4659999999999999,1.666
349889,1,226.0,0.7,Repeat,1.6,-0.1160000000000001,1.484
349889,1,227.0,0.3,Switch,1.6,-0.367,1.233
349889,1,229.0,0.3,Repeat,1.0,0.167,1.167
349889,1,230.0,0.7,Switch,1.2,0.05,1.25
349889,1,231.0,0.7,Repeat,0.8,0.3999999999999999,1.2
349889,1,232.0,0.7,Repeat,1.4,0.2000000000000001,1.6
349889,1,233.0,0.7,Repeat,1.0,0.0,1.0
349889,1,234.0,0.7,Repeat,0.8,-0.35,0.45
349889,1,236.0,0.7,Repeat,0.8,0.0999999999999999,0.9
349889,1,237.0,0.3,Switch,1.4,0.2000000000000001,1.6
349889,1,238.0,0.3,Repeat,0.8,-0.083,0.717
349889,1,239.0,0.3,Repeat,1.6,-0.068,1.532
349889,1,241.0,0.3,Switch,1.2,0.086,1.286
349889,1,242.0,0.7,Switch,0.8,0.4869999999999999,1.287
349889,1,243.0,0.7,Repeat,1.2,0.3980000000000001,1.598
349889,1,244.0,0.7,Repeat,1.4,0.5920000000000001,1.992
349889,1,245.0,0.7,Repeat,1.4,0.3190000000000002,1.719
349889,1,246.0,0.3,Switch,1.0,0.3500000000000001,1.35
349889,1,248.0,0.3,Switch,1.6,-0.133,1.467
349889,1,249.0,0.7,Switch,1.6,0.1679999999999999,1.768
349889,1,250.0,0.7,Repeat,0.8,0.385,1.185
349889,1,251.0,0.3,Switch,0.8,0.0199999999999999,0.82
349889,1,252.0,0.7,Switch,1.6,-0.177,1.423
349889,1,253.0,0.3,Switch,1.4,-0.1499999999999999,1.25
349889,1,254.0,0.3,Repeat,1.4,-0.1479999999999999,1.252
349889,1,255.0,0.7,Switch,1.0,0.2339999999999999,1.234
349889,1,256.0,0.3,Switch,1.0,-0.145,0.855
349889,1,257.0,0.3,Repeat,1.0,0.3329999999999999,1.333
349889,1,258.0,0.3,Repeat,0.8,0.1649999999999999,0.965
349889,1,259.0,0.7,Switch,1.0,0.0989999999999999,1.099
349889,1,260.0,0.7,Repeat,0.8,0.2089999999999998,1.009
349889,1,261.0,0.7,Repeat,1.2,0.183,1.383
349889,1,262.0,0.3,Switch,1.6,0.018,1.618
349889,1,263.0,0.7,Switch,1.6,0.1049999999999999,1.705
349889,1,264.0,0.3,Switch,1.4,0.361,1.761
349889,1,265.0,0.3,Repeat,0.8,-0.319,0.481
349889,1,266.0,0.3,Repeat,1.6,0.1859999999999999,1.786
349889,1,267.0,0.3,Repeat,1.2,0.2099999999999999,1.41
349889,1,268.0,0.7,Switch,1.0,-0.044,0.956
349889,1,269.0,0.3,Switch,1.2,-0.2859999999999999,0.914
384894,1,31.0,0.3,Switch,0.8,-0.389,0.411
384894,1,32.0,0.7,Switch,0.8,0.0709999999999999,0.871
384894,1,33.0,0.7,Repeat,0.8,0.003,0.803
384894,1,34.0,0.7,Repeat,1.2,-0.2059999999999999,0.994
384894,1,36.0,0.3,Repeat,1.6,-0.379,1.221
384894,1,37.0,0.3,Repeat,1.0,-0.3269999999999999,0.673
384894,1,38.0,0.7,Switch,1.0,0.2350000000000001,1.235
384894,1,39.0,0.3,Switch,0.8,-0.079,0.721
384894,1,40.0,0.7,Switch,1.2,0.0589999999999999,1.259
384894,1,41.0,0.7,Repeat,1.4,-0.1299999999999999,1.27
384894,1,43.0,0.3,Repeat,1.6,-0.33,1.27
384894,1,44.0,0.7,Switch,1.4,-0.4509999999999999,0.949
384894,1,45.0,0.3,Switch,0.8,0.2489999999999999,1.049
384894,1,46.0,0.7,Switch,1.6,-0.4280000000000001,1.172
384894,1,47.0,0.7,Repeat,1.4,-0.1889999999999998,1.211
384894,1,48.0,0.7,Repeat,1.0,-0.035,0.965
384894,1,49.0,0.3,Switch,1.4,-0.563,0.837
384894,1,50.0,0.3,Repeat,1.2,-0.3179999999999999,0.882
384894,1,51.0,0.7,Switch,1.0,0.0309999999999999,1.031
384894,1,52.0,0.7,Repeat,1.6,-0.207,1.393
384894,1,53.0,0.3,Switch,1.4,-0.1569999999999998,1.243
384894,1,54.0,0.3,Repeat,1.0,-0.382,0.618
384894,1,55.0,0.3,Repeat,1.2,-0.032,1.168
384894,1,56.0,0.3,Repeat,1.0,-0.4519999999999999,0.548
384894,1,57.0,0.3,Repeat,1.6,-0.2220000000000002,1.378
384894,1,58.0,0.7,Switch,0.8,-0.09,0.71
384894,1,59.0,0.7,Repeat,1.6,-0.4560000000000002,1.144
384894,1,61.0,0.7,Switch,1.4,-0.27,1.13
384894,1,62.0,0.7,Repeat,1.6,-0.2730000000000001,1.327
384894,1,63.0,0.3,Switch,0.8,-0.33,0.47
384894,1,64.0,0.3,Repeat,1.2,-0.197,1.003
384894,1,65.0,0.7,Switch,1.6,-0.1680000000000001,1.432
384894,1,66.0,0.7,Repeat,0.8,-0.166,0.634
384894,1,67.0,0.7,Repeat,1.4,-0.4029999999999999,0.997
384894,1,68.0,0.3,Switch,0.8,-0.08,0.72
384894,1,70.0,0.7,Switch,0.8,0.2239999999999999,1.024
384894,1,71.0,0.3,Switch,1.4,-0.4429999999999999,0.957
384894,1,72.0,0.7,Switch,1.0,0.1599999999999999,1.16
384894,1,73.0,0.3,Switch,1.0,0.0009999999999998,1.001
384894,1,74.0,0.7,Switch,1.2,-0.1839999999999999,1.016
384894,1,75.0,0.7,Repeat,1.6,-0.056,1.544
384894,1,76.0,0.3,Switch,1.4,-0.3019999999999998,1.098
384894,1,77.0,0.7,Switch,1.2,-0.2809999999999999,0.919
384894,1,78.0,0.3,Switch,1.0,-0.38,0.62
384894,1,79.0,0.7,Switch,1.2,0.08,1.28
384894,1,80.0,0.7,Repeat,0.8,-0.165,0.635
384894,1,81.0,0.3,Switch,1.2,-0.167,1.033
384894,1,82.0,0.7,Switch,1.0,0.1149999999999999,1.115
384894,1,83.0,0.3,Switch,1.0,-0.3389999999999999,0.661
384894,1,84.0,0.3,Repeat,1.4,-0.4379999999999999,0.962
384894,1,85.0,0.7,Switch,1.4,0.0150000000000001,1.415
384894,1,86.0,0.3,Switch,1.6,-0.1800000000000001,1.42
384894,1,87.0,0.3,Repeat,1.6,-0.48,1.12
384894,1,88.0,0.3,Repeat,1.2,-0.125,1.075
384894,1,89.0,0.7,Switch,1.0,-0.0699999999999999,0.93
384894,1,91.0,0.3,Switch,0.8,-0.182,0.618
384894,1,92.0,0.3,Repeat,1.0,-0.5469999999999999,0.453
384894,1,93.0,0.7,Switch,1.4,-0.3259999999999998,1.074
384894,1,94.0,0.7,Repeat,1.0,-0.0979999999999999,0.902
384894,1,95.0,0.7,Repeat,1.4,-0.0479999999999998,1.352
384894,1,96.0,0.7,Repeat,1.2,0.2530000000000001,1.453
384894,1,97.0,0.3,Switch,1.0,-0.2299999999999999,0.77
384894,1,98.0,0.3,Repeat,1.2,-0.2909999999999999,0.909
384894,1,99.0,0.7,Switch,0.8,-0.087,0.713
384894,1,100.0,0.3,Switch,1.2,-0.5559999999999999,0.644
384894,1,101.0,0.7,Switch,1.6,-0.3960000000000001,1.204
384894,1,102.0,0.7,Repeat,0.8,-0.067,0.733
384894,1,103.0,0.3,Switch,1.0,-0.4499999999999999,0.55
384894,1,104.0,0.3,Repeat,1.4,-0.4199999999999999,0.98
384894,1,105.0,0.7,Switch,1.6,-0.4320000000000001,1.168
384894,1,106.0,0.7,Repeat,1.6,-0.5490000000000002,1.051
384894,1,107.0,0.7,Repeat,1.0,0.068,1.068
384894,1,108.0,0.7,Repeat,0.8,0.129,0.929
384894,1,109.0,0.3,Switch,0.8,-0.199,0.601
384894,1,111.0,0.7,Switch,1.4,-0.5099999999999999,0.89
384894,1,112.0,0.3,Switch,0.8,-0.2250000000000001,0.575
384894,1,114.0,0.7,Switch,1.0,-0.0639999999999999,0.936
384894,1,115.0,0.3,Switch,1.4,-0.4119999999999999,0.988
384894,1,117.0,0.3,Repeat,1.2,-0.362,0.838
384894,1,118.0,0.7,Switch,1.2,-0.068,1.132
384894,1,119.0,0.3,Switch,1.6,-0.4670000000000001,1.133
384894,1,121.0,0.3,Repeat,0.8,-0.138,0.662
384894,1,122.0,0.7,Switch,1.6,-0.2259999999999999,1.374
384894,1,123.0,0.7,Repeat,1.4,0.09,1.49
384894,1,124.0,0.7,Repeat,1.6,-0.0470000000000001,1.553
384894,1,125.0,0.3,Switch,1.4,0.0690000000000001,1.469
384894,1,126.0,0.7,Switch,1.0,0.054,1.054
384894,1,127.0,0.7,Repeat,1.2,0.0190000000000001,1.219
384894,1,128.0,0.3,Switch,1.4,-0.3189999999999999,1.081
384894,1,129.0,0.7,Switch,1.4,0.018,1.418
384894,1,131.0,0.7,Switch,1.0,0.1939999999999999,1.194
384894,1,132.0,0.3,Switch,1.6,-0.4400000000000001,1.16
384894,1,133.0,0.7,Switch,0.8,-0.145,0.655
384894,1,134.0,0.7,Repeat,1.0,0.0549999999999999,1.055
384894,1,135.0,0.3,Switch,1.0,-0.038,0.962
384894,1,136.0,0.3,Repeat,0.8,0.004,0.804
384894,1,137.0,0.7,Switch,0.8,-0.276,0.524
384894,1,138.0,0.7,Repeat,0.8,-0.098,0.702
384894,1,139.0,0.3,Switch,1.0,-0.157,0.843
384894,1,140.0,0.7,Switch,1.4,-0.1049999999999999,1.295
384894,1,141.0,0.3,Switch,1.6,-0.492,1.108
384894,1,142.0,0.3,Repeat,0.8,-0.197,0.603
384894,1,143.0,0.3,Repeat,1.6,-0.4730000000000001,1.127
384894,1,144.0,0.3,Repeat,1.2,-0.4109999999999999,0.789
384894,1,145.0,0.7,Switch,1.2,0.1460000000000001,1.346
384894,1,146.0,0.3,Switch,1.2,-0.004,1.196
384894,1,147.0,0.7,Switch,1.2,-0.0009999999999998,1.199
384894,1,148.0,0.7,Repeat,1.6,-0.28,1.32
384894,1,149.0,0.3,Switch,1.2,0.0290000000000001,1.229
384894,1,151.0,0.3,Switch,1.6,-0.5770000000000002,1.023
384894,1,152.0,0.3,Repeat,1.4,-0.3289999999999999,1.071
384894,1,153.0,0.3,Repeat,1.0,0.1319999999999999,1.132
384894,1,154.0,0.7,Switch,1.0,-0.001,0.999
384894,1,155.0,0.7,Repeat,1.4,-0.2099999999999999,1.19
384894,1,156.0,0.3,Switch,0.8,0.256,1.056
384894,1,157.0,0.3,Repeat,0.8,0.1399999999999999,0.94
384894,1,158.0,0.3,Repeat,1.4,-0.4779999999999998,0.922
384894,1,159.0,0.7,Switch,0.8,0.1779999999999999,0.978
384894,1,160.0,0.3,Switch,1.6,-0.476,1.124
384894,1,161.0,0.7,Switch,1.6,-0.0490000000000001,1.551
384894,1,162.0,0.3,Switch,1.6,-0.1080000000000001,1.492
384894,1,163.0,0.3,Repeat,0.8,-0.018,0.782
384894,1,164.0,0.3,Repeat,1.2,-0.349,0.851
384894,1,165.0,0.3,Repeat,1.0,-0.3209999999999999,0.679
384894,1,166.0,0.7,Switch,1.6,-0.4950000000000001,1.105
384894,1,167.0,0.3,Switch,1.0,0.191,1.191
384894,1,168.0,0.7,Switch,1.6,-0.385,1.215
384894,1,169.0,0.3,Switch,1.4,-0.3159999999999998,1.084
384894,1,170.0,0.7,Switch,1.4,-0.016,1.384
384894,1,171.0,0.7,Repeat,0.8,-0.062,0.738
384894,1,172.0,0.3,Switch,1.2,0.01,1.21
384894,1,173.0,0.7,Switch,1.2,-0.0389999999999999,1.161
384894,1,174.0,0.7,Repeat,1.2,-0.018,1.182
384894,1,175.0,0.3,Switch,1.2,-0.5199999999999999,0.68
384894,1,176.0,0.7,Switch,0.8,0.0159999999999999,0.816
384894,1,177.0,0.7,Repeat,1.0,-0.161,0.839
384894,1,178.0,0.7,Repeat,1.0,-0.032,0.968
384894,1,179.0,0.7,Repeat,1.2,-0.1159999999999998,1.084
384894,1,181.0,0.3,Repeat,1.6,-0.5410000000000001,1.059
384894,1,183.0,0.3,Repeat,1.0,-0.4409999999999999,0.559
384894,1,184.0,0.3,Repeat,1.4,-0.5199999999999999,0.88
384894,1,185.0,0.3,Repeat,1.2,-0.2919999999999999,0.908
384894,1,186.0,0.3,Repeat,1.0,0.169,1.169
384894,1,187.0,0.7,Switch,1.6,-0.431,1.169
384894,1,188.0,0.3,Switch,0.8,-0.268,0.532
384894,1,189.0,0.7,Switch,1.2,-0.139,1.061
384894,1,190.0,0.3,Switch,0.8,-0.085,0.715
384894,1,191.0,0.7,Switch,1.0,-0.147,0.853
384894,1,192.0,0.7,Repeat,0.8,0.0979999999999999,0.898
384894,1,193.0,0.7,Repeat,0.8,0.1769999999999999,0.977
384894,1,194.0,0.7,Repeat,1.0,0.1799999999999999,1.18
384894,1,195.0,0.7,Repeat,1.4,-0.26,1.14
384894,1,196.0,0.7,Repeat,1.6,-0.165,1.435
384894,1,197.0,0.7,Repeat,1.2,0.102,1.302
384894,1,198.0,0.3,Switch,1.4,-0.5299999999999999,0.87
384894,1,199.0,0.3,Repeat,1.2,-0.497,0.703
384894,1,200.0,0.7,Switch,0.8,0.119,0.919
384894,1,201.0,0.3,Switch,1.0,-0.1049999999999999,0.895
384894,1,202.0,0.3,Repeat,1.2,-0.3949999999999999,0.805
384894,1,203.0,0.7,Switch,1.2,0.0589999999999999,1.259
384894,1,204.0,0.3,Switch,1.6,-0.443,1.157
384894,1,205.0,0.7,Switch,1.0,0.042,1.042
384894,1,206.0,0.7,Repeat,1.6,-0.375,1.225
384894,1,208.0,0.7,Switch,1.4,-0.268,1.132
384894,1,209.0,0.7,Repeat,1.4,-0.004,1.396
384894,1,211.0,0.7,Repeat,1.0,-0.03,0.97
384894,1,212.0,0.3,Switch,1.0,-0.408,0.592
384894,1,213.0,0.3,Repeat,1.6,-0.5610000000000002,1.039
384894,1,214.0,0.3,Repeat,0.8,0.0629999999999999,0.863
384894,1,216.0,0.7,Switch,1.4,-0.0789999999999999,1.321
384894,1,217.0,0.7,Repeat,1.6,-0.2220000000000002,1.378
384894,1,218.0,0.3,Switch,1.4,-0.4509999999999999,0.949
384894,1,219.0,0.3,Repeat,0.8,0.135,0.935
384894,1,220.0,0.7,Switch,0.8,0.0699999999999999,0.87
384894,1,221.0,0.3,Switch,1.2,-0.368,0.832
384894,1,222.0,0.3,Repeat,1.2,-0.253,0.947
384894,1,223.0,0.3,Repeat,0.8,0.2289999999999998,1.029
384894,1,224.0,0.7,Switch,1.0,0.129,1.129
384894,1,225.0,0.3,Switch,1.2,0.05,1.25
384894,1,226.0,0.3,Repeat,1.0,0.0069999999999998,1.007
384894,1,227.0,0.7,Switch,1.4,0.0290000000000001,1.429
384894,1,228.0,0.3,Switch,1.4,-0.3159999999999998,1.084
384894,1,229.0,0.3,Repeat,1.6,-0.5730000000000002,1.027
384894,1,230.0,0.7,Switch,1.6,-0.1260000000000001,1.474
384894,1,231.0,0.7,Repeat,1.0,0.0329999999999999,1.033
384894,1,232.0,0.7,Repeat,1.2,0.012,1.212
384894,1,233.0,0.7,Repeat,1.4,-0.1279999999999999,1.272
384894,1,234.0,0.7,Repeat,1.2,0.0050000000000001,1.205
384894,1,235.0,0.7,Repeat,0.8,-0.1100000000000001,0.69
384894,1,236.0,0.7,Repeat,1.2,0.157,1.357
384894,1,238.0,0.7,Switch,0.8,0.359,1.159
384894,1,239.0,0.3,Switch,1.0,-0.119,0.881
384894,1,241.0,0.7,Switch,1.0,0.3129999999999999,1.313
384894,1,242.0,0.7,Repeat,1.0,0.165,1.165
384894,1,243.0,0.3,Switch,1.4,-0.3009999999999999,1.099
384894,1,244.0,0.3,Repeat,0.8,0.2349999999999998,1.035
384894,1,245.0,0.7,Switch,1.6,0.0399999999999998,1.64
384894,1,246.0,0.3,Switch,1.2,-0.159,1.041
384894,1,247.0,0.3,Repeat,0.8,0.1469999999999999,0.947
384894,1,248.0,0.7,Switch,1.6,0.0569999999999999,1.657
384894,1,249.0,0.3,Switch,1.2,0.0250000000000001,1.225
384894,1,250.0,0.7,Switch,1.6,-0.056,1.544
384894,1,251.0,0.7,Repeat,0.8,0.136,0.936
384894,1,252.0,0.7,Repeat,0.8,0.1689999999999999,0.969
384894,1,253.0,0.7,Repeat,1.2,0.161,1.361
384894,1,254.0,0.7,Repeat,1.4,0.0890000000000001,1.489
384894,1,255.0,0.3,Switch,1.0,0.506,1.506
384894,1,256.0,0.3,Repeat,1.0,-0.171,0.829
384894,1,257.0,0.3,Repeat,1.6,-0.167,1.433
384894,1,258.0,0.7,Switch,1.4,0.0370000000000001,1.437
384894,1,260.0,0.7,Switch,1.2,-0.0959999999999998,1.104
384894,1,261.0,0.3,Switch,1.4,-0.2209999999999998,1.179
384894,1,262.0,0.7,Switch,1.4,-0.0879999999999998,1.312
384894,1,263.0,0.3,Switch,1.6,-0.4180000000000001,1.182
384894,1,264.0,0.3,Repeat,0.8,-0.153,0.647
384894,1,265.0,0.7,Switch,1.2,0.1180000000000001,1.318
384894,1,266.0,0.3,Switch,1.2,-0.147,1.053
384894,1,267.0,0.3,Repeat,1.0,0.0329999999999999,1.033
384894,1,268.0,0.7,Switch,1.0,0.391,1.391
384894,1,269.0,0.7,Repeat,0.8,0.1659999999999999,0.966
658375,1,31.0,0.7,Repeat,0.8,-0.011,0.789
658375,1,32.0,0.3,Switch,1.6,-0.3780000000000001,1.222
658375,1,33.0,0.3,Repeat,1.2,-0.016,1.184
658375,1,34.0,0.7,Switch,1.0,0.3680000000000001,1.368
658375,1,36.0,0.7,Switch,1.0,0.219,1.219
658375,1,37.0,0.3,Switch,1.0,-0.037,0.963
658375,1,39.0,0.7,Repeat,1.0,0.246,1.246
658375,1,40.0,0.3,Switch,1.4,-0.3199999999999998,1.08
658375,1,42.0,0.7,Repeat,1.2,-0.256,0.944
658375,1,43.0,0.3,Switch,1.4,-0.3229999999999999,1.077
658375,1,44.0,0.3,Repeat,0.8,-0.026,0.774
658375,1,45.0,0.3,Repeat,1.0,-0.405,0.595
658375,1,46.0,0.7,Switch,1.2,-0.193,1.007
658375,1,47.0,0.7,Repeat,0.8,0.2319999999999999,1.032
658375,1,48.0,0.7,Repeat,1.6,-0.1580000000000001,1.442
658375,1,49.0,0.7,Repeat,1.2,-0.157,1.043
658375,1,50.0,0.7,Repeat,1.4,-0.1769999999999998,1.223
658375,1,51.0,0.3,Switch,1.0,-0.366,0.634
658375,1,52.0,0.7,Switch,1.4,0.006,1.406
658375,1,53.0,0.3,Switch,1.2,-0.4509999999999999,0.749
658375,1,54.0,0.3,Repeat,1.2,-0.034,1.166
658375,1,55.0,0.7,Switch,0.8,0.3699999999999999,1.17
658375,1,56.0,0.3,Switch,1.4,-0.0509999999999999,1.349
658375,1,57.0,0.3,Repeat,0.8,0.2409999999999998,1.041
658375,1,59.0,0.3,Repeat,0.8,0.0179999999999999,0.818
658375,1,61.0,0.7,Switch,0.8,0.324,1.124
658375,1,62.0,0.3,Switch,1.0,0.092,1.092
658375,1,63.0,0.3,Repeat,0.8,-0.22,0.58
658375,1,64.0,0.7,Switch,1.6,-0.4850000000000001,1.115
658375,1,65.0,0.3,Switch,1.2,-0.245,0.955
658375,1,66.0,0.7,Switch,1.2,0.0450000000000001,1.245
658375,1,67.0,0.7,Repeat,1.0,0.4639999999999999,1.464
658375,1,68.0,0.7,Repeat,1.0,0.2019999999999999,1.202
658375,1,69.0,0.3,Switch,1.4,-0.3259999999999998,1.074
658375,1,70.0,0.7,Switch,1.4,-0.0819999999999998,1.318
658375,1,71.0,0.7,Repeat,1.2,0.0190000000000001,1.219
658375,1,72.0,0.7,Repeat,0.8,-0.246,0.554
658375,1,73.0,0.3,Switch,1.2,-0.1619999999999999,1.038
658375,1,74.0,0.3,Repeat,1.6,-0.5190000000000001,1.081
658375,1,75.0,0.3,Repeat,1.4,-0.5389999999999999,0.861
658375,1,76.0,0.3,Repeat,1.0,0.0329999999999999,1.033
658375,1,77.0,0.7,Switch,1.2,-0.1059999999999998,1.094
658375,1,78.0,0.7,Repeat,1.6,-0.1780000000000001,1.422
658375,1,79.0,0.3,Switch,1.4,-0.3349999999999999,1.065
658375,1,82.0,0.3,Repeat,1.0,0.0809999999999999,1.081
658375,1,84.0,0.7,Switch,0.8,0.369,1.169
658375,1,85.0,0.7,Repeat,1.0,0.211,1.211
658375,1,86.0,0.3,Switch,1.2,-0.486,0.714
658375,1,87.0,0.7,Switch,1.4,-0.1609999999999998,1.239
658375,1,88.0,0.7,Repeat,1.4,-0.244,1.156
658375,1,89.0,0.7,Repeat,1.6,-0.3410000000000002,1.259
658375,1,91.0,0.3,Repeat,1.2,-0.37,0.83
658375,1,92.0,0.7,Switch,0.8,0.2769999999999999,1.077
658375,1,93.0,0.7,Repeat,1.0,-0.034,0.966
658375,1,94.0,0.7,Repeat,1.0,-0.0719999999999999,0.928
658375,1,95.0,0.3,Switch,1.0,0.1479999999999999,1.148
658375,1,96.0,0.3,Repeat,1.0,0.125,1.125
658375,1,97.0,0.7,Switch,1.2,-0.4579999999999999,0.742
658375,1,98.0,0.3,Switch,1.4,-0.4409999999999999,0.959
658375,1,99.0,0.7,Switch,1.6,-0.4830000000000001,1.117
658375,1,100.0,0.7,Repeat,0.8,0.4569999999999998,1.257
658375,1,101.0,0.7,Repeat,1.6,-0.4140000000000001,1.186
658375,1,103.0,0.7,Switch,1.0,-0.5640000000000001,0.436
658375,1,104.0,0.7,Repeat,1.2,0.1979999999999999,1.398
658375,1,105.0,0.7,Repeat,0.8,0.2389999999999998,1.039
658375,1,107.0,0.7,Switch,1.4,-0.2299999999999999,1.17
658375,1,108.0,0.3,Switch,1.2,-0.491,0.709
658375,1,109.0,0.7,Switch,1.4,-0.0829999999999999,1.317
658375,1,111.0,0.3,Repeat,0.8,-0.421,0.379
658375,1,112.0,0.3,Repeat,0.8,-0.024,0.776
658375,1,113.0,0.7,Switch,1.6,-0.431,1.169
658375,1,114.0,0.3,Switch,0.8,-0.187,0.613
658375,1,115.0,0.3,Repeat,1.4,-0.4209999999999999,0.979
658375,1,116.0,0.7,Switch,1.2,-0.058,1.142
658375,1,117.0,0.3,Switch,1.4,-0.266,1.134
658375,1,118.0,0.3,Repeat,1.2,0.0909999999999999,1.291
658375,1,119.0,0.7,Switch,1.4,0.022,1.422
658375,1,121.0,0.3,Switch,0.8,0.0499999999999999,0.85
658375,1,122.0,0.7,Switch,1.6,-0.393,1.207
658375,1,123.0,0.7,Repeat,0.8,0.006,0.806
658375,1,124.0,0.3,Switch,1.0,0.0389999999999999,1.039
658375,1,125.0,0.3,Repeat,1.4,-0.0089999999999998,1.391
658375,1,126.0,0.7,Switch,1.4,-0.2249999999999998,1.175
658375,1,127.0,0.7,Repeat,1.2,-0.0989999999999999,1.101
658375,1,129.0,0.7,Switch,1.2,-0.123,1.077
658375,1,133.0,0.3,Repeat,1.0,-0.295,0.705
658375,1,134.0,0.7,Switch,1.6,-0.4930000000000001,1.107
658375,1,135.0,0.3,Switch,0.8,0.593,1.393
658375,1,137.0,0.7,Switch,1.6,-0.4160000000000001,1.184
658375,1,138.0,0.7,Repeat,1.0,0.0629999999999999,1.063
658375,1,139.0,0.3,Switch,1.4,-0.3519999999999998,1.048
658375,1,140.0,0.7,Switch,1.4,-0.0279999999999998,1.372
658375,1,141.0,0.7,Repeat,1.4,-0.0569999999999999,1.343
658375,1,142.0,0.3,Switch,1.0,-0.3129999999999999,0.687
658375,1,143.0,0.7,Switch,1.0,0.219,1.219
658375,1,144.0,0.3,Switch,1.2,-0.493,0.707
658375,1,145.0,0.7,Switch,1.0,-0.027,0.973
658375,1,146.0,0.3,Switch,0.8,-0.068,0.732
658375,1,147.0,0.7,Switch,1.2,-0.07,1.13
658375,1,148.0,0.3,Switch,1.2,-0.5419999999999999,0.658
658375,1,149.0,0.7,Switch,0.8,-0.088,0.712
658375,1,151.0,0.7,Repeat,1.2,-0.2209999999999999,0.979
658375,1,152.0,0.7,Repeat,1.0,-0.003,0.997
658375,1,153.0,0.7,Repeat,1.4,-0.1579999999999999,1.242
658375,1,154.0,0.7,Repeat,1.0,0.125,1.125
658375,1,155.0,0.7,Repeat,0.8,0.4119999999999999,1.212
658375,1,156.0,0.3,Switch,1.4,-0.399,1.001
658375,1,157.0,0.7,Switch,1.0,0.0529999999999999,1.053
658375,1,158.0,0.3,Switch,1.6,-0.421,1.179
658375,1,159.0,0.3,Repeat,1.0,0.2079999999999999,1.208
658375,1,160.0,0.7,Switch,0.8,0.256,1.056
658375,1,162.0,0.3,Repeat,1.2,-0.565,0.635
658375,1,163.0,0.7,Switch,1.2,-0.0809999999999999,1.119
658375,1,164.0,0.3,Switch,1.6,-0.4650000000000001,1.135
658375,1,165.0,0.3,Repeat,0.8,0.4159999999999999,1.216
658375,1,166.0,0.7,Switch,1.4,-0.0669999999999999,1.333
658375,1,167.0,0.3,Switch,1.0,0.1060000000000001,1.106
658375,1,168.0,0.3,Repeat,1.2,0.246,1.446
658375,1,169.0,0.7,Switch,1.6,-0.2180000000000002,1.382
658375,1,170.0,0.3,Switch,0.8,0.001,0.801
658375,1,171.0,0.3,Repeat,1.4,-0.2029999999999998,1.197
658375,1,172.0,0.3,Repeat,1.0,-0.1979999999999999,0.802
658375,1,173.0,0.3,Repeat,0.8,0.1019999999999999,0.902
658375,1,174.0,0.3,Repeat,1.4,-0.4429999999999999,0.957
658375,1,176.0,0.7,Repeat,1.6,0.0129999999999999,1.613
658375,1,177.0,0.7,Repeat,1.4,0.01,1.41
658375,1,178.0,0.3,Switch,1.2,0.123,1.323
658375,1,179.0,0.7,Switch,1.2,0.018,1.218
658375,1,181.0,0.3,Repeat,1.4,0.002,1.402
658375,1,182.0,0.3,Repeat,1.2,0.068,1.268
658375,1,183.0,0.3,Repeat,1.6,-0.1360000000000001,1.464
658375,1,184.0,0.7,Switch,1.4,0.032,1.432
658375,1,185.0,0.7,Repeat,1.0,0.3779999999999999,1.378
658375,1,186.0,0.7,Repeat,0.8,0.2869999999999999,1.087
658375,1,187.0,0.3,Switch,1.2,-0.121,1.079
658375,1,188.0,0.3,Repeat,1.0,0.07,1.07
658375,1,189.0,0.7,Switch,1.6,-0.3430000000000002,1.257
658375,1,190.0,0.3,Switch,1.6,-0.213,1.387
658375,1,191.0,0.7,Switch,1.0,0.04,1.04
658375,1,192.0,0.7,Repeat,1.6,-0.131,1.469
658375,1,193.0,0.3,Switch,0.8,0.1639999999999999,0.964
658375,1,194.0,0.3,Repeat,0.8,0.132,0.932
658375,1,195.0,0.7,Switch,0.8,0.268,1.068
658375,1,196.0,0.3,Switch,1.0,0.022,1.022
658375,1,197.0,0.3,Repeat,1.6,-0.5930000000000002,1.007
658375,1,198.0,0.7,Switch,1.4,0.078,1.478
658375,1,199.0,0.7,Repeat,0.8,0.419,1.219
658375,1,200.0,0.3,Switch,1.0,0.0829999999999999,1.083
658375,1,201.0,0.3,Repeat,1.2,0.2299999999999999,1.43
658375,1,202.0,0.7,Switch,1.0,0.395,1.395
658375,1,203.0,0.7,Repeat,1.2,0.389,1.589
658375,1,205.0,0.3,Repeat,0.8,-0.093,0.707
658375,1,206.0,0.7,Switch,1.2,0.215,1.415
658375,1,207.0,0.7,Repeat,1.2,0.3480000000000001,1.548
658375,1,208.0,0.7,Repeat,1.6,-0.1200000000000001,1.48
658375,1,209.0,0.7,Repeat,1.4,0.1120000000000001,1.512
658375,1,211.0,0.3,Switch,1.0,0.1129999999999999,1.113
658375,1,212.0,0.3,Repeat,1.0,0.0429999999999999,1.043
658375,1,213.0,0.7,Switch,1.4,0.203,1.603
658375,1,215.0,0.7,Repeat,1.4,0.1920000000000001,1.592
658375,1,216.0,0.7,Repeat,1.6,-0.2630000000000001,1.337
658375,1,217.0,0.7,Repeat,1.2,0.387,1.587
658375,1,219.0,0.7,Switch,0.8,0.2329999999999998,1.033
658375,1,220.0,0.3,Switch,1.0,0.094,1.094
658375,1,221.0,0.3,Repeat,1.4,-0.4969999999999999,0.903
658375,1,222.0,0.7,Switch,1.2,0.2079999999999999,1.408
658375,1,223.0,0.3,Switch,0.8,-0.478,0.322
658375,1,224.0,0.7,Switch,1.2,-0.0349999999999999,1.165
658375,1,225.0,0.7,Repeat,1.6,-0.163,1.437
658375,1,226.0,0.3,Switch,1.6,-0.2350000000000001,1.365
658375,1,227.0,0.3,Repeat,0.8,0.2079999999999999,1.008
658375,1,228.0,0.3,Repeat,1.2,-0.1799999999999999,1.02
658375,1,229.0,0.3,Repeat,1.2,-0.022,1.178
658375,1,230.0,0.3,Repeat,1.4,-0.2159999999999999,1.184
658375,1,231.0,0.3,Repeat,0.8,-0.149,0.651
658375,1,232.0,0.3,Repeat,1.6,-0.175,1.425
658375,1,233.0,0.7,Switch,1.0,0.1719999999999999,1.172
658375,1,234.0,0.7,Repeat,1.4,-0.0269999999999999,1.373
658375,1,236.0,0.3,Switch,1.4,-0.121,1.279
658375,1,238.0,0.7,Switch,0.8,0.26,1.06
658375,1,239.0,0.7,Repeat,0.8,0.2589999999999999,1.059
658375,1,243.0,0.7,Repeat,1.0,0.1419999999999999,1.142
658375,1,244.0,0.3,Switch,1.2,-0.483,0.717
658375,1,245.0,0.3,Repeat,0.8,0.12,0.92
658375,1,246.0,0.7,Switch,1.2,0.0490000000000001,1.249
658375,1,247.0,0.7,Repeat,1.2,-0.2269999999999999,0.973
658375,1,248.0,0.3,Switch,1.2,-0.054,1.146
658375,1,249.0,0.3,Repeat,1.4,-0.4379999999999999,0.962
658375,1,252.0,0.3,Switch,1.0,0.302,1.302
658375,1,253.0,0.7,Switch,1.6,-0.058,1.542
658375,1,254.0,0.7,Repeat,0.8,0.4459999999999999,1.246
658375,1,255.0,0.3,Switch,1.6,-0.5740000000000001,1.026
658375,1,256.0,0.7,Switch,1.4,0.104,1.504
658375,1,257.0,0.3,Switch,0.8,0.1659999999999999,0.966
658375,1,258.0,0.7,Switch,0.8,0.132,0.932
658375,1,259.0,0.3,Switch,1.6,-0.2710000000000001,1.329
658375,1,260.0,0.3,Repeat,0.8,0.2339999999999999,1.034
658375,1,261.0,0.3,Repeat,1.4,-0.4509999999999999,0.949
658375,1,262.0,0.3,Repeat,1.0,0.1140000000000001,1.114
658375,1,263.0,0.3,Repeat,1.2,0.092,1.292
658375,1,264.0,0.7,Switch,1.6,-0.5970000000000002,1.003
658375,1,265.0,0.7,Repeat,1.4,-0.1749999999999998,1.225
658375,1,266.0,0.7,Repeat,1.4,-0.3429999999999999,1.057
658375,1,267.0,0.7,Repeat,1.0,-0.023,0.977
658375,1,268.0,0.7,Repeat,1.2,0.0090000000000001,1.209
658375,1,269.0,0.3,Switch,1.0,0.0009999999999998,1.001
730111,1,31.0,0.3,Switch,0.8,0.387,1.187
730111,1,32.0,0.3,Repeat,1.2,0.1660000000000001,1.366
730111,1,33.0,0.7,Switch,1.4,0.0370000000000001,1.437
730111,1,34.0,0.3,Switch,1.0,0.296,1.296
730111,1,35.0,0.7,Switch,0.8,0.5129999999999999,1.313
730111,1,36.0,0.7,Repeat,1.4,-0.121,1.279
730111,1,37.0,0.7,Repeat,1.6,-0.183,1.417
730111,1,38.0,0.7,Repeat,1.0,-0.1169999999999999,0.883
730111,1,39.0,0.7,Repeat,1.2,-0.0869999999999999,1.113
730111,1,40.0,0.3,Switch,1.6,-0.1220000000000001,1.478
730111,1,41.0,0.7,Switch,1.6,-0.365,1.235
730111,1,42.0,0.3,Switch,1.2,0.577,1.777
730111,1,43.0,0.3,Repeat,1.4,0.1640000000000001,1.564
730111,1,44.0,0.7,Switch,0.8,0.5740000000000001,1.374
730111,1,45.0,0.7,Repeat,1.2,0.092,1.292
730111,1,46.0,0.3,Switch,1.0,0.1599999999999999,1.16
730111,1,47.0,0.7,Switch,1.4,-0.1999999999999999,1.2
730111,1,48.0,0.7,Repeat,1.6,-0.0290000000000001,1.571
730111,1,49.0,0.3,Switch,1.2,0.0210000000000001,1.221
730111,1,50.0,0.7,Switch,0.8,0.1049999999999999,0.905
730111,1,51.0,0.7,Repeat,1.0,0.211,1.211
730111,1,52.0,0.3,Switch,0.8,0.1139999999999999,0.914
730111,1,53.0,0.7,Switch,1.0,0.1579999999999999,1.158
730111,1,55.0,0.3,Repeat,0.8,0.2139999999999999,1.014
730111,1,56.0,0.3,Repeat,1.6,-0.1080000000000001,1.492
730111,1,57.0,0.3,Repeat,1.0,0.4750000000000001,1.475
730111,1,58.0,0.3,Repeat,1.6,-0.1220000000000001,1.478
730111,1,59.0,0.3,Repeat,1.4,0.183,1.583
730111,1,61.0,0.7,Repeat,0.8,0.2239999999999999,1.024
730111,1,62.0,0.7,Repeat,1.4,-0.0419999999999998,1.358
730111,1,63.0,0.3,Switch,0.8,0.2709999999999999,1.071
730111,1,64.0,0.7,Switch,1.4,0.016,1.416
730111,1,65.0,0.7,Repeat,1.2,0.2079999999999999,1.408
730111,1,66.0,0.3,Switch,0.8,0.421,1.221
730111,1,67.0,0.3,Repeat,0.8,0.4259999999999999,1.226
730111,1,68.0,0.7,Switch,1.2,0.1240000000000001,1.324
730111,1,69.0,0.7,Repeat,1.2,0.0689999999999999,1.269
730111,1,70.0,0.3,Switch,1.0,0.4439999999999999,1.444
730111,1,71.0,0.3,Repeat,1.4,-0.0739999999999998,1.326
730111,1,72.0,0.3,Repeat,1.2,-0.01,1.19
730111,1,73.0,0.3,Repeat,1.0,0.004,1.004
730111,1,74.0,0.7,Switch,1.6,-0.2610000000000001,1.339
730111,1,75.0,0.3,Switch,1.2,0.3840000000000001,1.584
730111,1,76.0,0.3,Repeat,1.6,0.0479999999999998,1.648
730111,1,78.0,0.7,Switch,1.0,0.2239999999999999,1.224
730111,1,79.0,0.7,Repeat,1.6,-0.2339999999999999,1.366
730111,1,80.0,0.3,Switch,1.2,-0.147,1.053
730111,1,81.0,0.7,Switch,0.8,0.3049999999999999,1.105
730111,1,82.0,0.3,Switch,1.4,0.1420000000000001,1.542
730111,1,83.0,0.7,Switch,0.8,0.2869999999999999,1.087
730111,1,85.0,0.7,Repeat,1.4,-0.1869999999999998,1.213
730111,1,86.0,0.3,Switch,1.6,-0.0350000000000001,1.565
730111,1,87.0,0.3,Repeat,1.6,0.1219999999999998,1.722
730111,1,88.0,0.3,Repeat,1.4,0.0330000000000001,1.433
730111,1,89.0,0.7,Switch,1.0,-0.132,0.868
730111,1,91.0,0.7,Repeat,1.0,0.2729999999999999,1.273
730111,1,92.0,0.7,Repeat,0.8,0.1579999999999999,0.958
730111,1,93.0,0.7,Repeat,0.8,0.4239999999999999,1.224
730111,1,94.0,0.7,Repeat,1.6,-0.0350000000000001,1.565
730111,1,95.0,0.3,Switch,1.6,0.355,1.955
730111,1,96.0,0.7,Switch,1.6,0.264,1.864
730111,1,97.0,0.7,Repeat,1.0,0.2649999999999999,1.265
730111,1,98.0,0.3,Switch,1.4,0.143,1.543
730111,1,99.0,0.3,Repeat,1.4,-0.0109999999999998,1.389
730111,1,100.0,0.7,Switch,1.4,-0.1239999999999998,1.276
730111,1,101.0,0.3,Switch,1.0,0.4650000000000001,1.465
730111,1,102.0,0.3,Repeat,1.0,0.012,1.012
730111,1,103.0,0.3,Repeat,1.6,-0.042,1.558
730111,1,104.0,0.3,Repeat,1.6,0.3289999999999999,1.929
730111,1,105.0,0.3,Repeat,0.8,-0.037,0.763
730111,1,106.0,0.3,Repeat,1.2,-0.1359999999999999,1.064
730111,1,107.0,0.3,Repeat,1.4,-0.2979999999999998,1.102
730111,1,108.0,0.3,Repeat,1.0,-0.132,0.868
730111,1,109.0,0.3,Repeat,1.2,0.3440000000000001,1.544
730111,1,110.0,0.7,Switch,1.6,0.1089999999999999,1.709
730111,1,111.0,0.7,Repeat,1.2,0.32,1.52
730111,1,112.0,0.7,Repeat,0.8,0.5389999999999999,1.339
730111,1,113.0,0.3,Switch,1.2,-0.056,1.144
730111,1,114.0,0.7,Switch,1.4,0.1960000000000001,1.596
730111,1,115.0,0.3,Switch,0.8,0.24,1.04
730111,1,116.0,0.7,Switch,1.2,-0.0429999999999999,1.157
730111,1,117.0,0.3,Switch,0.8,0.4179999999999999,1.218
730111,1,118.0,0.7,Switch,1.4,0.149,1.549
730111,1,119.0,0.7,Repeat,1.2,-0.0829999999999999,1.117
730111,1,121.0,0.3,Switch,1.6,0.1759999999999999,1.776
730111,1,122.0,0.3,Repeat,0.8,0.2309999999999998,1.031
730111,1,123.0,0.7,Switch,1.0,0.058,1.058
730111,1,124.0,0.3,Switch,1.4,-0.2919999999999998,1.108
730111,1,125.0,0.3,Repeat,0.8,0.353,1.153
730111,1,126.0,0.7,Switch,1.2,0.0809999999999999,1.281
730111,1,127.0,0.3,Switch,1.0,-0.019,0.981
730111,1,128.0,0.7,Switch,0.8,0.353,1.153
730111,1,129.0,0.3,Switch,1.4,-0.0639999999999998,1.336
730111,1,130.0,0.7,Switch,1.4,0.074,1.474
730111,1,131.0,0.3,Switch,1.2,-0.0429999999999999,1.157
730111,1,132.0,0.7,Switch,0.8,0.1859999999999999,0.986
730111,1,133.0,0.3,Switch,1.0,0.012,1.012
730111,1,134.0,0.7,Switch,1.4,-0.0529999999999999,1.347
730111,1,135.0,0.3,Switch,1.0,0.01,1.01
730111,1,136.0,0.3,Repeat,1.2,-0.197,1.003
730111,1,137.0,0.7,Switch,1.2,0.046,1.246
730111,1,138.0,0.7,Repeat,1.6,-0.3130000000000001,1.287
730111,1,139.0,0.7,Repeat,1.4,-0.0519999999999998,1.348
730111,1,140.0,0.7,Repeat,1.6,0.1139999999999998,1.714
730111,1,141.0,0.3,Switch,1.4,0.068,1.468
730111,1,142.0,0.7,Switch,1.2,0.1400000000000001,1.34
730111,1,143.0,0.7,Repeat,0.8,0.304,1.104
730111,1,144.0,0.7,Repeat,1.6,-0.365,1.235
730111,1,145.0,0.3,Switch,1.6,0.1709999999999998,1.771
730111,1,146.0,0.3,Repeat,1.6,-0.246,1.354
730111,1,147.0,0.3,Repeat,0.8,0.534,1.334
730111,1,148.0,0.7,Switch,1.0,0.0409999999999999,1.041
730111,1,149.0,0.3,Switch,1.2,-0.0409999999999999,1.159
730111,1,151.0,0.3,Switch,1.6,0.0909999999999999,1.691
730111,1,152.0,0.3,Repeat,1.0,0.3349999999999999,1.335
730111,1,153.0,0.7,Switch,0.8,0.1869999999999999,0.987
730111,1,154.0,0.3,Switch,1.2,0.268,1.468
730111,1,155.0,0.7,Switch,1.4,0.3270000000000002,1.727
730111,1,156.0,0.3,Switch,1.6,0.1599999999999999,1.76
730111,1,157.0,0.7,Switch,1.4,0.165,1.565
730111,1,158.0,0.7,Repeat,1.0,0.104,1.104
730111,1,159.0,0.3,Switch,0.8,0.31,1.11
730111,1,160.0,0.7,Switch,1.6,0.2119999999999999,1.812
730111,1,161.0,0.3,Switch,1.4,0.4300000000000001,1.83
730111,1,162.0,0.7,Switch,1.2,0.5230000000000001,1.723
730111,1,163.0,0.3,Switch,1.4,0.3430000000000002,1.743
730111,1,164.0,0.3,Repeat,1.6,0.1989999999999998,1.799
730111,1,165.0,0.7,Switch,1.4,0.4970000000000001,1.897
730111,1,166.0,0.7,Repeat,0.8,0.397,1.197
730111,1,167.0,0.3,Switch,1.2,0.441,1.641
730111,1,168.0,0.7,Switch,1.2,0.2670000000000001,1.467
730111,1,169.0,0.7,Repeat,1.6,-0.2250000000000001,1.375
730111,1,170.0,0.7,Repeat,1.2,0.2990000000000001,1.499
730111,1,171.0,0.3,Switch,0.8,0.55,1.35
730111,1,173.0,0.7,Repeat,1.0,0.4539999999999999,1.454
730111,1,174.0,0.3,Switch,1.2,0.2299999999999999,1.43
730111,1,175.0,0.3,Repeat,1.0,0.2079999999999999,1.208
730111,1,176.0,0.3,Repeat,0.8,0.3899999999999999,1.19
730111,1,177.0,0.3,Repeat,1.0,0.437,1.437
730111,1,178.0,0.3,Repeat,1.4,0.2180000000000002,1.618
730111,1,181.0,0.3,Repeat,1.0,0.09,1.09
730111,1,182.0,0.3,Repeat,1.0,0.2649999999999999,1.265
730111,1,183.0,0.3,Repeat,1.6,0.1159999999999998,1.716
730111,1,184.0,0.3,Repeat,0.8,0.2709999999999999,1.071
730111,1,185.0,0.3,Repeat,1.4,-0.0899999999999998,1.31
730111,1,186.0,0.7,Switch,1.6,-0.215,1.385
730111,1,187.0,0.7,Repeat,1.6,-0.1980000000000001,1.402
730111,1,188.0,0.7,Repeat,1.6,-0.096,1.504
730111,1,189.0,0.7,Repeat,1.4,0.074,1.474
730111,1,190.0,0.7,Repeat,1.4,0.3320000000000001,1.732
730111,1,192.0,0.7,Switch,1.0,0.052,1.052
730111,1,193.0,0.3,Switch,1.2,0.3289999999999999,1.529
730111,1,194.0,0.3,Repeat,1.4,0.0370000000000001,1.437
730111,1,195.0,0.7,Switch,0.8,0.2079999999999999,1.008
730111,1,196.0,0.7,Repeat,1.2,-0.038,1.162
730111,1,197.0,0.3,Switch,1.2,0.2299999999999999,1.43
730111,1,198.0,0.7,Switch,1.2,0.201,1.401
730111,1,199.0,0.7,Repeat,0.8,0.0979999999999999,0.898
730111,1,200.0,0.3,Switch,1.4,-0.0069999999999998,1.393
730111,1,201.0,0.3,Repeat,0.8,0.1819999999999999,0.982
730111,1,202.0,0.7,Switch,1.2,-0.0529999999999999,1.147
730111,1,203.0,0.7,Repeat,1.0,-0.1119999999999999,0.888
730111,1,204.0,0.7,Repeat,1.0,0.0689999999999999,1.069
730111,1,205.0,0.3,Switch,1.2,0.1420000000000001,1.342
730111,1,206.0,0.3,Repeat,1.6,-0.403,1.197
730111,1,207.0,0.7,Switch,1.4,-0.133,1.267
730111,1,208.0,0.3,Switch,1.0,0.0849999999999999,1.085
730111,1,209.0,0.7,Switch,0.8,0.595,1.395
730111,1,211.0,0.7,Switch,1.4,0.207,1.607
730111,1,213.0,0.3,Switch,1.6,0.3759999999999999,1.976
730111,1,214.0,0.7,Switch,1.0,0.506,1.506
730111,1,216.0,0.7,Repeat,1.2,0.3429999999999999,1.543
730111,1,217.0,0.7,Repeat,1.2,0.0749999999999999,1.275
730111,1,218.0,0.3,Switch,1.6,0.0379999999999998,1.638
730111,1,219.0,0.3,Repeat,1.4,0.04,1.44
730111,1,220.0,0.3,Repeat,1.0,0.5149999999999999,1.515
730111,1,221.0,0.3,Repeat,1.4,0.3030000000000001,1.703
730111,1,222.0,0.3,Repeat,1.4,0.246,1.646
730111,1,223.0,0.7,Switch,1.6,0.2049999999999998,1.805
730111,1,225.0,0.3,Switch,1.2,0.3340000000000001,1.534
730111,1,226.0,0.7,Switch,1.2,0.3740000000000001,1.574
730111,1,227.0,0.7,Repeat,1.0,0.538,1.538
730111,1,228.0,0.7,Repeat,1.6,-0.034,1.566
730111,1,229.0,0.7,Repeat,0.8,0.548,1.348
730111,1,230.0,0.7,Repeat,1.0,0.357,1.357
730111,1,235.0,0.7,Repeat,1.4,-0.0369999999999999,1.363
730111,1,236.0,0.3,Switch,1.6,0.147,1.747
730111,1,237.0,0.3,Repeat,1.0,0.431,1.431
730111,1,238.0,0.3,Repeat,0.8,0.3299999999999998,1.13
730111,1,239.0,0.3,Repeat,1.2,0.274,1.474
730111,1,241.0,0.3,Repeat,1.2,0.3429999999999999,1.543
730111,1,242.0,0.3,Repeat,1.2,0.361,1.561
730111,1,243.0,0.3,Repeat,1.4,0.135,1.535
730111,1,244.0,0.7,Switch,1.6,-0.133,1.467
730111,1,245.0,0.3,Switch,1.2,0.403,1.603
730111,1,247.0,0.3,Switch,1.0,0.581,1.581
730111,1,248.0,0.3,Repeat,1.4,0.3490000000000002,1.749
730111,1,249.0,0.7,Switch,1.2,0.1640000000000001,1.364
730111,1,250.0,0.7,Repeat,1.6,0.0989999999999999,1.699
730111,1,251.0,0.3,Switch,1.0,0.04,1.04
730111,1,252.0,0.7,Switch,1.4,0.1660000000000001,1.566
730111,1,253.0,0.3,Switch,0.8,0.2489999999999999,1.049
730111,1,254.0,0.7,Switch,0.8,0.3169999999999999,1.117
730111,1,255.0,0.3,Switch,0.8,0.51,1.31
730111,1,256.0,0.7,Switch,1.0,0.236,1.236
730111,1,257.0,0.7,Repeat,1.4,0.316,1.716
730111,1,258.0,0.7,Repeat,1.2,0.193,1.393
730111,1,259.0,0.3,Switch,1.6,-0.0730000000000001,1.527
730111,1,260.0,0.7,Switch,1.4,0.187,1.587
730111,1,261.0,0.7,Repeat,1.6,-0.028,1.572
730111,1,263.0,0.3,Repeat,0.8,0.129,0.929
730111,1,264.0,0.3,Repeat,1.4,0.121,1.521
730111,1,265.0,0.7,Switch,1.0,0.201,1.201
730111,1,266.0,0.7,Repeat,1.0,0.4679999999999999,1.468
730111,1,267.0,0.3,Switch,1.6,0.0259999999999998,1.626
730111,1,268.0,0.7,Switch,0.8,0.5589999999999999,1.359
730111,1,269.0,0.7,Repeat,1.2,0.036,1.236
743968,1,31.0,0.3,Repeat,1.2,0.042,1.242
743968,1,32.0,0.3,Repeat,0.8,-0.05,0.75
743968,1,33.0,0.3,Repeat,1.4,-0.0129999999999999,1.387
743968,1,34.0,0.7,Switch,0.8,-0.1,0.7
743968,1,35.0,0.7,Repeat,1.2,-0.0669999999999999,1.133
743968,1,36.0,0.7,Repeat,1.6,-0.2670000000000001,1.333
743968,1,37.0,0.7,Repeat,1.0,0.1799999999999999,1.18
743968,1,38.0,0.7,Repeat,1.6,-0.006,1.594
743968,1,39.0,0.7,Repeat,1.4,-0.0289999999999999,1.371
743968,1,40.0,0.7,Repeat,1.4,-0.0649999999999999,1.335
743968,1,41.0,0.7,Repeat,1.0,0.205,1.205
743968,1,42.0,0.3,Switch,1.0,0.3420000000000001,1.342
743968,1,43.0,0.7,Switch,1.0,0.167,1.167
743968,1,44.0,0.3,Switch,0.8,-0.21,0.59
743968,1,45.0,0.3,Repeat,0.8,0.2689999999999999,1.069
743968,1,46.0,0.3,Repeat,1.6,-0.52,1.08
743968,1,47.0,0.3,Repeat,1.4,0.1780000000000001,1.578
743968,1,48.0,0.3,Repeat,1.2,0.0210000000000001,1.221
743968,1,49.0,0.3,Repeat,1.0,-0.259,0.741
743968,1,50.0,0.3,Repeat,1.4,-0.1169999999999999,1.283
743968,1,51.0,0.7,Switch,0.8,0.0639999999999999,0.864
743968,1,52.0,0.3,Switch,1.6,-0.324,1.276
743968,1,53.0,0.7,Switch,1.2,0.028,1.228
743968,1,54.0,0.3,Switch,1.0,0.361,1.361
743968,1,55.0,0.3,Repeat,1.2,-0.193,1.007
743968,1,56.0,0.7,Switch,1.4,0.0070000000000001,1.407
743968,1,57.0,0.7,Repeat,0.8,0.1909999999999999,0.991
743968,1,58.0,0.7,Repeat,1.2,0.006,1.206
743968,1,59.0,0.7,Repeat,1.6,-0.1240000000000001,1.476
743968,1,61.0,0.3,Switch,1.6,-0.034,1.566
743968,1,62.0,0.7,Switch,0.8,0.395,1.195
743968,1,63.0,0.7,Repeat,1.2,-0.163,1.037
743968,1,64.0,0.3,Switch,1.4,0.026,1.426
743968,1,65.0,0.3,Repeat,0.8,-0.076,0.724
743968,1,66.0,0.3,Repeat,1.0,-0.016,0.984
743968,1,67.0,0.3,Repeat,1.4,0.088,1.488
743968,1,68.0,0.7,Switch,1.6,0.0259999999999998,1.626
743968,1,69.0,0.3,Switch,1.0,-0.024,0.976
743968,1,70.0,0.3,Repeat,1.2,0.0190000000000001,1.219
743968,1,71.0,0.7,Switch,1.4,-0.0739999999999998,1.326
743968,1,72.0,0.7,Repeat,1.0,0.2339999999999999,1.234
743968,1,73.0,0.7,Repeat,1.2,-0.0349999999999999,1.165
743968,1,74.0,0.3,Switch,1.6,-0.1340000000000001,1.466
743968,1,75.0,0.3,Repeat,1.6,0.1039999999999998,1.704
743968,1,76.0,0.7,Switch,1.4,0.08,1.48
743968,1,77.0,0.7,Repeat,1.6,-0.4870000000000001,1.113
743968,1,78.0,0.3,Switch,1.4,-0.1069999999999999,1.293
743968,1,79.0,0.3,Repeat,0.8,0.0819999999999999,0.882
743968,1,80.0,0.7,Switch,1.2,-0.0329999999999999,1.167
743968,1,81.0,0.3,Switch,0.8,0.0579999999999999,0.858
743968,1,82.0,0.3,Repeat,1.2,-0.05,1.15
743968,1,83.0,0.7,Switch,1.0,0.024,1.024
743968,1,84.0,0.7,Repeat,0.8,0.0499999999999999,0.85
743968,1,85.0,0.7,Repeat,0.8,0.0989999999999999,0.899
743968,1,86.0,0.3,Switch,1.2,-0.0919999999999998,1.108
743968,1,87.0,0.3,Repeat,1.0,0.056,1.056
743968,1,88.0,0.7,Switch,1.6,-0.2670000000000001,1.333
743968,1,89.0,0.7,Repeat,1.4,-0.0929999999999999,1.307
743968,1,91.0,0.7,Repeat,1.2,-0.125,1.075
743968,1,92.0,0.7,Repeat,1.0,0.0669999999999999,1.067
743968,1,93.0,0.7,Repeat,1.6,-0.2890000000000001,1.311
743968,1,94.0,0.3,Switch,1.0,0.0469999999999999,1.047
743968,1,95.0,0.3,Repeat,1.2,-0.1049999999999999,1.095
743968,1,96.0,0.3,Repeat,0.8,0.0369999999999999,0.837
743968,1,97.0,0.7,Switch,0.8,0.0999999999999999,0.9
743968,1,98.0,0.7,Repeat,1.2,-0.0749999999999999,1.125
743968,1,100.0,0.3,Repeat,0.8,0.3379999999999998,1.138
743968,1,101.0,0.7,Switch,0.8,0.375,1.175
743968,1,102.0,0.7,Repeat,1.6,-0.304,1.296
743968,1,103.0,0.7,Repeat,0.8,0.0709999999999999,0.871
743968,1,104.0,0.3,Switch,1.6,-0.2930000000000001,1.307
743968,1,105.0,0.7,Switch,1.4,-0.1089999999999999,1.291
743968,1,106.0,0.3,Switch,0.8,0.134,0.934
743968,1,107.0,0.7,Switch,1.4,-0.0609999999999999,1.339
743968,1,108.0,0.3,Switch,1.2,-0.028,1.172
743968,1,109.0,0.3,Repeat,1.4,-0.0359999999999998,1.364
743968,1,110.0,0.3,Repeat,1.6,-0.1340000000000001,1.466
743968,1,111.0,0.3,Repeat,1.0,-0.119,0.881
743968,1,112.0,0.3,Repeat,1.4,0.096,1.496
743968,1,113.0,0.7,Switch,1.4,0.161,1.561
743968,1,114.0,0.3,Switch,1.6,0.133,1.733
743968,1,115.0,0.7,Switch,1.0,0.312,1.312
743968,1,116.0,0.7,Repeat,1.0,0.1169999999999999,1.117
743968,1,117.0,0.3,Switch,1.2,-0.1999999999999999,1.0
743968,1,118.0,0.7,Switch,1.2,0.0370000000000001,1.237
743968,1,119.0,0.3,Switch,1.4,0.1,1.5
743968,1,121.0,0.3,Repeat,1.2,0.1169999999999999,1.317
743968,1,122.0,0.7,Switch,1.0,0.1999999999999999,1.2
743968,1,123.0,0.7,Repeat,1.2,-0.0169999999999999,1.183
743968,1,124.0,0.3,Switch,0.8,0.1149999999999999,0.915
743968,1,125.0,0.7,Switch,1.6,-0.121,1.479
743968,1,126.0,0.7,Repeat,1.4,0.0,1.4
743968,1,127.0,0.7,Repeat,1.4,0.0330000000000001,1.433
743968,1,128.0,0.3,Switch,1.0,0.137,1.137
743968,1,129.0,0.7,Switch,1.0,0.1499999999999999,1.15
743968,1,130.0,0.7,Repeat,0.8,0.13,0.93
743968,1,131.0,0.3,Switch,1.2,-0.0609999999999999,1.139
743968,1,132.0,0.7,Switch,0.8,0.1159999999999999,0.916
743968,1,133.0,0.7,Repeat,1.0,0.084,1.084
743968,1,134.0,0.3,Switch,0.8,0.3329999999999999,1.133
743968,1,135.0,0.3,Repeat,1.0,0.119,1.119
743968,1,136.0,0.7,Switch,0.8,0.2689999999999999,1.069
743968,1,137.0,0.7,Repeat,1.6,-0.1169999999999999,1.483
743968,1,138.0,0.3,Switch,1.6,-0.417,1.183
743968,1,139.0,0.7,Switch,1.6,-0.1169999999999999,1.483
743968,1,140.0,0.3,Switch,1.2,-0.0779999999999998,1.122
743968,1,141.0,0.3,Repeat,1.0,0.1009999999999999,1.101
743968,1,142.0,0.3,Repeat,1.4,0.0670000000000001,1.467
743968,1,143.0,0.7,Switch,1.2,0.1340000000000001,1.334
743968,1,144.0,0.3,Switch,0.8,0.0789999999999999,0.879
743968,1,145.0,0.3,Repeat,1.4,-0.1619999999999999,1.238
743968,1,146.0,0.3,Repeat,1.6,0.0759999999999998,1.676
743968,1,147.0,0.7,Switch,1.4,0.0010000000000001,1.401
743968,1,148.0,0.7,Repeat,1.2,0.034,1.234
743968,1,149.0,0.3,Switch,1.4,0.0170000000000001,1.417
743968,1,151.0,0.7,Switch,0.8,0.1929999999999999,0.993
743968,1,152.0,0.7,Repeat,1.0,-0.05,0.95
743968,1,153.0,0.7,Repeat,1.4,-0.1059999999999998,1.294
743968,1,154.0,0.7,Repeat,1.2,-0.014,1.186
743968,1,155.0,0.3,Switch,0.8,0.1159999999999999,0.916
743968,1,156.0,0.7,Switch,1.6,-0.2000000000000001,1.4
743968,1,157.0,0.3,Switch,1.6,0.0499999999999998,1.65
743968,1,158.0,0.3,Repeat,1.0,0.1839999999999999,1.184
743968,1,159.0,0.3,Repeat,1.4,-0.0999999999999998,1.3
743968,1,160.0,0.7,Switch,1.0,0.1879999999999999,1.188
743968,1,161.0,0.7,Repeat,1.4,0.0990000000000002,1.499
743968,1,162.0,0.3,Switch,1.6,-0.1540000000000001,1.446
743968,1,163.0,0.3,Repeat,1.4,-0.3119999999999998,1.088
743968,1,164.0,0.7,Switch,1.0,0.157,1.157
743968,1,165.0,0.7,Repeat,1.4,0.1900000000000001,1.59
743968,1,166.0,0.7,Repeat,1.6,-0.1340000000000001,1.466
743968,1,167.0,0.7,Repeat,1.2,-0.1339999999999999,1.066
743968,1,168.0,0.3,Switch,1.6,-0.328,1.272
743968,1,169.0,0.3,Repeat,1.2,-0.239,0.961
743968,1,170.0,0.3,Repeat,1.0,-0.303,0.697
743968,1,171.0,0.3,Repeat,0.8,-0.04,0.76
743968,1,172.0,0.3,Repeat,1.2,0.0490000000000001,1.249
743968,1,173.0,0.7,Switch,0.8,-0.014,0.786
743968,1,174.0,0.3,Switch,0.8,-0.033,0.767
743968,1,175.0,0.7,Switch,0.8,-0.05,0.75
743968,1,176.0,0.7,Repeat,1.2,0.0470000000000001,1.247
743968,1,177.0,0.7,Repeat,1.6,-0.167,1.433
743968,1,178.0,0.3,Switch,1.0,0.042,1.042
743968,1,179.0,0.3,Repeat,1.4,-0.0559999999999998,1.344
743968,1,181.0,0.3,Switch,1.4,-0.1079999999999998,1.292
743968,1,182.0,0.7,Switch,0.8,0.0159999999999999,0.816
743968,1,183.0,0.3,Switch,1.4,-0.0319999999999998,1.368
743968,1,184.0,0.3,Repeat,1.0,-0.138,0.862
743968,1,185.0,0.3,Repeat,1.4,-0.3159999999999998,1.084
743968,1,186.0,0.7,Switch,1.2,-0.1059999999999998,1.094
743968,1,187.0,0.3,Switch,1.6,0.022,1.622
743968,1,188.0,0.7,Switch,0.8,0.0849999999999999,0.885
743968,1,189.0,0.3,Switch,1.0,0.3349999999999999,1.335
743968,1,190.0,0.3,Repeat,1.2,0.0,1.2
743968,1,191.0,0.7,Switch,1.0,0.133,1.133
743968,1,192.0,0.3,Switch,0.8,0.0189999999999999,0.819
743968,1,193.0,0.7,Switch,0.8,-0.101,0.699
743968,1,194.0,0.7,Repeat,1.6,-0.094,1.506
743968,1,195.0,0.3,Switch,1.0,-0.1939999999999999,0.806
743968,1,196.0,0.3,Repeat,0.8,-0.034,0.766
743968,1,197.0,0.3,Repeat,1.6,-0.1560000000000001,1.444
743968,1,198.0,0.3,Repeat,1.2,-0.2759999999999999,0.924
743968,1,199.0,0.7,Switch,1.4,-0.145,1.255
743968,1,200.0,0.7,Repeat,1.0,0.284,1.284
743968,1,201.0,0.3,Switch,0.8,-0.068,0.732
743968,1,202.0,0.7,Switch,1.0,-0.1959999999999999,0.804
743968,1,203.0,0.7,Repeat,1.2,-0.151,1.049
743968,1,204.0,0.3,Switch,1.2,0.0,1.2
743968,1,205.0,0.7,Switch,1.6,0.008,1.608
743968,1,206.0,0.7,Repeat,1.6,-0.082,1.518
743968,1,207.0,0.3,Switch,1.6,-0.1960000000000001,1.404
743968,1,208.0,0.7,Switch,1.4,-0.0499999999999998,1.35
743968,1,209.0,0.7,Repeat,1.4,-0.0529999999999999,1.347
743968,1,211.0,0.3,Switch,1.6,-0.074,1.526
743968,1,212.0,0.3,Repeat,0.8,0.0999999999999999,0.9
743968,1,213.0,0.3,Repeat,1.6,-0.3010000000000001,1.299
743968,1,214.0,0.3,Repeat,1.2,-0.0869999999999999,1.113
743968,1,215.0,0.7,Switch,1.4,-0.0739999999999998,1.326
743968,1,216.0,0.7,Repeat,0.8,0.0169999999999999,0.817
743968,1,217.0,0.7,Repeat,1.0,-0.0669999999999999,0.933
743968,1,218.0,0.7,Repeat,1.2,0.044,1.244
743968,1,219.0,0.7,Repeat,1.6,-0.2890000000000001,1.311
743968,1,220.0,0.3,Switch,0.8,0.437,1.237
743968,1,221.0,0.3,Repeat,1.4,-0.2039999999999999,1.196
743968,1,222.0,0.7,Switch,1.6,-0.2590000000000001,1.341
743968,1,223.0,0.7,Repeat,1.4,-0.1059999999999998,1.294
743968,1,224.0,0.7,Repeat,1.2,-0.1109999999999999,1.089
743968,1,226.0,0.7,Repeat,0.8,0.3149999999999999,1.115
743968,1,227.0,0.7,Repeat,1.6,-0.165,1.435
743968,1,228.0,0.3,Switch,0.8,0.0239999999999999,0.824
743968,1,229.0,0.7,Switch,1.2,-0.171,1.029
743968,1,230.0,0.3,Switch,1.2,-0.2279999999999999,0.972
743968,1,231.0,0.3,Repeat,1.0,-0.0769999999999999,0.923
743968,1,232.0,0.3,Repeat,1.0,0.1299999999999999,1.13
743968,1,233.0,0.3,Repeat,1.2,-0.1089999999999999,1.091
743968,1,234.0,0.3,Repeat,1.6,-0.0010000000000001,1.599
743968,1,235.0,0.3,Repeat,1.4,0.0470000000000001,1.447
743968,1,236.0,0.3,Repeat,1.0,0.0969999999999999,1.097
743968,1,237.0,0.7,Switch,1.0,0.125,1.125
743968,1,238.0,0.7,Repeat,0.8,0.0929999999999999,0.893
743968,1,239.0,0.3,Switch,1.4,0.0970000000000002,1.497
743968,1,241.0,0.7,Repeat,1.4,-0.0469999999999999,1.353
743968,1,242.0,0.7,Repeat,0.8,0.1139999999999999,0.914
743968,1,243.0,0.3,Switch,1.0,-0.0849999999999999,0.915
743968,1,244.0,0.3,Repeat,0.8,0.0859999999999999,0.886
743968,1,245.0,0.7,Switch,1.0,0.0449999999999999,1.045
743968,1,246.0,0.7,Repeat,0.8,0.0439999999999999,0.844
743968,1,247.0,0.7,Repeat,1.4,0.032,1.432
743968,1,248.0,0.3,Switch,1.4,-0.1949999999999998,1.205
743968,1,249.0,0.7,Switch,1.2,-0.0709999999999999,1.129
743968,1,250.0,0.7,Repeat,1.2,-0.0819999999999998,1.118
743968,1,251.0,0.7,Repeat,1.2,-0.1299999999999999,1.07
743968,1,252.0,0.7,Repeat,1.0,0.0529999999999999,1.053
743968,1,253.0,0.7,Repeat,1.6,-0.3400000000000001,1.26
743968,1,254.0,0.3,Switch,1.2,0.05,1.25
743968,1,255.0,0.3,Repeat,1.4,-0.1019999999999998,1.298
743968,1,256.0,0.3,Repeat,1.0,0.0329999999999999,1.033
743968,1,257.0,0.3,Repeat,1.2,-0.072,1.128
743968,1,258.0,0.7,Switch,1.4,-0.1669999999999998,1.233
743968,1,259.0,0.3,Switch,1.6,-0.3620000000000001,1.238
743968,1,260.0,0.7,Switch,0.8,0.1459999999999999,0.946
743968,1,261.0,0.3,Switch,1.4,-0.4429999999999999,0.957
743968,1,262.0,0.3,Repeat,1.0,-0.168,0.832
743968,1,263.0,0.7,Switch,1.6,-0.1480000000000001,1.452
743968,1,264.0,0.3,Switch,1.2,-0.2239999999999999,0.976
743968,1,265.0,0.3,Repeat,1.6,-0.219,1.381
743968,1,266.0,0.3,Repeat,1.6,-0.1660000000000001,1.434
743968,1,268.0,0.3,Switch,0.8,-0.139,0.661
743968,1,269.0,0.3,Repeat,0.8,0.008,0.808
785063,1,31.0,0.7,Repeat,0.8,-0.284,0.516
785063,1,32.0,0.7,Repeat,1.4,-0.1169999999999999,1.283
785063,1,33.0,0.3,Switch,1.4,-0.1199999999999998,1.28
785063,1,34.0,0.7,Switch,1.0,0.371,1.371
785063,1,35.0,0.3,Switch,0.8,-0.284,0.516
785063,1,36.0,0.3,Repeat,1.6,-0.383,1.217
785063,1,37.0,0.7,Switch,0.8,0.2249999999999998,1.025
785063,1,38.0,0.3,Switch,1.4,0.0130000000000001,1.413
785063,1,39.0,0.7,Switch,1.0,-0.1109999999999999,0.889
785063,1,40.0,0.7,Repeat,1.2,-0.006,1.194
785063,1,41.0,0.7,Repeat,1.0,0.002,1.002
785063,1,42.0,0.3,Switch,1.2,-0.3119999999999999,0.888
785063,1,43.0,0.7,Switch,1.4,0.0950000000000002,1.495
785063,1,44.0,0.7,Repeat,1.6,-0.044,1.556
785063,1,45.0,0.7,Repeat,1.2,0.0170000000000001,1.217
785063,1,46.0,0.7,Repeat,0.8,0.387,1.187
785063,1,47.0,0.7,Repeat,1.4,0.328,1.728
785063,1,48.0,0.3,Switch,1.0,0.2589999999999999,1.259
785063,1,49.0,0.7,Switch,1.2,0.286,1.486
785063,1,50.0,0.3,Switch,0.8,-0.124,0.676
785063,1,51.0,0.3,Repeat,1.0,0.3799999999999999,1.38
785063,1,52.0,0.3,Repeat,1.2,-0.1339999999999999,1.066
785063,1,53.0,0.3,Repeat,1.6,-0.324,1.276
785063,1,54.0,0.3,Repeat,1.4,0.381,1.781
785063,1,55.0,0.3,Repeat,1.6,0.3739999999999999,1.974
785063,1,56.0,0.7,Switch,1.6,0.4910000000000001,2.091
785063,1,57.0,0.3,Switch,0.8,0.2169999999999998,1.017
785063,1,58.0,0.3,Repeat,1.2,0.048,1.248
785063,1,59.0,0.3,Repeat,1.0,0.4479999999999999,1.448
785063,1,61.0,0.7,Switch,1.2,0.256,1.456
785063,1,62.0,0.3,Switch,1.6,-0.2230000000000001,1.377
785063,1,63.0,0.7,Switch,1.0,0.3369999999999999,1.337
785063,1,64.0,0.7,Repeat,0.8,0.1799999999999999,0.98
785063,1,65.0,0.7,Repeat,1.0,0.294,1.294
785063,1,66.0,0.7,Repeat,1.4,0.453,1.853
785063,1,67.0,0.3,Switch,1.2,0.0609999999999999,1.261
785063,1,68.0,0.3,Repeat,0.8,-0.292,0.508
785063,1,69.0,0.7,Switch,0.8,0.128,0.928
785063,1,70.0,0.3,Switch,1.4,-0.0449999999999999,1.355
785063,1,71.0,0.3,Repeat,0.8,0.3109999999999999,1.111
785063,1,72.0,0.3,Repeat,1.4,0.0630000000000001,1.463
785063,1,73.0,0.7,Switch,1.4,0.147,1.547
785063,1,74.0,0.7,Repeat,1.6,0.0539999999999998,1.654
785063,1,75.0,0.3,Switch,1.0,-0.1999999999999999,0.8
785063,1,76.0,0.7,Switch,1.6,0.1879999999999999,1.788
785063,1,78.0,0.3,Repeat,1.0,0.3029999999999999,1.303
785063,1,79.0,0.7,Switch,1.6,0.256,1.856
785063,1,80.0,0.7,Repeat,1.2,0.1979999999999999,1.398
785063,1,81.0,0.3,Switch,0.8,0.266,1.066
785063,1,82.0,0.3,Repeat,1.0,0.1859999999999999,1.186
785063,1,83.0,0.7,Switch,1.2,-0.058,1.142
785063,1,84.0,0.3,Switch,1.4,0.153,1.553
785063,1,85.0,0.7,Switch,0.8,0.1579999999999999,0.958
785063,1,86.0,0.3,Switch,1.2,-0.0609999999999999,1.139
785063,1,87.0,0.3,Repeat,1.6,0.0969999999999999,1.697
785063,1,88.0,0.7,Switch,1.4,0.3360000000000001,1.736
785063,1,89.0,0.7,Repeat,1.0,0.3409999999999999,1.341
785063,1,91.0,0.7,Repeat,1.0,0.0969999999999999,1.097
785063,1,92.0,0.3,Switch,1.6,-0.2220000000000002,1.378
785063,1,93.0,0.7,Switch,1.6,0.0709999999999999,1.671
785063,1,94.0,0.3,Switch,1.2,0.2079999999999999,1.408
785063,1,95.0,0.7,Switch,1.6,0.5059999999999998,2.106
785063,1,96.0,0.7,Repeat,1.2,0.472,1.672
785063,1,98.0,0.7,Switch,1.6,0.2199999999999999,1.82
785063,1,99.0,0.7,Repeat,1.0,0.1109999999999999,1.111
785063,1,100.0,0.3,Switch,1.4,-0.1529999999999998,1.247
785063,1,101.0,0.7,Switch,0.8,0.2649999999999999,1.065
785063,1,102.0,0.7,Repeat,0.8,0.011,0.811
785063,1,103.0,0.3,Switch,1.4,0.129,1.529
785063,1,104.0,0.7,Switch,1.2,0.1340000000000001,1.334
785063,1,105.0,0.7,Repeat,0.8,0.2769999999999999,1.077
785063,1,106.0,0.7,Repeat,1.2,0.0290000000000001,1.229
785063,1,107.0,0.7,Repeat,1.4,0.1780000000000001,1.578
785063,1,108.0,0.3,Switch,1.0,0.3959999999999999,1.396
785063,1,109.0,0.3,Repeat,0.8,0.137,0.937
785063,1,110.0,0.3,Repeat,0.8,-0.144,0.656
785063,1,111.0,0.7,Switch,1.0,0.579,1.579
785063,1,112.0,0.3,Switch,1.0,0.0069999999999998,1.007
785063,1,113.0,0.3,Repeat,0.8,0.2969999999999999,1.097
785063,1,114.0,0.7,Switch,1.4,0.359,1.759
785063,1,115.0,0.3,Switch,1.2,0.175,1.375
785063,1,116.0,0.3,Repeat,1.6,0.2789999999999999,1.879
785063,1,117.0,0.3,Repeat,1.6,0.3979999999999999,1.998
785063,1,118.0,0.3,Repeat,1.4,-0.0849999999999999,1.315
785063,1,119.0,0.3,Repeat,1.0,-0.017,0.983
785063,1,121.0,0.3,Repeat,1.0,0.1599999999999999,1.16
785063,1,122.0,0.3,Repeat,1.4,-0.244,1.156
785063,1,123.0,0.3,Repeat,1.2,0.0170000000000001,1.217
785063,1,124.0,0.7,Switch,1.0,0.1879999999999999,1.188
785063,1,125.0,0.7,Repeat,1.4,0.1940000000000001,1.594
785063,1,126.0,0.3,Switch,0.8,0.0639999999999999,0.864
785063,1,127.0,0.7,Switch,0.8,0.2809999999999999,1.081
785063,1,128.0,0.3,Switch,1.4,0.2990000000000001,1.699
785063,1,130.0,0.7,Repeat,1.2,0.3149999999999999,1.515
785063,1,131.0,0.7,Repeat,0.8,0.3379999999999998,1.138
785063,1,132.0,0.7,Repeat,1.6,0.2799999999999998,1.88
785063,1,133.0,0.3,Switch,0.8,0.2139999999999999,1.014
785063,1,134.0,0.3,Repeat,1.6,0.1979999999999999,1.798
785063,1,135.0,0.3,Repeat,0.8,0.3309999999999999,1.131
785063,1,136.0,0.7,Switch,1.0,0.4639999999999999,1.464
785063,1,137.0,0.3,Switch,1.6,0.548,2.148
785063,1,138.0,0.3,Repeat,1.0,-0.017,0.983
785063,1,139.0,0.7,Switch,1.2,0.563,1.763
785063,1,140.0,0.7,Repeat,0.8,0.0589999999999999,0.859
785063,1,141.0,0.7,Repeat,1.6,0.5009999999999999,2.101
785063,1,142.0,0.7,Repeat,1.0,0.0909999999999999,1.091
785063,1,143.0,0.7,Repeat,1.4,0.2240000000000002,1.624
785063,1,144.0,0.3,Switch,1.0,0.2789999999999999,1.279
785063,1,146.0,0.3,Switch,1.6,0.0809999999999999,1.681
785063,1,147.0,0.7,Switch,1.4,0.248,1.648
785063,1,148.0,0.3,Switch,1.2,0.1979999999999999,1.398
785063,1,149.0,0.3,Repeat,1.4,-0.1729999999999998,1.227
785063,1,151.0,0.7,Switch,1.2,0.4990000000000001,1.699
785063,1,152.0,0.7,Repeat,1.4,0.449,1.849
785063,1,153.0,0.7,Repeat,1.0,0.563,1.563
785063,1,154.0,0.3,Switch,1.0,0.2230000000000001,1.223
785063,1,155.0,0.7,Switch,0.8,0.238,1.038
785063,1,157.0,0.3,Repeat,1.6,0.1339999999999999,1.734
785063,1,158.0,0.3,Repeat,1.4,0.2710000000000001,1.671
785063,1,159.0,0.7,Switch,1.6,0.3209999999999999,1.921
785063,1,160.0,0.3,Switch,1.0,0.203,1.203
785063,1,161.0,0.7,Switch,1.0,0.276,1.276
785063,1,163.0,0.7,Repeat,1.4,0.4100000000000001,1.81
785063,1,164.0,0.7,Repeat,1.6,0.0679999999999998,1.668
785063,1,165.0,0.7,Repeat,0.8,0.3619999999999999,1.162
785063,1,166.0,0.3,Switch,1.4,0.1,1.5
785063,1,167.0,0.3,Repeat,1.2,0.361,1.561
785063,1,168.0,0.3,Repeat,0.8,-0.153,0.647
785063,1,169.0,0.3,Repeat,1.4,0.1260000000000001,1.526
785063,1,170.0,0.3,Repeat,1.2,0.2319999999999999,1.432
785063,1,171.0,0.7,Switch,1.4,-0.0109999999999998,1.389
785063,1,172.0,0.7,Repeat,1.0,0.036,1.036
785063,1,173.0,0.3,Switch,0.8,0.2389999999999998,1.039
785063,1,174.0,0.7,Switch,1.2,-0.4249999999999999,0.775
785063,1,175.0,0.3,Switch,0.8,0.4299999999999999,1.23
785063,1,176.0,0.3,Repeat,1.6,0.1559999999999999,1.756
785063,1,177.0,0.7,Switch,1.2,0.369,1.569
785063,1,178.0,0.7,Repeat,1.6,0.264,1.864
785063,1,181.0,0.3,Repeat,0.8,0.357,1.157
785063,1,182.0,0.7,Switch,1.2,0.284,1.484
785063,1,183.0,0.3,Switch,1.6,-0.0610000000000001,1.539
785063,1,184.0,0.7,Switch,1.0,0.066,1.066
785063,1,185.0,0.3,Switch,0.8,0.2319999999999999,1.032
785063,1,186.0,0.3,Repeat,1.4,0.189,1.589
785063,1,187.0,0.3,Repeat,1.4,-0.0279999999999998,1.372
785063,1,188.0,0.3,Repeat,1.0,0.488,1.488
785063,1,189.0,0.7,Switch,0.8,0.581,1.381
785063,1,190.0,0.7,Repeat,0.8,0.3319999999999998,1.132
785063,1,191.0,0.3,Switch,1.2,0.2259999999999999,1.426
785063,1,192.0,0.7,Switch,1.6,0.3979999999999999,1.998
785063,1,193.0,0.7,Repeat,1.4,0.306,1.706
785063,1,194.0,0.7,Repeat,1.4,0.3840000000000001,1.784
785063,1,195.0,0.3,Switch,1.6,0.0969999999999999,1.697
785063,1,196.0,0.7,Switch,1.4,0.3560000000000001,1.756
785063,1,198.0,0.3,Switch,0.8,0.001,0.801
785063,1,199.0,0.3,Repeat,1.6,0.3409999999999999,1.941
785063,1,200.0,0.3,Repeat,1.2,-0.245,0.955
785063,1,201.0,0.7,Switch,1.2,0.423,1.623
785063,1,202.0,0.3,Switch,1.4,0.221,1.621
785063,1,203.0,0.7,Switch,1.0,0.1879999999999999,1.188
785063,1,204.0,0.3,Switch,1.0,0.314,1.314
785063,1,205.0,0.7,Switch,0.8,0.1809999999999999,0.981
785063,1,206.0,0.7,Repeat,1.6,-0.1580000000000001,1.442
785063,1,208.0,0.7,Switch,1.2,0.213,1.413
785063,1,209.0,0.7,Repeat,1.0,0.08,1.08
785063,1,211.0,0.3,Repeat,1.2,0.1109999999999999,1.311
785063,1,212.0,0.7,Switch,1.6,-0.0450000000000001,1.555
785063,1,213.0,0.3,Switch,0.8,-0.079,0.721
785063,1,214.0,0.7,Switch,1.4,0.02,1.42
785063,1,215.0,0.7,Repeat,0.8,0.375,1.175
785063,1,216.0,0.7,Repeat,1.6,0.365,1.965
785063,1,217.0,0.7,Repeat,1.0,0.2490000000000001,1.249
785063,1,218.0,0.3,Switch,1.0,-0.015,0.985
785063,1,219.0,0.7,Switch,1.2,0.415,1.615
785063,1,220.0,0.7,Repeat,1.4,0.149,1.549
785063,1,221.0,0.3,Switch,0.8,0.24,1.04
785063,1,222.0,0.3,Repeat,1.4,0.0390000000000001,1.439
785063,1,223.0,0.3,Repeat,1.4,-0.119,1.281
785063,1,224.0,0.7,Switch,0.8,0.1999999999999999,1.0
785063,1,225.0,0.7,Repeat,1.2,0.3309999999999999,1.531
785063,1,226.0,0.7,Repeat,1.0,0.2310000000000001,1.231
785063,1,227.0,0.3,Switch,1.2,0.2510000000000001,1.451
785063,1,228.0,0.7,Switch,1.2,0.046,1.246
785063,1,229.0,0.3,Switch,1.6,0.3109999999999999,1.911
785063,1,230.0,0.3,Repeat,1.6,0.2169999999999998,1.817
785063,1,231.0,0.7,Switch,1.4,0.3400000000000001,1.74
785063,1,232.0,0.7,Repeat,0.8,0.4559999999999999,1.256
785063,1,233.0,0.3,Switch,1.6,0.127,1.727
785063,1,234.0,0.7,Switch,1.6,0.3459999999999998,1.946
785063,1,235.0,0.3,Switch,1.2,0.318,1.518
785063,1,236.0,0.3,Repeat,0.8,0.006,0.806
785063,1,237.0,0.7,Switch,1.0,0.129,1.129
785063,1,238.0,0.3,Switch,1.0,0.0389999999999999,1.039
785063,1,239.0,0.3,Repeat,1.4,-0.0939999999999998,1.306
785063,1,241.0,0.3,Switch,0.8,-0.293,0.507
785063,1,242.0,0.3,Repeat,1.2,0.1919999999999999,1.392
785063,1,243.0,0.7,Switch,0.8,0.3459999999999998,1.146
785063,1,244.0,0.3,Switch,1.4,0.3310000000000002,1.731
785063,1,245.0,0.3,Repeat,1.6,0.3099999999999998,1.91
785063,1,246.0,0.7,Switch,1.6,0.0699999999999998,1.67
785063,1,247.0,0.3,Switch,1.0,0.098,1.098
785063,1,248.0,0.3,Repeat,1.0,0.2330000000000001,1.233
785063,1,249.0,0.3,Repeat,0.8,0.1999999999999999,1.0
785063,1,250.0,0.3,Repeat,1.2,0.0210000000000001,1.221
785063,1,251.0,0.7,Switch,1.2,0.314,1.514
785063,1,252.0,0.3,Switch,1.0,0.1719999999999999,1.172
785063,1,253.0,0.7,Switch,0.8,0.1489999999999999,0.949
785063,1,254.0,0.7,Repeat,1.4,-0.002,1.398
785063,1,255.0,0.7,Repeat,1.2,0.2610000000000001,1.461
785063,1,256.0,0.7,Repeat,1.6,0.1259999999999999,1.726
785063,1,257.0,0.7,Repeat,1.4,0.248,1.648
785063,1,258.0,0.7,Repeat,1.0,0.4139999999999999,1.414
785063,1,259.0,0.3,Switch,1.6,0.371,1.971
785063,1,261.0,0.7,Repeat,0.8,0.2729999999999999,1.073
785063,1,262.0,0.3,Switch,0.8,0.266,1.066
785063,1,263.0,0.3,Repeat,1.4,0.3430000000000002,1.743
785063,1,264.0,0.7,Switch,1.4,0.272,1.672
785063,1,265.0,0.3,Switch,1.4,-0.0589999999999999,1.341
785063,1,266.0,0.7,Switch,1.6,0.0869999999999999,1.687
785063,1,267.0,0.7,Repeat,1.0,0.3480000000000001,1.348
785063,1,268.0,0.3,Switch,1.6,0.2799999999999998,1.88
785063,1,269.0,0.3,Repeat,1.2,0.1069999999999999,1.307
785667,1,31.0,0.3,Switch,1.4,-0.0939999999999998,1.306
785667,1,32.0,0.7,Switch,1.6,-0.05,1.55
785667,1,33.0,0.7,Repeat,1.6,-0.425,1.175
785667,1,34.0,0.3,Switch,1.2,0.0829999999999999,1.283
785667,1,35.0,0.3,Repeat,0.8,0.4119999999999999,1.212
785667,1,36.0,0.7,Switch,1.4,0.171,1.571
785667,1,37.0,0.3,Switch,1.4,0.121,1.521
785667,1,38.0,0.3,Repeat,1.0,0.2250000000000001,1.225
785667,1,40.0,0.7,Switch,1.0,0.2239999999999999,1.224
785667,1,42.0,0.3,Switch,1.6,0.1569999999999998,1.757
785667,1,43.0,0.7,Switch,1.2,0.597,1.797
785667,1,45.0,0.3,Switch,1.6,0.2329999999999998,1.833
785667,1,46.0,0.3,Repeat,1.6,0.4139999999999997,2.014
785667,1,47.0,0.7,Switch,1.0,0.5009999999999999,1.501
785667,1,50.0,0.3,Switch,1.2,0.1109999999999999,1.311
785667,1,54.0,0.3,Switch,1.2,0.3349999999999999,1.535
785667,1,55.0,0.7,Switch,1.4,0.423,1.823
785667,1,56.0,0.7,Repeat,1.0,0.359,1.359
785667,1,57.0,0.3,Switch,1.0,0.5289999999999999,1.529
785667,1,58.0,0.3,Repeat,0.8,0.369,1.169
785667,1,59.0,0.3,Repeat,1.4,0.018,1.418
785667,1,61.0,0.7,Repeat,1.0,0.4559999999999999,1.456
785667,1,62.0,0.7,Repeat,1.0,0.3269999999999999,1.327
785667,1,63.0,0.3,Switch,1.2,0.014,1.214
785667,1,64.0,0.7,Switch,1.4,0.0410000000000001,1.441
785667,1,65.0,0.3,Switch,1.2,0.3700000000000001,1.57
785667,1,67.0,0.3,Switch,1.2,0.4970000000000001,1.697
785667,1,69.0,0.7,Switch,1.6,0.3459999999999998,1.946
785667,1,70.0,0.3,Switch,1.6,0.125,1.725
785667,1,71.0,0.7,Switch,0.8,0.4639999999999999,1.264
785667,1,72.0,0.3,Switch,1.4,-0.0739999999999998,1.326
785667,1,73.0,0.3,Repeat,1.0,0.361,1.361
785667,1,74.0,0.7,Switch,1.6,-0.0950000000000002,1.505
785667,1,75.0,0.7,Repeat,1.6,-0.242,1.358
785667,1,77.0,0.3,Switch,1.0,0.173,1.173
785667,1,78.0,0.7,Switch,1.2,0.1859999999999999,1.386
785667,1,79.0,0.3,Switch,1.6,0.018,1.618
785667,1,80.0,0.3,Repeat,1.0,0.29,1.29
785667,1,81.0,0.3,Repeat,1.6,-0.2730000000000001,1.327
785667,1,82.0,0.7,Switch,1.0,0.4379999999999999,1.438
785667,1,83.0,0.7,Repeat,1.4,-0.0739999999999998,1.326
785667,1,84.0,0.7,Repeat,1.2,0.177,1.377
785667,1,85.0,0.3,Switch,0.8,0.1829999999999999,0.983
785667,1,86.0,0.7,Switch,1.4,-0.1829999999999998,1.217
785667,1,87.0,0.3,Switch,1.4,0.2250000000000001,1.625
785667,1,88.0,0.3,Repeat,1.4,0.3130000000000001,1.713
785667,1,91.0,0.3,Repeat,1.6,0.016,1.616
785667,1,92.0,0.3,Repeat,1.2,0.3249999999999999,1.525
785667,1,93.0,0.7,Switch,1.0,0.5069999999999999,1.507
785667,1,94.0,0.3,Switch,1.0,0.357,1.357
785667,1,95.0,0.7,Switch,1.4,0.3980000000000001,1.798
785667,1,96.0,0.7,Repeat,0.8,0.4549999999999998,1.255
785667,1,97.0,0.3,Switch,0.8,0.2409999999999998,1.041
785667,1,98.0,0.3,Repeat,1.6,0.3019999999999998,1.902
785667,1,99.0,0.7,Switch,1.6,0.1519999999999999,1.752
785667,1,100.0,0.7,Repeat,1.2,0.5609999999999999,1.761
785667,1,101.0,0.7,Repeat,1.6,0.48,2.08
785667,1,102.0,0.7,Repeat,0.8,0.4499999999999999,1.25
785667,1,104.0,0.3,Repeat,1.4,0.2750000000000001,1.675
785667,1,105.0,0.7,Switch,1.6,-0.0510000000000001,1.549
785667,1,106.0,0.7,Repeat,1.0,0.482,1.482
785667,1,107.0,0.7,Repeat,1.2,0.2119999999999999,1.412
785667,1,108.0,0.7,Repeat,1.2,0.244,1.444
785667,1,109.0,0.7,Repeat,1.4,0.314,1.714
785667,1,110.0,0.7,Repeat,0.8,0.5209999999999999,1.321
785667,1,111.0,0.3,Switch,1.4,-0.0189999999999999,1.381
785667,1,112.0,0.3,Repeat,0.8,-0.033,0.767
785667,1,113.0,0.3,Repeat,1.6,-0.072,1.528
785667,1,114.0,0.7,Switch,1.4,0.2020000000000001,1.602
785667,1,115.0,0.3,Switch,1.2,0.2390000000000001,1.439
785667,1,116.0,0.7,Switch,1.0,0.3340000000000001,1.334
785667,1,117.0,0.3,Switch,1.0,0.492,1.492
785667,1,118.0,0.3,Repeat,1.2,0.034,1.234
785667,1,119.0,0.3,Repeat,1.4,0.441,1.841
785667,1,121.0,0.7,Repeat,1.6,0.002,1.602
785667,1,122.0,0.7,Repeat,1.2,0.48,1.68
785667,1,123.0,0.3,Switch,1.6,-0.242,1.358
785667,1,124.0,0.3,Repeat,1.2,0.258,1.458
785667,1,125.0,0.7,Switch,1.0,0.502,1.502
785667,1,126.0,0.7,Repeat,1.2,0.133,1.333
785667,1,127.0,0.3,Switch,1.4,-0.0539999999999998,1.346
785667,1,129.0,0.3,Repeat,1.6,0.0869999999999999,1.687
785667,1,130.0,0.3,Repeat,1.4,0.5690000000000002,1.969
785667,1,131.0,0.7,Switch,0.8,0.274,1.074
785667,1,132.0,0.7,Repeat,1.6,0.1499999999999999,1.75
785667,1,133.0,0.3,Switch,0.8,0.5089999999999999,1.309
785667,1,134.0,0.7,Switch,1.2,0.3069999999999999,1.507
785667,1,135.0,0.3,Switch,1.4,0.0370000000000001,1.437
785667,1,138.0,0.7,Switch,1.0,0.455,1.455
785667,1,139.0,0.7,Repeat,1.4,0.292,1.692
785667,1,141.0,0.3,Switch,1.6,0.0839999999999998,1.684
785667,1,142.0,0.7,Switch,1.4,0.409,1.809
785667,1,143.0,0.7,Repeat,1.4,0.272,1.672
785667,1,144.0,0.3,Switch,1.0,0.5489999999999999,1.549
785667,1,145.0,0.7,Switch,0.8,0.284,1.084
785667,1,146.0,0.3,Switch,1.0,0.119,1.119
785667,1,147.0,0.3,Repeat,1.2,0.316,1.516
785667,1,148.0,0.3,Repeat,1.2,0.542,1.742
785667,1,151.0,0.3,Switch,1.4,0.2270000000000001,1.627
785667,1,152.0,0.7,Switch,1.4,0.0610000000000001,1.461
785667,1,153.0,0.3,Switch,1.6,0.0369999999999999,1.637
785667,1,154.0,0.7,Switch,1.4,0.2240000000000002,1.624
785667,1,155.0,0.3,Switch,1.2,0.288,1.488
785667,1,156.0,0.3,Repeat,1.0,0.4810000000000001,1.481
785667,1,158.0,0.7,Repeat,1.6,-0.1160000000000001,1.484
785667,1,159.0,0.7,Repeat,1.2,0.417,1.617
785667,1,160.0,0.7,Repeat,1.2,0.365,1.565
785667,1,161.0,0.7,Repeat,1.4,0.0830000000000001,1.483
785667,1,162.0,0.3,Switch,1.6,0.127,1.727
785667,1,163.0,0.3,Repeat,1.2,0.5740000000000001,1.774
785667,1,164.0,0.7,Switch,1.6,-0.0450000000000001,1.555
785667,1,165.0,0.7,Repeat,0.8,0.5409999999999999,1.341
785667,1,166.0,0.3,Switch,1.4,0.008,1.408
785667,1,167.0,0.3,Repeat,1.2,0.403,1.603
785667,1,168.0,0.7,Switch,1.2,0.365,1.565
785667,1,171.0,0.3,Repeat,1.4,0.2950000000000001,1.695
785667,1,172.0,0.7,Switch,0.8,0.54,1.34
785667,1,173.0,0.7,Repeat,1.0,0.262,1.262
785667,1,174.0,0.3,Switch,0.8,0.134,0.934
785667,1,175.0,0.7,Switch,1.0,0.4039999999999999,1.404
785667,1,179.0,0.3,Repeat,1.6,-0.1009999999999999,1.499
785667,1,181.0,0.7,Repeat,1.6,-0.0490000000000001,1.551
785667,1,182.0,0.7,Repeat,1.6,-0.2750000000000001,1.325
785667,1,183.0,0.3,Switch,1.2,0.31,1.51
785667,1,184.0,0.7,Switch,1.0,0.538,1.538
785667,1,185.0,0.7,Repeat,1.2,0.4619999999999999,1.662
785667,1,186.0,0.7,Repeat,1.2,0.3249999999999999,1.525
785667,1,187.0,0.3,Switch,1.4,0.1460000000000001,1.546
785667,1,189.0,0.3,Switch,1.4,-0.0619999999999998,1.338
785667,1,190.0,0.3,Repeat,1.0,0.2829999999999999,1.283
785667,1,191.0,0.7,Switch,1.0,0.4890000000000001,1.489
785667,1,192.0,0.3,Switch,1.4,0.4730000000000001,1.873
785667,1,193.0,0.3,Repeat,1.0,0.3369999999999999,1.337
785667,1,194.0,0.3,Repeat,0.8,0.5680000000000001,1.368
785667,1,195.0,0.3,Repeat,1.2,0.3129999999999999,1.513
785667,1,197.0,0.7,Switch,0.8,0.3129999999999999,1.113
785667,1,198.0,0.7,Repeat,1.4,0.1149999999999999,1.515
785667,1,199.0,0.7,Repeat,1.2,0.04,1.24
785667,1,200.0,0.7,Repeat,1.6,-0.2000000000000001,1.4
785667,1,201.0,0.7,Repeat,1.0,0.532,1.532
785667,1,203.0,0.7,Switch,1.4,0.0350000000000001,1.435
785667,1,204.0,0.3,Switch,1.2,0.4790000000000001,1.679
785667,1,205.0,0.3,Repeat,1.6,0.0609999999999999,1.661
785667,1,206.0,0.3,Repeat,1.6,-0.1340000000000001,1.466
785667,1,208.0,0.3,Switch,1.6,-0.2870000000000001,1.313
785667,1,209.0,0.3,Repeat,1.0,0.593,1.593
785667,1,211.0,0.3,Repeat,1.0,0.5660000000000001,1.566
785667,1,212.0,0.3,Repeat,1.6,0.0599999999999998,1.66
785667,1,213.0,0.3,Repeat,1.6,0.1379999999999999,1.738
785667,1,214.0,0.7,Switch,1.2,0.2470000000000001,1.447
785667,1,216.0,0.3,Switch,1.2,0.5350000000000001,1.735
785667,1,217.0,0.7,Switch,1.6,0.2009999999999998,1.801
785667,1,222.0,0.3,Switch,1.4,0.276,1.676
785667,1,223.0,0.3,Repeat,1.4,0.496,1.896
785667,1,225.0,0.3,Switch,1.6,0.349,1.949
785667,1,227.0,0.3,Switch,1.2,0.026,1.226
785667,1,229.0,0.7,Repeat,1.6,0.143,1.743
785667,1,230.0,0.7,Repeat,1.4,0.5,1.9
785667,1,231.0,0.3,Switch,1.0,0.3249999999999999,1.325
785667,1,232.0,0.3,Repeat,1.4,0.1129999999999999,1.513
785667,1,233.0,0.7,Switch,1.2,0.4399999999999999,1.64
785667,1,234.0,0.7,Repeat,1.6,0.1279999999999999,1.728
785667,1,236.0,0.7,Repeat,1.2,0.048,1.248
785667,1,237.0,0.3,Switch,0.8,0.4909999999999999,1.291
785667,1,239.0,0.7,Switch,1.0,0.375,1.375
785667,1,241.0,0.7,Switch,1.4,0.1200000000000001,1.52
785667,1,242.0,0.7,Repeat,1.2,0.2450000000000001,1.445
785667,1,243.0,0.7,Repeat,0.8,0.542,1.342
785667,1,244.0,0.3,Switch,1.6,-0.4700000000000002,1.13
785667,1,245.0,0.7,Switch,1.6,-0.1,1.5
785667,1,246.0,0.3,Switch,1.0,0.3680000000000001,1.368
785667,1,248.0,0.3,Repeat,1.4,0.4710000000000001,1.871
785667,1,249.0,0.3,Repeat,1.6,-0.119,1.481
785667,1,250.0,0.7,Switch,1.6,0.0349999999999999,1.635
785667,1,251.0,0.3,Switch,1.4,0.024,1.424
785667,1,252.0,0.7,Switch,1.0,0.554,1.554
785667,1,254.0,0.3,Repeat,0.8,0.419,1.219
785667,1,255.0,0.7,Switch,1.4,-0.1219999999999998,1.278
785667,1,257.0,0.7,Repeat,1.2,0.179,1.379
785667,1,258.0,0.7,Repeat,1.6,0.381,1.981
785667,1,259.0,0.7,Repeat,1.0,0.294,1.294
785667,1,260.0,0.3,Switch,1.6,-0.086,1.514
785667,1,261.0,0.3,Repeat,1.0,0.542,1.542
785667,1,263.0,0.7,Repeat,1.0,0.587,1.587
785667,1,264.0,0.3,Switch,1.4,-0.012,1.388
785667,1,265.0,0.7,Switch,1.4,0.1129999999999999,1.513
785667,1,266.0,0.7,Repeat,1.2,0.3429999999999999,1.543
785667,1,267.0,0.3,Switch,1.2,0.415,1.615
787955,1,31.0,0.3,Repeat,0.8,0.123,0.923
787955,1,32.0,0.7,Switch,1.2,-0.1579999999999999,1.042
787955,1,33.0,0.3,Switch,1.2,-0.183,1.017
787955,1,34.0,0.3,Repeat,1.2,-0.1639999999999999,1.036
787955,1,35.0,0.7,Switch,1.4,-0.0919999999999998,1.308
787955,1,36.0,0.3,Switch,1.4,-0.4229999999999999,0.977
787955,1,37.0,0.3,Repeat,1.0,-0.0979999999999999,0.902
787955,1,39.0,0.7,Switch,1.4,-0.387,1.013
787955,1,40.0,0.7,Repeat,1.2,-0.195,1.005
787955,1,41.0,0.7,Repeat,1.0,-0.014,0.986
787955,1,42.0,0.7,Repeat,0.8,0.1749999999999999,0.975
787955,1,43.0,0.7,Repeat,0.8,0.0919999999999999,0.892
787955,1,44.0,0.3,Switch,1.0,-0.161,0.839
787955,1,45.0,0.3,Repeat,0.8,-0.192,0.608
787955,1,46.0,0.3,Repeat,1.4,-0.2119999999999999,1.188
787955,1,47.0,0.7,Switch,1.6,-0.4320000000000001,1.168
787955,1,48.0,0.7,Repeat,1.0,0.264,1.264
787955,1,49.0,0.7,Repeat,0.8,0.2669999999999999,1.067
787955,1,51.0,0.3,Repeat,1.0,0.0,1.0
787955,1,52.0,0.3,Repeat,1.2,-0.3309999999999999,0.869
787955,1,53.0,0.7,Switch,1.6,-0.4180000000000001,1.182
787955,1,54.0,0.3,Switch,0.8,0.0699999999999999,0.87
787955,1,55.0,0.7,Switch,1.2,0.048,1.248
787955,1,56.0,0.7,Repeat,1.4,-0.1849999999999998,1.215
787955,1,57.0,0.7,Repeat,1.6,-0.2240000000000002,1.376
787955,1,58.0,0.7,Repeat,1.0,0.1319999999999999,1.132
787955,1,59.0,0.3,Switch,1.4,-0.363,1.037
787955,1,61.0,0.3,Switch,1.0,-0.133,0.867
787955,1,62.0,0.3,Repeat,1.2,-0.238,0.962
787955,1,63.0,0.3,Repeat,0.8,0.0599999999999999,0.86
787955,1,64.0,0.7,Switch,1.2,-0.2309999999999999,0.969
787955,1,65.0,0.3,Switch,1.6,-0.5740000000000001,1.026
787955,1,66.0,0.7,Switch,1.6,-0.492,1.108
787955,1,67.0,0.3,Switch,0.8,0.1699999999999999,0.97
787955,1,69.0,0.7,Switch,1.4,-0.0609999999999999,1.339
787955,1,70.0,0.7,Repeat,0.8,0.2019999999999999,1.002
787955,1,71.0,0.7,Repeat,1.2,-0.1339999999999999,1.066
787955,1,72.0,0.3,Switch,1.4,-0.58,0.82
787955,1,73.0,0.3,Repeat,1.2,-0.185,1.015
787955,1,74.0,0.7,Switch,1.4,0.181,1.581
787955,1,75.0,0.7,Repeat,0.8,0.268,1.068
787955,1,76.0,0.7,Repeat,1.0,0.1149999999999999,1.115
787955,1,77.0,0.3,Switch,1.2,-0.3139999999999999,0.886
787955,1,78.0,0.3,Repeat,0.8,-0.129,0.671
787955,1,79.0,0.3,Repeat,1.0,0.0089999999999998,1.009
787955,1,80.0,0.3,Repeat,1.4,-0.2829999999999999,1.117
787955,1,81.0,0.3,Repeat,1.6,-0.4060000000000001,1.194
787955,1,82.0,0.7,Switch,1.0,0.1060000000000001,1.106
787955,1,83.0,0.7,Repeat,1.2,-0.056,1.144
787955,1,84.0,0.3,Switch,1.4,-0.3059999999999998,1.094
787955,1,85.0,0.7,Switch,1.4,0.002,1.402
787955,1,86.0,0.7,Repeat,1.0,0.312,1.312
787955,1,87.0,0.3,Switch,1.0,0.0649999999999999,1.065
787955,1,88.0,0.7,Switch,1.6,-0.1169999999999999,1.483
787955,1,89.0,0.7,Repeat,1.6,-0.2040000000000001,1.396
787955,1,91.0,0.7,Switch,1.6,-0.385,1.215
787955,1,92.0,0.3,Switch,1.2,-0.2319999999999999,0.968
787955,1,93.0,0.7,Switch,0.8,0.2259999999999999,1.026
787955,1,94.0,0.7,Repeat,1.2,-0.018,1.182
787955,1,95.0,0.3,Switch,1.4,-0.3159999999999998,1.084
787955,1,96.0,0.7,Switch,1.4,-0.002,1.398
787955,1,97.0,0.7,Repeat,1.2,0.104,1.304
787955,1,98.0,0.7,Repeat,1.0,0.0109999999999998,1.011
787955,1,99.0,0.7,Repeat,1.4,-0.1529999999999998,1.247
787955,1,100.0,0.3,Switch,1.0,-0.1079999999999999,0.892
787955,1,101.0,0.7,Switch,1.4,-0.0049999999999998,1.395
787955,1,102.0,0.3,Switch,1.0,-0.056,0.944
787955,1,103.0,0.3,Repeat,1.6,-0.423,1.177
787955,1,104.0,0.3,Repeat,1.0,-0.0789999999999999,0.921
787955,1,105.0,0.7,Switch,1.6,-0.072,1.528
787955,1,106.0,0.3,Switch,1.6,-0.4970000000000001,1.103
787955,1,107.0,0.3,Repeat,1.4,-0.4999999999999999,0.9
787955,1,108.0,0.7,Switch,1.0,0.094,1.094
787955,1,109.0,0.3,Switch,1.6,-0.4100000000000001,1.19
787955,1,110.0,0.7,Switch,1.0,0.014,1.014
787955,1,111.0,0.3,Switch,0.8,-0.165,0.635
787955,1,112.0,0.7,Switch,0.8,0.1119999999999999,0.912
787955,1,113.0,0.7,Repeat,1.6,-0.419,1.181
787955,1,114.0,0.3,Switch,1.2,-0.127,1.073
787955,1,115.0,0.7,Switch,0.8,0.0659999999999999,0.866
787955,1,116.0,0.3,Switch,1.4,0.135,1.535
787955,1,117.0,0.3,Repeat,0.8,0.004,0.804
787955,1,118.0,0.7,Switch,1.2,0.0170000000000001,1.217
787955,1,119.0,0.3,Switch,0.8,-0.04,0.76
787955,1,121.0,0.3,Switch,1.6,-0.516,1.084
787955,1,122.0,0.7,Switch,1.0,-0.058,0.942
787955,1,123.0,0.3,Switch,1.6,-0.5050000000000001,1.095
787955,1,124.0,0.3,Repeat,0.8,-0.143,0.657
787955,1,125.0,0.7,Switch,0.8,0.1469999999999999,0.947
787955,1,126.0,0.7,Repeat,1.2,0.026,1.226
787955,1,127.0,0.7,Repeat,1.4,-0.2029999999999998,1.197
787955,1,128.0,0.7,Repeat,1.0,0.1599999999999999,1.16
787955,1,129.0,0.3,Switch,1.4,-0.3079999999999998,1.092
787955,1,130.0,0.3,Repeat,1.2,-0.002,1.198
787955,1,131.0,0.3,Repeat,1.2,-0.1069999999999999,1.093
787955,1,132.0,0.3,Repeat,0.8,0.0819999999999999,0.882
787955,1,133.0,0.7,Switch,1.6,-0.3250000000000002,1.275
787955,1,134.0,0.3,Switch,1.4,-0.377,1.023
787955,1,135.0,0.3,Repeat,1.6,-0.3400000000000001,1.26
787955,1,136.0,0.7,Switch,1.6,-0.078,1.522
787955,1,137.0,0.7,Repeat,1.0,0.1,1.1
787955,1,138.0,0.7,Repeat,1.2,0.1120000000000001,1.312
787955,1,139.0,0.7,Repeat,1.4,0.012,1.412
787955,1,140.0,0.3,Switch,1.2,-0.07,1.13
787955,1,141.0,0.3,Repeat,1.0,-0.257,0.743
787955,1,142.0,0.3,Repeat,1.0,-0.167,0.833
787955,1,143.0,0.3,Repeat,0.8,0.0449999999999999,0.845
787955,1,144.0,0.3,Repeat,1.0,-0.0689999999999999,0.931
787955,1,145.0,0.7,Switch,0.8,0.0769999999999999,0.877
787955,1,146.0,0.3,Switch,1.4,-0.5139999999999999,0.886
787955,1,147.0,0.7,Switch,0.8,0.3329999999999999,1.133
787955,1,148.0,0.7,Repeat,1.6,-0.274,1.326
787955,1,149.0,0.7,Repeat,1.4,-0.0369999999999999,1.363
787955,1,151.0,0.7,Repeat,1.4,-0.0849999999999999,1.315
787955,1,152.0,0.3,Switch,1.6,-0.4460000000000002,1.154
787955,1,153.0,0.7,Switch,0.8,0.252,1.052
787955,1,154.0,0.7,Repeat,1.0,0.1539999999999999,1.154
787955,1,155.0,0.7,Repeat,1.6,-0.0370000000000001,1.563
787955,1,156.0,0.3,Switch,1.2,0.024,1.224
787955,1,157.0,0.7,Switch,1.2,-0.0409999999999999,1.159
787955,1,158.0,0.3,Switch,1.0,-0.134,0.866
787955,1,159.0,0.3,Repeat,1.0,-0.031,0.969
787955,1,160.0,0.7,Switch,1.4,-0.0519999999999998,1.348
787955,1,161.0,0.3,Switch,0.8,0.0829999999999999,0.883
787955,1,162.0,0.3,Repeat,0.8,0.0869999999999999,0.887
787955,1,163.0,0.3,Repeat,1.6,-0.4850000000000001,1.115
787955,1,164.0,0.7,Switch,0.8,0.2039999999999999,1.004
787955,1,165.0,0.3,Switch,1.4,-0.2589999999999999,1.141
787955,1,166.0,0.7,Switch,1.2,0.0130000000000001,1.213
787955,1,167.0,0.7,Repeat,1.6,-0.2080000000000001,1.392
787955,1,168.0,0.3,Switch,1.2,-0.177,1.023
787955,1,169.0,0.7,Switch,1.2,0.0849999999999999,1.285
787955,1,170.0,0.3,Switch,1.2,-0.2149999999999999,0.985
787955,1,171.0,0.7,Switch,1.0,0.163,1.163
787955,1,172.0,0.3,Switch,1.4,-0.2209999999999998,1.179
787955,1,173.0,0.3,Repeat,0.8,0.0229999999999999,0.823
787955,1,174.0,0.3,Repeat,1.4,-0.2409999999999998,1.159
787955,1,175.0,0.7,Switch,1.0,0.32,1.32
787955,1,176.0,0.3,Switch,1.6,-0.3860000000000001,1.214
787955,1,177.0,0.3,Repeat,1.0,0.0289999999999999,1.029
787955,1,178.0,0.7,Switch,0.8,0.2529999999999999,1.053
787955,1,179.0,0.7,Repeat,1.6,-0.4140000000000001,1.186
787955,1,181.0,0.3,Repeat,1.4,-0.3169999999999999,1.083
787955,1,182.0,0.3,Repeat,0.8,0.0509999999999999,0.851
787955,1,183.0,0.7,Switch,0.8,0.2159999999999999,1.016
787955,1,184.0,0.7,Repeat,1.4,-0.1859999999999999,1.214
787955,1,185.0,0.3,Switch,1.0,-0.012,0.988
787955,1,186.0,0.7,Switch,1.4,-0.0149999999999999,1.385
787955,1,187.0,0.7,Repeat,1.6,-0.209,1.391
787955,1,188.0,0.7,Repeat,1.0,0.165,1.165
787955,1,189.0,0.3,Switch,1.0,-0.149,0.851
787955,1,190.0,0.7,Switch,0.8,0.2429999999999998,1.043
787955,1,191.0,0.7,Repeat,1.6,-0.2490000000000001,1.351
787955,1,192.0,0.7,Repeat,1.6,-0.284,1.316
787955,1,193.0,0.3,Switch,1.2,-0.0929999999999999,1.107
787955,1,194.0,0.3,Repeat,1.0,-0.18,0.82
787955,1,195.0,0.3,Repeat,1.2,-0.1959999999999999,1.004
787955,1,196.0,0.3,Repeat,1.4,-0.3099999999999998,1.09
787955,1,197.0,0.3,Repeat,0.8,0.122,0.922
787955,1,198.0,0.7,Switch,1.2,-0.149,1.051
787955,1,199.0,0.7,Repeat,1.2,-0.0089999999999998,1.191
787955,1,200.0,0.3,Switch,1.6,-0.453,1.147
787955,1,201.0,0.7,Switch,0.8,0.3069999999999999,1.107
787955,1,202.0,0.7,Repeat,1.2,-0.1109999999999999,1.089
787955,1,203.0,0.3,Switch,0.8,0.0659999999999999,0.866
787955,1,204.0,0.7,Switch,1.0,0.306,1.306
787955,1,205.0,0.7,Repeat,1.4,-0.3759999999999999,1.024
787955,1,206.0,0.7,Repeat,1.0,0.024,1.024
787955,1,207.0,0.3,Switch,1.4,-0.3959999999999999,1.004
787955,1,208.0,0.3,Repeat,1.2,-0.1029999999999999,1.097
787955,1,209.0,0.3,Repeat,1.6,-0.494,1.106
787955,1,211.0,0.7,Switch,1.0,-0.0739999999999999,0.926
787955,1,212.0,0.7,Repeat,1.2,-0.1879999999999999,1.012
787955,1,213.0,0.7,Repeat,1.4,-0.1589999999999998,1.241
787955,1,214.0,0.7,Repeat,1.0,0.1519999999999999,1.152
787955,1,215.0,0.3,Switch,1.4,-0.2169999999999998,1.183
787955,1,216.0,0.7,Switch,0.8,0.1719999999999999,0.972
787955,1,217.0,0.7,Repeat,1.2,0.1,1.3
787955,1,218.0,0.3,Switch,0.8,0.0759999999999999,0.876
787955,1,219.0,0.3,Repeat,1.6,-0.32,1.28
787955,1,220.0,0.7,Switch,1.6,-0.163,1.437
787955,1,221.0,0.3,Switch,1.6,-0.3700000000000001,1.23
787955,1,222.0,0.3,Repeat,1.0,0.0,1.0
787955,1,223.0,0.7,Switch,1.0,0.1419999999999999,1.142
787955,1,224.0,0.3,Switch,1.0,0.123,1.123
787955,1,225.0,0.3,Repeat,1.0,-0.028,0.972
787955,1,226.0,0.3,Repeat,1.2,-0.133,1.067
787955,1,227.0,0.7,Switch,1.6,-0.1560000000000001,1.444
787955,1,228.0,0.7,Repeat,1.6,-0.215,1.385
787955,1,229.0,0.3,Switch,1.6,-0.139,1.461
787955,1,230.0,0.7,Switch,1.2,0.1089999999999999,1.309
787955,1,231.0,0.7,Repeat,0.8,0.2059999999999999,1.006
787955,1,232.0,0.3,Switch,0.8,0.133,0.933
787955,1,233.0,0.3,Repeat,1.4,-0.2859999999999998,1.114
787955,1,234.0,0.7,Switch,0.8,0.3,1.1
787955,1,235.0,0.7,Repeat,1.4,-0.119,1.281
787955,1,236.0,0.3,Switch,1.2,0.0609999999999999,1.261
787955,1,237.0,0.3,Repeat,1.2,-0.0799999999999998,1.12
787955,1,238.0,0.7,Switch,1.4,-0.131,1.269
787955,1,239.0,0.3,Switch,0.8,0.1739999999999999,0.974
787955,1,241.0,0.3,Repeat,1.4,-0.2769999999999999,1.123
787955,1,242.0,0.3,Repeat,1.6,-0.4120000000000001,1.188
787955,1,243.0,0.7,Switch,1.2,-0.058,1.142
787955,1,244.0,0.3,Switch,0.8,0.0589999999999999,0.859
787955,1,245.0,0.7,Switch,1.2,0.0549999999999999,1.255
787955,1,246.0,0.7,Repeat,1.6,-0.1089999999999999,1.491
787955,1,247.0,0.7,Repeat,0.8,0.1159999999999999,0.916
787955,1,248.0,0.7,Repeat,0.8,0.1499999999999999,0.95
787955,1,249.0,0.7,Repeat,1.4,-0.0569999999999999,1.343
787955,1,250.0,0.7,Repeat,0.8,0.3269999999999999,1.127
787955,1,251.0,0.3,Switch,1.6,-0.201,1.399
787955,1,252.0,0.7,Switch,1.4,0.036,1.436
787955,1,253.0,0.3,Switch,1.0,0.195,1.195
787955,1,254.0,0.3,Repeat,0.8,0.1709999999999999,0.971
787955,1,255.0,0.7,Switch,1.0,0.149,1.149
787955,1,256.0,0.3,Switch,1.2,-0.123,1.077
787955,1,257.0,0.3,Repeat,1.0,0.018,1.018
787955,1,258.0,0.3,Repeat,1.0,-0.003,0.997
787955,1,259.0,0.3,Repeat,0.8,0.1389999999999999,0.939
787955,1,260.0,0.7,Switch,1.6,-0.2550000000000001,1.345
787955,1,261.0,0.3,Switch,1.4,-0.3009999999999999,1.099
787955,1,262.0,0.3,Repeat,1.6,-0.1720000000000001,1.428
787955,1,263.0,0.7,Switch,1.4,-0.0629999999999999,1.337
787955,1,264.0,0.7,Repeat,1.0,0.084,1.084
787955,1,265.0,0.3,Switch,1.4,-0.1689999999999998,1.231
787955,1,266.0,0.3,Repeat,1.2,-0.0349999999999999,1.165
787955,1,267.0,0.7,Switch,1.6,-0.2430000000000001,1.357
787955,1,268.0,0.7,Repeat,1.2,-0.0869999999999999,1.113
787955,1,269.0,0.7,Repeat,1.0,0.0229999999999999,1.023
803870,1,31.0,0.3,Switch,1.2,0.4140000000000001,1.614
803870,1,32.0,0.3,Repeat,1.4,0.048,1.448
803870,1,36.0,0.7,Repeat,1.4,0.0330000000000001,1.433
803870,1,37.0,0.3,Switch,1.4,0.5010000000000001,1.901
803870,1,38.0,0.3,Repeat,1.6,-0.4180000000000001,1.182
803870,1,39.0,0.7,Switch,1.4,0.4670000000000001,1.867
803870,1,42.0,0.3,Switch,0.8,0.5329999999999999,1.333
803870,1,43.0,0.7,Switch,1.2,0.449,1.649
803870,1,44.0,0.7,Repeat,1.6,0.1659999999999999,1.766
803870,1,45.0,0.7,Repeat,1.0,0.567,1.567
803870,1,46.0,0.3,Switch,1.2,0.567,1.767
803870,1,49.0,0.3,Repeat,1.2,0.0330000000000001,1.233
803870,1,50.0,0.3,Repeat,1.4,0.284,1.684
803870,1,52.0,0.7,Repeat,1.2,0.1340000000000001,1.334
803870,1,53.0,0.7,Repeat,0.8,0.4179999999999999,1.218
803870,1,57.0,0.3,Switch,1.0,0.5,1.5
803870,1,58.0,0.7,Switch,1.6,-0.084,1.516
803870,1,59.0,0.3,Switch,1.6,-0.082,1.518
803870,1,61.0,0.3,Repeat,1.4,-0.0989999999999999,1.301
803870,1,62.0,0.7,Switch,1.6,0.0339999999999998,1.634
803870,1,63.0,0.3,Switch,1.4,0.4660000000000002,1.866
803870,1,64.0,0.7,Switch,1.2,0.583,1.783
803870,1,65.0,0.3,Switch,1.6,-0.0330000000000001,1.567
803870,1,69.0,0.7,Switch,0.8,0.552,1.352
803870,1,70.0,0.3,Switch,1.0,0.167,1.167
803870,1,71.0,0.7,Switch,1.4,0.0850000000000001,1.485
803870,1,72.0,0.3,Switch,0.8,0.0329999999999999,0.833
803870,1,73.0,0.3,Repeat,1.6,-0.266,1.334
803870,1,74.0,0.7,Switch,0.8,0.1999999999999999,1.0
803870,1,75.0,0.3,Switch,1.6,0.2329999999999998,1.833
803870,1,76.0,0.7,Switch,1.6,-0.0190000000000001,1.581
803870,1,78.0,0.7,Repeat,1.2,0.167,1.367
803870,1,80.0,0.7,Switch,0.8,0.3,1.1
803870,1,81.0,0.3,Switch,1.2,0.3189999999999999,1.519
803870,1,82.0,0.3,Repeat,1.0,0.167,1.167
803870,1,85.0,0.3,Switch,1.4,-0.1169999999999999,1.283
803870,1,88.0,0.3,Switch,0.8,0.486,1.286
803870,1,89.0,0.7,Switch,1.4,0.185,1.585
803870,1,91.0,0.7,Switch,0.8,0.567,1.367
803870,1,92.0,0.3,Switch,1.6,-0.1149999999999999,1.485
803870,1,93.0,0.3,Repeat,0.8,0.1819999999999999,0.982
803870,1,94.0,0.3,Repeat,1.2,0.282,1.482
803870,1,95.0,0.3,Repeat,1.2,0.1999999999999999,1.4
803870,1,96.0,0.3,Repeat,1.4,0.1820000000000001,1.582
803870,1,97.0,0.3,Repeat,0.8,0.5409999999999999,1.341
803870,1,98.0,0.7,Switch,1.2,0.165,1.365
803870,1,99.0,0.3,Switch,1.0,0.1519999999999999,1.152
803870,1,100.0,0.3,Repeat,1.2,0.0330000000000001,1.233
803870,1,101.0,0.3,Repeat,1.0,0.167,1.167
803870,1,102.0,0.7,Switch,1.4,-0.1009999999999999,1.299
803870,1,103.0,0.7,Repeat,1.4,0.05,1.45
803870,1,104.0,0.7,Repeat,1.0,0.252,1.252
803870,1,105.0,0.7,Repeat,1.4,0.0490000000000001,1.449
803870,1,106.0,0.3,Switch,0.8,-0.034,0.766
803870,1,107.0,0.7,Switch,0.8,0.518,1.318
803870,1,108.0,0.7,Repeat,0.8,0.5489999999999999,1.349
803870,1,109.0,0.7,Repeat,1.0,0.2330000000000001,1.233
803870,1,110.0,0.3,Switch,1.4,0.0670000000000001,1.467
803870,1,111.0,0.3,Repeat,1.4,-0.014,1.386
803870,1,112.0,0.7,Switch,1.6,-0.2000000000000001,1.4
803870,1,113.0,0.3,Switch,1.6,-0.248,1.352
803870,1,114.0,0.7,Switch,1.6,0.0479999999999998,1.648
803870,1,115.0,0.7,Repeat,1.6,0.1989999999999998,1.799
803870,1,116.0,0.7,Repeat,1.2,0.1149999999999999,1.315
803870,1,117.0,0.7,Repeat,1.2,0.1999999999999999,1.4
803870,1,118.0,0.7,Repeat,1.0,0.532,1.532
803870,1,119.0,0.3,Switch,1.6,-0.5670000000000002,1.033
803870,1,121.0,0.7,Repeat,1.6,-0.0190000000000001,1.581
803870,1,122.0,0.3,Switch,1.0,-0.033,0.967
803870,1,123.0,0.3,Repeat,1.2,0.0669999999999999,1.267
803870,1,124.0,0.7,Switch,1.2,0.399,1.599
803870,1,125.0,0.7,Repeat,1.2,0.5,1.7
803870,1,126.0,0.7,Repeat,0.8,0.3149999999999999,1.115
803870,1,127.0,0.3,Switch,1.4,-0.0329999999999999,1.367
803870,1,128.0,0.3,Repeat,1.2,0.4519999999999999,1.652
803870,1,129.0,0.7,Switch,1.0,0.252,1.252
803870,1,130.0,0.7,Repeat,1.2,0.1999999999999999,1.4
803870,1,131.0,0.3,Switch,1.6,-0.3660000000000001,1.234
803870,1,132.0,0.7,Switch,1.6,0.1519999999999999,1.752
803870,1,134.0,0.3,Repeat,1.6,0.2689999999999999,1.869
803870,1,135.0,0.7,Switch,0.8,0.0839999999999999,0.884
803870,1,136.0,0.3,Switch,1.4,0.0330000000000001,1.433
803870,1,137.0,0.3,Repeat,1.0,0.147,1.147
803870,1,138.0,0.7,Switch,1.0,0.3340000000000001,1.334
803870,1,139.0,0.3,Switch,1.0,0.349,1.349
803870,1,140.0,0.7,Switch,1.4,0.133,1.533
803870,1,141.0,0.7,Repeat,1.6,0.1179999999999998,1.718
803870,1,142.0,0.3,Switch,0.8,0.0329999999999999,0.833
803870,1,143.0,0.7,Switch,1.0,0.401,1.401
803870,1,144.0,0.3,Switch,1.6,0.1999999999999999,1.8
803870,1,145.0,0.3,Repeat,0.8,0.351,1.151
803870,1,146.0,0.7,Switch,1.4,0.185,1.585
803870,1,147.0,0.7,Repeat,1.4,0.248,1.648
803870,1,148.0,0.3,Switch,1.4,0.167,1.567
803870,1,149.0,0.3,Repeat,1.2,0.151,1.351
803870,1,151.0,0.3,Switch,1.4,-0.0329999999999999,1.367
803870,1,152.0,0.3,Repeat,1.2,0.0330000000000001,1.233
803870,1,153.0,0.3,Repeat,0.8,0.0479999999999999,0.848
803870,1,154.0,0.7,Switch,0.8,0.4509999999999998,1.251
803870,1,155.0,0.7,Repeat,1.2,0.449,1.649
803870,1,156.0,0.7,Repeat,0.8,0.5509999999999999,1.351
803870,1,157.0,0.3,Switch,0.8,0.4659999999999999,1.266
803870,1,158.0,0.7,Switch,1.2,0.133,1.333
803870,1,159.0,0.7,Repeat,1.4,0.0670000000000001,1.467
803870,1,160.0,0.3,Switch,1.6,-0.385,1.215
803870,1,162.0,0.3,Switch,1.4,0.0330000000000001,1.433
803870,1,163.0,0.7,Switch,1.6,0.367,1.967
803870,1,164.0,0.3,Switch,1.0,0.1149999999999999,1.115
803870,1,165.0,0.7,Switch,1.4,0.284,1.684
803870,1,166.0,0.3,Switch,1.0,0.4850000000000001,1.485
803870,1,167.0,0.7,Switch,1.4,-0.0659999999999998,1.334
803870,1,168.0,0.3,Switch,1.6,-0.1,1.5
803870,1,169.0,0.3,Repeat,1.2,0.2179999999999999,1.418
803870,1,170.0,0.3,Repeat,1.0,0.2179999999999999,1.218
803870,1,171.0,0.7,Switch,1.6,0.2109999999999998,1.811
803870,1,172.0,0.7,Repeat,1.2,0.534,1.734
803870,1,173.0,0.3,Switch,1.4,0.5330000000000001,1.933
803870,1,175.0,0.7,Repeat,1.6,0.5329999999999999,2.133
803870,1,176.0,0.3,Switch,0.8,-0.033,0.767
803870,1,178.0,0.3,Switch,1.6,-0.415,1.185
803870,1,179.0,0.3,Repeat,1.2,0.1999999999999999,1.4
803870,1,181.0,0.3,Switch,0.8,0.0679999999999999,0.868
803870,1,182.0,0.3,Repeat,1.4,-0.1669999999999998,1.233
803870,1,183.0,0.3,Repeat,0.8,0.133,0.933
803870,1,184.0,0.3,Repeat,1.4,-0.351,1.049
803870,1,185.0,0.3,Repeat,1.2,0.1520000000000001,1.352
803870,1,186.0,0.7,Switch,1.0,0.199,1.199
803870,1,187.0,0.3,Switch,1.0,-0.118,0.882
803870,1,188.0,0.3,Repeat,0.8,0.4139999999999999,1.214
803870,1,189.0,0.7,Switch,0.8,0.399,1.199
803870,1,190.0,0.3,Switch,1.6,-0.3490000000000002,1.251
803870,1,191.0,0.7,Switch,1.0,0.3680000000000001,1.368
803870,1,193.0,0.3,Repeat,1.0,0.219,1.219
803870,1,194.0,0.7,Switch,1.6,-0.084,1.516
803870,1,195.0,0.7,Repeat,1.4,-0.0819999999999998,1.318
803870,1,196.0,0.7,Repeat,1.2,0.318,1.518
803870,1,197.0,0.3,Switch,1.2,-0.2339999999999999,0.966
803870,1,198.0,0.7,Switch,1.2,0.1340000000000001,1.334
803870,1,199.0,0.3,Switch,1.6,-0.1980000000000001,1.402
803870,1,200.0,0.7,Switch,0.8,0.4549999999999998,1.255
803870,1,201.0,0.3,Switch,1.0,0.32,1.32
803870,1,202.0,0.7,Switch,1.2,0.3169999999999999,1.517
803870,1,203.0,0.7,Repeat,1.0,0.4179999999999999,1.418
803870,1,204.0,0.7,Repeat,1.4,0.4870000000000001,1.887
803870,1,205.0,0.3,Switch,1.6,0.0229999999999999,1.623
803870,1,206.0,0.7,Switch,1.4,0.207,1.607
803870,1,207.0,0.3,Switch,1.4,0.0350000000000001,1.435
803870,1,208.0,0.7,Switch,1.6,0.0349999999999999,1.635
803870,1,209.0,0.7,Repeat,0.8,0.1959999999999999,0.996
803870,1,211.0,0.3,Switch,1.4,-0.1039999999999998,1.296
803870,1,212.0,0.3,Repeat,1.6,-0.052,1.548
803870,1,213.0,0.7,Switch,1.2,-0.0329999999999999,1.167
803870,1,214.0,0.3,Switch,1.2,-0.0789999999999999,1.121
803870,1,215.0,0.3,Repeat,1.4,-0.0829999999999999,1.317
803870,1,216.0,0.7,Switch,1.2,0.1009999999999999,1.301
803870,1,217.0,0.7,Repeat,1.4,0.0350000000000001,1.435
803870,1,218.0,0.7,Repeat,1.2,-0.0549999999999999,1.145
803870,1,219.0,0.7,Repeat,1.0,0.3340000000000001,1.334
803870,1,220.0,0.3,Switch,1.2,0.0210000000000001,1.221
803870,1,221.0,0.3,Repeat,1.6,-0.365,1.235
803870,1,222.0,0.3,Repeat,0.8,0.2389999999999998,1.039
803870,1,223.0,0.7,Switch,1.0,0.27,1.27
803870,1,225.0,0.3,Switch,1.2,0.3169999999999999,1.517
803870,1,226.0,0.7,Switch,1.6,0.0389999999999999,1.639
803870,1,227.0,0.3,Switch,1.0,0.369,1.369
803870,1,228.0,0.3,Repeat,1.0,0.383,1.383
803870,1,229.0,0.3,Repeat,1.4,0.282,1.682
803870,1,230.0,0.3,Repeat,0.8,0.28,1.08
803870,1,231.0,0.3,Repeat,1.6,-0.034,1.566
803870,1,232.0,0.7,Switch,1.0,0.48,1.48
803870,1,233.0,0.7,Repeat,1.6,0.1789999999999998,1.779
803870,1,235.0,0.7,Switch,1.4,0.1660000000000001,1.566
803870,1,237.0,0.7,Repeat,1.6,0.4689999999999998,2.069
803870,1,238.0,0.3,Switch,1.0,0.33,1.33
803870,1,239.0,0.7,Switch,1.4,-0.1019999999999998,1.298
803870,1,241.0,0.3,Repeat,1.4,0.177,1.577
803870,1,242.0,0.7,Switch,1.2,0.0310000000000001,1.231
803870,1,243.0,0.3,Switch,1.0,-0.148,0.852
803870,1,244.0,0.3,Repeat,1.2,0.1979999999999999,1.398
803870,1,245.0,0.7,Switch,1.4,0.2000000000000001,1.6
803870,1,246.0,0.3,Switch,1.4,-0.0049999999999998,1.395
803870,1,247.0,0.7,Switch,0.8,0.383,1.183
803870,1,248.0,0.3,Switch,1.4,-0.4859999999999999,0.914
803870,1,249.0,0.7,Switch,1.4,-0.0339999999999998,1.366
803870,1,250.0,0.3,Switch,0.8,0.0309999999999999,0.831
803870,1,251.0,0.3,Repeat,1.6,0.0129999999999999,1.613
803870,1,252.0,0.7,Switch,1.0,0.219,1.219
803870,1,253.0,0.3,Switch,0.8,0.0509999999999999,0.851
803870,1,254.0,0.3,Repeat,1.2,0.1660000000000001,1.366
803870,1,255.0,0.7,Switch,1.0,0.4019999999999999,1.402
803870,1,256.0,0.3,Switch,1.0,0.3380000000000001,1.338
803870,1,257.0,0.3,Repeat,1.0,0.3149999999999999,1.315
803870,1,258.0,0.7,Switch,1.0,0.248,1.248
803870,1,259.0,0.7,Repeat,1.6,-0.0870000000000001,1.513
803870,1,260.0,0.7,Repeat,0.8,0.3859999999999999,1.186
803870,1,261.0,0.7,Repeat,0.8,0.4639999999999999,1.264
803870,1,262.0,0.3,Switch,1.2,0.0190000000000001,1.219
803870,1,263.0,0.7,Switch,1.6,-0.0190000000000001,1.581
803870,1,264.0,0.7,Repeat,1.4,0.2830000000000001,1.683
803870,1,265.0,0.7,Repeat,1.6,-0.215,1.385
803870,1,266.0,0.7,Repeat,1.2,0.1009999999999999,1.301
803870,1,267.0,0.7,Repeat,1.2,0.09,1.29
803870,1,268.0,0.3,Switch,1.6,-0.25,1.35
803870,1,269.0,0.3,Repeat,0.8,0.1699999999999999,0.97
820531,1,31.0,0.3,Switch,1.4,-0.2759999999999998,1.124
820531,1,32.0,0.7,Switch,1.6,-0.0870000000000001,1.513
820531,1,33.0,0.7,Repeat,1.0,0.3959999999999999,1.396
820531,1,34.0,0.7,Repeat,1.4,-0.1019999999999998,1.298
820531,1,35.0,0.3,Switch,1.0,0.022,1.022
820531,1,36.0,0.7,Switch,1.4,-0.016,1.384
820531,1,37.0,0.7,Repeat,1.6,0.0279999999999998,1.628
820531,1,38.0,0.7,Repeat,1.4,0.014,1.414
820531,1,39.0,0.7,Repeat,1.6,-0.3070000000000001,1.293
820531,1,40.0,0.3,Switch,1.0,0.002,1.002
820531,1,41.0,0.3,Repeat,0.8,0.0959999999999999,0.896
820531,1,42.0,0.3,Repeat,1.4,-0.3379999999999998,1.062
820531,1,43.0,0.3,Repeat,0.8,0.0179999999999999,0.818
820531,1,44.0,0.7,Switch,1.2,-0.0189999999999999,1.181
820531,1,45.0,0.7,Repeat,1.0,0.0909999999999999,1.091
820531,1,46.0,0.3,Switch,1.4,-0.373,1.027
820531,1,47.0,0.3,Repeat,0.8,0.0509999999999999,0.851
820531,1,48.0,0.3,Repeat,1.2,-0.253,0.947
820531,1,49.0,0.3,Repeat,1.2,-0.3229999999999999,0.877
820531,1,50.0,0.7,Switch,0.8,0.2849999999999999,1.085
820531,1,51.0,0.7,Repeat,0.8,0.121,0.921
820531,1,52.0,0.3,Switch,1.0,0.064,1.064
820531,1,53.0,0.7,Switch,0.8,0.383,1.183
820531,1,54.0,0.7,Repeat,1.2,0.0729999999999999,1.273
820531,1,56.0,0.7,Switch,1.2,0.143,1.343
820531,1,57.0,0.3,Switch,1.6,-0.5690000000000002,1.031
820531,1,58.0,0.3,Repeat,1.6,-0.5890000000000002,1.011
820531,1,59.0,0.3,Repeat,1.2,-0.1599999999999999,1.04
820531,1,61.0,0.3,Repeat,0.8,0.0489999999999999,0.849
820531,1,62.0,0.7,Switch,1.6,-0.2120000000000002,1.388
820531,1,63.0,0.7,Repeat,1.0,0.3560000000000001,1.356
820531,1,64.0,0.7,Repeat,0.8,0.2119999999999999,1.012
820531,1,65.0,0.3,Switch,1.6,-0.288,1.312
820531,1,66.0,0.3,Repeat,1.6,-0.365,1.235
820531,1,67.0,0.7,Switch,1.6,-0.397,1.203
820531,1,68.0,0.7,Repeat,1.2,0.0490000000000001,1.249
820531,1,69.0,0.3,Switch,1.0,0.084,1.084
820531,1,70.0,0.3,Repeat,1.4,-0.26,1.14
820531,1,71.0,0.3,Repeat,0.8,0.13,0.93
820531,1,72.0,0.3,Repeat,1.4,-0.2189999999999998,1.181
820531,1,73.0,0.7,Switch,0.8,0.3319999999999998,1.132
820531,1,74.0,0.7,Repeat,1.0,0.2989999999999999,1.299
820531,1,75.0,0.3,Switch,1.0,-0.0749999999999999,0.925
820531,1,76.0,0.7,Switch,1.4,0.072,1.472
820531,1,77.0,0.3,Switch,1.2,-0.2159999999999999,0.984
820531,1,78.0,0.3,Repeat,1.0,0.04,1.04
820531,1,79.0,0.7,Switch,1.4,0.1140000000000001,1.514
820531,1,81.0,0.7,Repeat,1.6,0.1339999999999999,1.734
820531,1,82.0,0.7,Repeat,1.2,0.012,1.212
820531,1,83.0,0.3,Switch,1.2,-0.1339999999999999,1.066
820531,1,84.0,0.3,Repeat,1.4,-0.143,1.257
820531,1,85.0,0.7,Switch,1.0,0.385,1.385
820531,1,86.0,0.7,Repeat,1.4,-0.0459999999999998,1.354
820531,1,87.0,0.3,Switch,1.6,-0.4610000000000001,1.139
820531,1,88.0,0.7,Switch,1.2,0.3329999999999999,1.533
820531,1,89.0,0.3,Switch,0.8,0.1649999999999999,0.965
820531,1,91.0,0.3,Repeat,1.2,-0.249,0.951
820531,1,92.0,0.3,Repeat,1.6,-0.52,1.08
820531,1,93.0,0.3,Repeat,1.4,-0.127,1.273
820531,1,94.0,0.3,Repeat,1.6,-0.169,1.431
820531,1,95.0,0.7,Switch,1.2,0.367,1.567
820531,1,96.0,0.7,Repeat,1.2,0.397,1.597
820531,1,97.0,0.7,Repeat,1.6,0.016,1.616
820531,1,98.0,0.3,Switch,1.0,0.256,1.256
820531,1,99.0,0.3,Repeat,1.6,-0.179,1.421
820531,1,100.0,0.3,Repeat,1.2,0.248,1.448
820531,1,101.0,0.3,Repeat,1.0,0.07,1.07
820531,1,102.0,0.3,Repeat,1.4,-0.0769999999999999,1.323
820531,1,103.0,0.7,Switch,1.0,0.185,1.185
820531,1,104.0,0.7,Repeat,1.2,0.2950000000000001,1.495
820531,1,105.0,0.3,Switch,1.4,0.0650000000000001,1.465
820531,1,106.0,0.3,Repeat,0.8,0.1569999999999999,0.957
820531,1,107.0,0.7,Switch,1.0,0.1220000000000001,1.122
820531,1,108.0,0.7,Repeat,0.8,0.4219999999999999,1.222
820531,1,109.0,0.3,Switch,0.8,-0.009,0.791
820531,1,110.0,0.7,Switch,1.6,0.2199999999999999,1.82
820531,1,111.0,0.7,Repeat,1.0,0.4770000000000001,1.477
820531,1,112.0,0.7,Repeat,0.8,0.55,1.35
820531,1,113.0,0.7,Repeat,0.8,0.486,1.286
820531,1,114.0,0.7,Repeat,1.4,0.2330000000000001,1.633
820531,1,115.0,0.7,Repeat,1.4,-0.1169999999999999,1.283
820531,1,116.0,0.3,Switch,1.0,0.1399999999999999,1.14
820531,1,117.0,0.3,Repeat,0.8,0.0759999999999999,0.876
820531,1,118.0,0.7,Switch,1.4,0.034,1.434
820531,1,119.0,0.7,Repeat,1.6,-0.0250000000000001,1.575
820531,1,121.0,0.7,Switch,1.4,-0.0259999999999998,1.374
820531,1,122.0,0.3,Switch,1.4,-0.3299999999999998,1.07
820531,1,123.0,0.3,Repeat,1.2,-0.2209999999999999,0.979
820531,1,124.0,0.7,Switch,1.4,0.1140000000000001,1.514
820531,1,125.0,0.7,Repeat,0.8,0.3249999999999999,1.125
820531,1,126.0,0.3,Switch,1.6,-0.4610000000000001,1.139
820531,1,127.0,0.7,Switch,1.6,-0.0210000000000001,1.579
820531,1,128.0,0.3,Switch,1.4,-0.2049999999999998,1.195
820531,1,129.0,0.7,Switch,1.6,-0.0410000000000001,1.559
820531,1,130.0,0.3,Switch,0.8,0.2169999999999998,1.017
820531,1,131.0,0.3,Repeat,1.2,0.0130000000000001,1.213
820531,1,132.0,0.7,Switch,0.8,0.3799999999999999,1.18
820531,1,133.0,0.3,Switch,1.0,-0.167,0.833
820531,1,134.0,0.7,Switch,1.4,-0.0519999999999998,1.348
820531,1,135.0,0.3,Switch,0.8,0.1019999999999999,0.902
820531,1,136.0,0.7,Switch,0.8,0.1149999999999999,0.915
820531,1,137.0,0.7,Repeat,1.0,0.3289999999999999,1.329
820531,1,138.0,0.3,Switch,1.6,-0.4440000000000002,1.156
820531,1,139.0,0.7,Switch,1.6,0.0709999999999999,1.671
820531,1,140.0,0.7,Repeat,1.0,0.4639999999999999,1.464
820531,1,141.0,0.7,Repeat,1.2,0.3680000000000001,1.568
820531,1,142.0,0.3,Switch,1.4,-0.1129999999999999,1.287
820531,1,143.0,0.7,Switch,1.2,0.4020000000000001,1.602
820531,1,144.0,0.3,Switch,1.6,-0.2610000000000001,1.339
820531,1,145.0,0.7,Switch,1.0,0.2869999999999999,1.287
820531,1,146.0,0.7,Repeat,1.2,0.133,1.333
820531,1,147.0,0.3,Switch,1.0,0.0509999999999999,1.051
820531,1,148.0,0.3,Repeat,1.2,-0.068,1.132
820531,1,149.0,0.3,Repeat,1.0,-0.15,0.85
820531,1,151.0,0.3,Repeat,1.2,-0.131,1.069
820531,1,152.0,0.7,Switch,1.4,0.1060000000000001,1.506
820531,1,153.0,0.3,Switch,1.4,-0.1799999999999999,1.22
820531,1,154.0,0.7,Switch,1.2,0.2710000000000001,1.471
820531,1,155.0,0.3,Switch,1.2,-0.038,1.162
820531,1,156.0,0.3,Repeat,1.0,-0.171,0.829
820531,1,157.0,0.3,Repeat,1.4,-0.1059999999999998,1.294
820531,1,158.0,0.7,Switch,1.6,-0.141,1.459
820531,1,159.0,0.7,Repeat,1.0,0.516,1.516
820531,1,160.0,0.3,Switch,1.6,-0.2730000000000001,1.327
820531,1,161.0,0.7,Switch,1.6,0.2469999999999999,1.847
820531,1,162.0,0.7,Repeat,0.8,0.4159999999999999,1.216
820531,1,163.0,0.7,Repeat,0.8,0.324,1.124
820531,1,164.0,0.7,Repeat,0.8,0.2409999999999998,1.041
820531,1,165.0,0.7,Repeat,1.2,0.1029999999999999,1.303
820531,1,166.0,0.7,Repeat,1.0,0.4670000000000001,1.467
820531,1,167.0,0.3,Switch,1.0,0.01,1.01
820531,1,168.0,0.7,Switch,1.2,0.149,1.349
820531,1,169.0,0.3,Switch,0.8,0.1379999999999999,0.938
820531,1,170.0,0.7,Switch,1.6,-0.0910000000000001,1.509
820531,1,171.0,0.7,Repeat,1.4,0.1500000000000001,1.55
820531,1,172.0,0.3,Switch,1.2,-0.167,1.033
820531,1,173.0,0.3,Repeat,0.8,0.0469999999999999,0.847
820531,1,174.0,0.3,Repeat,1.0,0.086,1.086
820531,1,175.0,0.7,Switch,1.0,0.326,1.326
820531,1,176.0,0.7,Repeat,1.4,0.3440000000000001,1.744
820531,1,177.0,0.3,Switch,1.6,-0.377,1.223
820531,1,178.0,0.3,Repeat,0.8,-0.037,0.763
820531,1,179.0,0.3,Repeat,1.6,-0.2730000000000001,1.327
820531,1,181.0,0.7,Switch,1.4,0.0250000000000001,1.425
820531,1,182.0,0.7,Repeat,1.2,0.5130000000000001,1.713
820531,1,183.0,0.7,Repeat,1.2,0.268,1.468
820531,1,184.0,0.3,Switch,1.6,-0.4620000000000002,1.138
820531,1,185.0,0.7,Switch,1.4,-0.1029999999999999,1.297
820531,1,186.0,0.3,Switch,1.2,-0.147,1.053
820531,1,187.0,0.3,Repeat,1.4,-0.018,1.382
820531,1,188.0,0.3,Repeat,1.6,-0.1060000000000001,1.494
820531,1,189.0,0.3,Repeat,0.8,0.1379999999999999,0.938
820531,1,190.0,0.3,Repeat,1.0,0.3979999999999999,1.398
820531,1,191.0,0.7,Switch,1.6,0.24,1.84
820531,1,192.0,0.7,Repeat,1.6,0.1689999999999998,1.769
820531,1,193.0,0.7,Repeat,1.6,-0.2100000000000002,1.39
820531,1,194.0,0.7,Repeat,1.2,0.205,1.405
820531,1,195.0,0.7,Repeat,1.0,0.3029999999999999,1.303
820531,1,196.0,0.7,Repeat,1.4,0.2610000000000001,1.661
820531,1,197.0,0.3,Switch,1.4,-0.379,1.021
820531,1,198.0,0.3,Repeat,1.2,-0.0819999999999998,1.118
820531,1,199.0,0.7,Switch,1.0,0.2709999999999999,1.271
820531,1,200.0,0.7,Repeat,0.8,0.3599999999999999,1.16
820531,1,201.0,0.3,Switch,1.4,-0.0949999999999999,1.305
820531,1,203.0,0.3,Switch,0.8,-0.13,0.67
820531,1,204.0,0.7,Switch,0.8,0.492,1.292
820531,1,205.0,0.7,Repeat,1.0,0.312,1.312
820531,1,206.0,0.3,Switch,0.8,0.4519999999999999,1.252
820531,1,207.0,0.3,Repeat,1.6,-0.175,1.425
820531,1,208.0,0.3,Repeat,1.0,0.042,1.042
820531,1,209.0,0.3,Repeat,1.2,-0.05,1.15
820531,1,211.0,0.7,Repeat,1.2,0.258,1.458
820531,1,212.0,0.3,Switch,1.0,0.248,1.248
820531,1,213.0,0.3,Repeat,1.2,0.044,1.244
820531,1,214.0,0.3,Repeat,0.8,0.1119999999999999,0.912
820531,1,215.0,0.7,Switch,1.0,0.272,1.272
820531,1,216.0,0.3,Switch,1.4,-0.2689999999999999,1.131
820531,1,217.0,0.7,Switch,1.4,0.1129999999999999,1.513
820531,1,218.0,0.3,Switch,1.6,-0.496,1.104
820531,1,219.0,0.3,Repeat,1.2,0.2650000000000001,1.465
820531,1,220.0,0.3,Repeat,1.0,-0.288,0.712
820531,1,221.0,0.7,Switch,1.6,0.0459999999999998,1.646
820531,1,222.0,0.7,Repeat,1.4,-0.1219999999999998,1.278
820531,1,223.0,0.7,Repeat,1.4,0.1320000000000001,1.532
820531,1,224.0,0.3,Switch,0.8,0.3759999999999999,1.176
820531,1,225.0,0.3,Repeat,1.4,-0.1399999999999999,1.26
820531,1,226.0,0.3,Repeat,1.0,0.3269999999999999,1.327
820531,1,227.0,0.3,Repeat,1.4,-0.129,1.271
820531,1,228.0,0.7,Switch,0.8,0.25,1.05
820531,1,229.0,0.7,Repeat,0.8,0.415,1.215
820531,1,230.0,0.7,Repeat,0.8,0.4709999999999998,1.271
820531,1,231.0,0.3,Switch,1.6,-0.1009999999999999,1.499
820531,1,232.0,0.7,Switch,1.2,0.284,1.484
820531,1,233.0,0.7,Repeat,1.0,0.3289999999999999,1.329
820531,1,234.0,0.3,Switch,1.6,-0.068,1.532
820531,1,235.0,0.7,Switch,1.2,0.2099999999999999,1.41
820531,1,236.0,0.7,Repeat,1.0,0.3580000000000001,1.358
820531,1,237.0,0.3,Switch,0.8,0.0679999999999999,0.868
820531,1,238.0,0.3,Repeat,1.2,0.1400000000000001,1.34
820531,1,239.0,0.7,Switch,1.6,-0.0790000000000001,1.521
820531,1,241.0,0.3,Switch,1.4,-0.1869999999999998,1.213
820531,1,242.0,0.3,Repeat,1.6,-0.4600000000000002,1.14
820531,1,243.0,0.3,Repeat,1.0,0.2230000000000001,1.223
820531,1,244.0,0.7,Switch,1.6,-0.006,1.594
820531,1,245.0,0.7,Repeat,0.8,0.472,1.272
820531,1,246.0,0.7,Repeat,1.6,-0.0250000000000001,1.575
820531,1,247.0,0.7,Repeat,1.2,0.1240000000000001,1.324
820531,1,248.0,0.7,Repeat,0.8,0.2119999999999999,1.012
820531,1,249.0,0.7,Repeat,1.4,0.0510000000000001,1.451
820531,1,250.0,0.3,Switch,1.2,-0.026,1.174
820531,1,251.0,0.3,Repeat,0.8,0.0369999999999999,0.837
820531,1,252.0,0.7,Switch,1.4,0.3540000000000001,1.754
820531,1,253.0,0.7,Repeat,1.0,0.08,1.08
820531,1,254.0,0.3,Switch,1.4,-0.3149999999999999,1.085
820531,1,255.0,0.3,Repeat,1.2,-0.2209999999999999,0.979
820531,1,256.0,0.3,Repeat,1.2,-0.1439999999999999,1.056
820531,1,257.0,0.7,Switch,1.2,0.363,1.563
820531,1,258.0,0.7,Repeat,1.2,0.395,1.595
820531,1,259.0,0.7,Repeat,1.4,0.0610000000000001,1.461
820531,1,260.0,0.7,Repeat,1.0,0.472,1.472
820531,1,261.0,0.3,Switch,1.6,-0.3330000000000002,1.267
820531,1,262.0,0.3,Repeat,1.4,0.0150000000000001,1.415
820531,1,263.0,0.7,Switch,1.6,0.1779999999999999,1.778
820531,1,264.0,0.7,Repeat,1.0,0.3480000000000001,1.348
820531,1,265.0,0.3,Switch,0.8,0.1149999999999999,0.915
820531,1,266.0,0.3,Repeat,1.6,-0.3360000000000001,1.264
820531,1,267.0,0.3,Repeat,0.8,0.4359999999999999,1.236
820531,1,268.0,0.3,Repeat,1.0,0.104,1.104
820531,1,269.0,0.3,Repeat,1.0,0.215,1.215
828098,1,32.0,0.3,Repeat,1.2,-0.237,0.963
828098,1,33.0,0.3,Repeat,1.0,0.01,1.01
828098,1,34.0,0.3,Repeat,1.4,-0.2119999999999999,1.188
828098,1,35.0,0.7,Switch,1.6,-0.316,1.284
828098,1,36.0,0.7,Repeat,0.8,-0.037,0.763
828098,1,37.0,0.3,Switch,1.0,0.036,1.036
828098,1,38.0,0.3,Repeat,0.8,-0.079,0.721
828098,1,39.0,0.3,Repeat,1.0,-0.1169999999999999,0.883
828098,1,40.0,0.7,Switch,0.8,0.3299999999999998,1.13
828098,1,41.0,0.7,Repeat,0.8,0.137,0.937
828098,1,42.0,0.7,Repeat,1.2,0.0549999999999999,1.255
828098,1,43.0,0.3,Switch,1.6,-0.1800000000000001,1.42
828098,1,44.0,0.7,Switch,1.2,0.1160000000000001,1.316
828098,1,45.0,0.3,Switch,1.2,-0.481,0.719
828098,1,46.0,0.7,Switch,1.0,-0.1079999999999999,0.892
828098,1,47.0,0.7,Repeat,1.4,0.1080000000000001,1.508
828098,1,48.0,0.7,Repeat,1.6,-0.2890000000000001,1.311
828098,1,49.0,0.7,Repeat,1.4,-0.1859999999999999,1.214
828098,1,50.0,0.3,Switch,1.6,0.0659999999999998,1.666
828098,1,51.0,0.7,Switch,1.4,0.3540000000000001,1.754
828098,1,52.0,0.3,Switch,1.4,-0.1039999999999998,1.296
828098,1,53.0,0.3,Repeat,0.8,0.1169999999999999,0.917
828098,1,54.0,0.7,Switch,1.0,0.1339999999999999,1.134
828098,1,55.0,0.7,Repeat,1.6,0.1149999999999999,1.715
828098,1,58.0,0.3,Repeat,1.2,0.296,1.496
828098,1,59.0,0.7,Switch,1.0,0.558,1.558
828098,1,61.0,0.7,Switch,1.6,-0.221,1.379
828098,1,62.0,0.3,Switch,0.8,-0.211,0.589
828098,1,63.0,0.3,Repeat,1.0,-0.024,0.976
828098,1,64.0,0.3,Repeat,1.2,-0.175,1.025
828098,1,65.0,0.3,Repeat,1.6,0.0779999999999998,1.678
828098,1,66.0,0.3,Repeat,1.4,0.062,1.462
828098,1,67.0,0.7,Switch,1.6,0.0949999999999999,1.695
828098,1,68.0,0.7,Repeat,1.2,0.1500000000000001,1.35
828098,1,69.0,0.3,Switch,1.0,-0.131,0.869
828098,1,70.0,0.3,Repeat,1.6,-0.187,1.413
828098,1,71.0,0.7,Switch,0.8,-0.135,0.665
828098,1,72.0,0.7,Repeat,1.0,0.316,1.316
828098,1,73.0,0.3,Switch,1.2,-0.2099999999999999,0.99
828098,1,74.0,0.3,Repeat,0.8,0.3409999999999999,1.141
828098,1,75.0,0.3,Repeat,1.6,-0.177,1.423
828098,1,76.0,0.7,Switch,0.8,0.5999999999999999,1.4
828098,1,77.0,0.3,Switch,0.8,0.5209999999999999,1.321
828098,1,78.0,0.3,Repeat,1.4,0.413,1.813
828098,1,80.0,0.3,Switch,1.0,0.4610000000000001,1.461
828098,1,81.0,0.7,Switch,1.4,0.367,1.767
828098,1,82.0,0.7,Repeat,1.4,0.3600000000000001,1.76
828098,1,83.0,0.7,Repeat,1.2,0.3369999999999999,1.537
828098,1,85.0,0.7,Repeat,1.2,0.3660000000000001,1.566
828098,1,86.0,0.3,Switch,1.2,0.238,1.438
828098,1,87.0,0.7,Switch,0.8,0.298,1.098
828098,1,88.0,0.7,Repeat,1.6,-0.2020000000000001,1.398
828098,1,89.0,0.7,Repeat,1.4,-0.0129999999999999,1.387
828098,1,91.0,0.7,Switch,1.6,-0.1500000000000001,1.45
828098,1,92.0,0.3,Switch,1.0,0.0789999999999999,1.079
828098,1,93.0,0.7,Switch,1.0,0.563,1.563
828098,1,94.0,0.7,Repeat,1.2,0.1180000000000001,1.318
828098,1,96.0,0.3,Switch,1.6,-0.3050000000000001,1.295
828098,1,97.0,0.3,Repeat,0.8,0.0759999999999999,0.876
828098,1,98.0,0.3,Repeat,1.6,-0.1280000000000001,1.472
828098,1,99.0,0.7,Switch,1.2,0.0929999999999999,1.293
828098,1,100.0,0.7,Repeat,0.8,0.413,1.213
828098,1,101.0,0.3,Switch,1.0,0.1799999999999999,1.18
828098,1,102.0,0.7,Switch,1.4,0.195,1.595
828098,1,103.0,0.7,Repeat,0.8,0.4099999999999999,1.21
828098,1,104.0,0.3,Switch,1.6,0.2309999999999998,1.831
828098,1,106.0,0.7,Repeat,0.8,0.492,1.292
828098,1,107.0,0.3,Switch,1.2,0.3600000000000001,1.56
828098,1,108.0,0.7,Switch,1.4,0.08,1.48
828098,1,109.0,0.7,Repeat,1.6,0.0229999999999999,1.623
828098,1,110.0,0.3,Switch,1.4,0.175,1.575
828098,1,111.0,0.3,Repeat,1.4,-0.0759999999999998,1.324
828098,1,112.0,0.7,Switch,1.0,0.3919999999999999,1.392
828098,1,113.0,0.3,Switch,1.4,0.008,1.408
828098,1,114.0,0.7,Switch,1.4,0.4080000000000001,1.808
828098,1,115.0,0.3,Switch,1.0,-0.259,0.741
828098,1,116.0,0.7,Switch,1.6,0.1459999999999999,1.746
828098,1,117.0,0.3,Switch,0.8,-0.246,0.554
828098,1,118.0,0.3,Repeat,1.2,-0.054,1.146
828098,1,119.0,0.3,Repeat,0.8,-0.289,0.511
828098,1,121.0,0.7,Repeat,1.0,0.371,1.371
828098,1,122.0,0.3,Switch,0.8,-0.171,0.629
828098,1,124.0,0.3,Switch,1.4,-0.149,1.251
828098,1,125.0,0.7,Switch,1.0,0.5249999999999999,1.525
828098,1,126.0,0.3,Switch,0.8,-0.1050000000000001,0.695
828098,1,127.0,0.7,Switch,1.6,0.1619999999999999,1.762
828098,1,128.0,0.3,Switch,1.0,0.2290000000000001,1.229
828098,1,129.0,0.3,Repeat,1.4,-0.1559999999999999,1.244
828098,1,130.0,0.7,Switch,1.6,0.1779999999999999,1.778
828098,1,131.0,0.3,Switch,1.0,-0.0639999999999999,0.936
828098,1,132.0,0.3,Repeat,1.2,0.304,1.504
828098,1,133.0,0.7,Switch,1.4,-0.0929999999999999,1.307
828098,1,134.0,0.7,Repeat,1.4,0.383,1.783
828098,1,135.0,0.3,Switch,0.8,0.383,1.183
828098,1,136.0,0.7,Switch,0.8,0.5,1.3
828098,1,138.0,0.3,Switch,1.6,0.5379999999999998,2.138
828098,1,139.0,0.7,Switch,1.0,0.5429999999999999,1.543
828098,1,140.0,0.3,Switch,1.0,0.312,1.312
828098,1,142.0,0.3,Repeat,1.4,0.151,1.551
828098,1,143.0,0.7,Switch,1.2,0.4519999999999999,1.652
828098,1,144.0,0.3,Switch,1.6,-0.129,1.471
828098,1,145.0,0.7,Switch,1.4,0.3860000000000001,1.786
828098,1,146.0,0.7,Repeat,1.2,0.526,1.726
828098,1,147.0,0.3,Switch,1.2,0.3289999999999999,1.529
828098,1,148.0,0.7,Switch,0.8,0.591,1.391
828098,1,149.0,0.3,Switch,1.6,-0.2830000000000001,1.317
828098,1,151.0,0.3,Switch,1.6,0.0329999999999999,1.633
828098,1,152.0,0.3,Repeat,1.2,0.326,1.526
828098,1,153.0,0.3,Repeat,0.8,-0.219,0.581
828098,1,154.0,0.3,Repeat,1.4,0.1420000000000001,1.542
828098,1,155.0,0.3,Repeat,1.0,-0.2039999999999999,0.796
828098,1,156.0,0.7,Switch,1.0,0.2629999999999999,1.263
828098,1,157.0,0.3,Switch,0.8,-0.275,0.525
828098,1,158.0,0.3,Repeat,1.4,-0.246,1.154
828098,1,159.0,0.7,Switch,1.4,0.304,1.704
828098,1,161.0,0.7,Repeat,1.6,0.119,1.719
828098,1,162.0,0.7,Repeat,1.2,0.3400000000000001,1.54
828098,1,163.0,0.7,Repeat,1.0,0.502,1.502
828098,1,164.0,0.7,Repeat,1.6,0.1769999999999998,1.777
828098,1,165.0,0.3,Switch,1.2,0.3820000000000001,1.582
828098,1,166.0,0.7,Switch,1.2,0.129,1.329
828098,1,167.0,0.3,Switch,1.0,-0.129,0.871
828098,1,168.0,0.3,Repeat,1.4,-0.0299999999999998,1.37
828098,1,169.0,0.3,Repeat,1.2,-0.2649999999999999,0.935
828098,1,170.0,0.3,Repeat,0.8,0.1119999999999999,0.912
828098,1,171.0,0.3,Repeat,1.6,0.0339999999999998,1.634
828098,1,172.0,0.7,Switch,1.2,0.2850000000000001,1.485
828098,1,173.0,0.3,Switch,1.6,-0.1049999999999999,1.495
828098,1,174.0,0.7,Switch,0.8,0.1379999999999999,0.938
828098,1,175.0,0.7,Repeat,1.6,0.1689999999999998,1.769
828098,1,176.0,0.3,Switch,1.0,0.1659999999999999,1.166
828098,1,177.0,0.7,Switch,1.4,0.0550000000000001,1.455
828098,1,178.0,0.7,Repeat,1.4,-0.0339999999999998,1.366
828098,1,179.0,0.7,Repeat,1.0,0.3460000000000001,1.346
828098,1,181.0,0.3,Repeat,1.4,-0.147,1.253
828098,1,182.0,0.7,Switch,1.4,-0.0749999999999999,1.325
828098,1,183.0,0.7,Repeat,0.8,0.2789999999999999,1.079
828098,1,184.0,0.7,Repeat,1.2,-0.008,1.192
828098,1,185.0,0.3,Switch,1.0,0.125,1.125
828098,1,186.0,0.3,Repeat,0.8,-0.179,0.621
828098,1,187.0,0.7,Switch,1.4,0.3150000000000001,1.715
828098,1,188.0,0.7,Repeat,1.6,-0.484,1.116
828098,1,189.0,0.7,Repeat,1.0,0.036,1.036
828098,1,190.0,0.7,Repeat,0.8,-0.07,0.73
828098,1,191.0,0.3,Switch,1.2,-0.387,0.813
828098,1,192.0,0.3,Repeat,0.8,0.0329999999999999,0.833
828098,1,193.0,0.7,Switch,1.4,0.098,1.498
828098,1,194.0,0.3,Switch,1.0,-0.181,0.819
828098,1,195.0,0.7,Switch,0.8,0.284,1.084
828098,1,196.0,0.7,Repeat,1.2,0.133,1.333
828098,1,197.0,0.7,Repeat,1.6,-0.1129999999999999,1.487
828098,1,198.0,0.3,Switch,1.0,0.4770000000000001,1.477
828098,1,199.0,0.3,Repeat,1.6,0.0339999999999998,1.634
828098,1,200.0,0.3,Repeat,1.4,0.268,1.668
828098,1,202.0,0.3,Switch,1.2,0.508,1.708
828098,1,203.0,0.3,Repeat,0.8,0.0379999999999999,0.838
828098,1,204.0,0.7,Switch,1.6,0.351,1.951
828098,1,206.0,0.3,Switch,1.2,0.361,1.561
828098,1,207.0,0.3,Repeat,1.4,0.3780000000000001,1.778
828098,1,208.0,0.3,Repeat,1.6,0.1129999999999999,1.713
828098,1,209.0,0.7,Switch,1.2,0.5210000000000001,1.721
828098,1,211.0,0.7,Switch,1.6,0.0669999999999999,1.667
828098,1,212.0,0.7,Repeat,0.8,0.4829999999999999,1.283
828098,1,213.0,0.7,Repeat,1.2,0.3560000000000001,1.556
828098,1,214.0,0.3,Switch,1.2,-0.2979999999999999,0.902
828098,1,215.0,0.3,Repeat,1.6,-0.1280000000000001,1.472
828098,1,216.0,0.7,Switch,0.8,0.0919999999999999,0.892
828098,1,217.0,0.3,Switch,1.2,0.022,1.222
828098,1,218.0,0.7,Switch,1.0,0.0569999999999999,1.057
828098,1,219.0,0.3,Switch,1.4,-0.1689999999999998,1.231
828098,1,220.0,0.3,Repeat,1.6,-0.125,1.475
828098,1,221.0,0.7,Switch,1.6,-0.1140000000000001,1.486
828098,1,222.0,0.7,Repeat,1.0,0.4539999999999999,1.454
828098,1,223.0,0.3,Switch,1.4,-0.135,1.265
828098,1,224.0,0.3,Repeat,1.0,-0.244,0.756
828098,1,225.0,0.3,Repeat,1.4,-0.0899999999999998,1.31
828098,1,226.0,0.7,Switch,1.4,0.2310000000000001,1.631
828098,1,227.0,0.7,Repeat,1.2,0.127,1.327
828098,1,228.0,0.3,Switch,0.8,-0.158,0.642
828098,1,229.0,0.3,Repeat,1.0,-0.0999999999999999,0.9
828098,1,230.0,0.7,Switch,1.2,0.179,1.379
828098,1,231.0,0.7,Repeat,1.6,0.2009999999999998,1.801
828098,1,232.0,0.7,Repeat,1.4,0.516,1.916
828098,1,233.0,0.3,Switch,1.6,0.367,1.967
828098,1,234.0,0.7,Switch,0.8,0.0369999999999999,0.837
828098,1,235.0,0.3,Switch,0.8,0.1029999999999999,0.903
828098,1,236.0,0.7,Switch,1.0,0.55,1.55
828098,1,237.0,0.3,Switch,1.2,-0.129,1.071
828098,1,238.0,0.7,Switch,1.4,0.2790000000000001,1.679
828098,1,239.0,0.3,Switch,0.8,-0.2,0.6
828098,1,241.0,0.7,Repeat,1.2,0.5070000000000001,1.707
828098,1,242.0,0.7,Repeat,0.8,0.1459999999999999,0.946
828098,1,243.0,0.7,Repeat,1.6,-0.1120000000000001,1.488
828098,1,244.0,0.3,Switch,1.2,0.121,1.321
828098,1,245.0,0.7,Switch,1.0,0.0909999999999999,1.091
828098,1,246.0,0.7,Repeat,1.4,0.1520000000000001,1.552
828098,1,247.0,0.7,Repeat,0.8,0.563,1.363
828098,1,248.0,0.7,Repeat,0.8,0.445,1.245
828098,1,249.0,0.3,Switch,0.8,0.2489999999999999,1.049
828098,1,250.0,0.7,Switch,1.6,0.3539999999999998,1.954
828098,1,251.0,0.3,Switch,1.4,0.5680000000000001,1.968
828098,1,252.0,0.3,Repeat,1.6,-0.0330000000000001,1.567
828098,1,253.0,0.3,Repeat,1.2,0.3380000000000001,1.538
828098,1,254.0,0.3,Repeat,1.0,0.1539999999999999,1.154
828098,1,255.0,0.7,Switch,1.0,0.449,1.449
828098,1,256.0,0.3,Switch,0.8,-0.048,0.752
828098,1,257.0,0.7,Switch,1.0,0.5509999999999999,1.551
828098,1,258.0,0.3,Switch,1.0,-0.2169999999999999,0.783
828098,1,259.0,0.7,Switch,1.2,0.379,1.579
828098,1,260.0,0.3,Switch,0.8,0.417,1.217
828098,1,261.0,0.3,Repeat,1.4,-0.0879999999999998,1.312
828098,1,262.0,0.3,Repeat,1.6,-0.4220000000000001,1.178
828098,1,263.0,0.7,Switch,1.4,0.0250000000000001,1.425
828098,1,264.0,0.3,Switch,1.2,-0.255,0.945
828098,1,265.0,0.7,Switch,1.4,-0.3359999999999998,1.064
828098,1,266.0,0.3,Switch,1.0,0.195,1.195
828098,1,267.0,0.3,Repeat,1.6,0.0419999999999998,1.642
828098,1,268.0,0.3,Repeat,1.4,0.133,1.533
828098,1,269.0,0.7,Switch,1.2,0.3340000000000001,1.534
882052,1,31.0,0.3,Repeat,1.2,-0.169,1.031
882052,1,32.0,0.3,Repeat,1.2,0.399,1.599
882052,1,33.0,0.7,Switch,0.8,0.4319999999999999,1.232
882052,1,34.0,0.7,Repeat,1.6,0.131,1.731
882052,1,35.0,0.3,Switch,1.4,0.4990000000000001,1.899
882052,1,36.0,0.3,Repeat,1.6,0.3619999999999999,1.962
882052,1,38.0,0.3,Switch,1.6,0.2489999999999999,1.849
882052,1,39.0,0.7,Switch,1.0,0.449,1.449
882052,1,40.0,0.3,Switch,1.0,0.3149999999999999,1.315
882052,1,41.0,0.7,Switch,1.2,0.2650000000000001,1.465
882052,1,42.0,0.3,Switch,1.4,0.4650000000000001,1.865
882052,1,43.0,0.3,Repeat,1.4,0.532,1.932
882052,1,45.0,0.7,Switch,1.0,0.5489999999999999,1.549
882052,1,46.0,0.7,Repeat,0.8,0.399,1.199
882052,1,47.0,0.7,Repeat,1.4,0.282,1.682
882052,1,48.0,0.3,Switch,1.6,-0.084,1.516
882052,1,49.0,0.7,Switch,1.2,0.0989999999999999,1.299
882052,1,50.0,0.7,Repeat,1.4,0.3480000000000001,1.748
882052,1,51.0,0.3,Switch,0.8,0.399,1.199
882052,1,52.0,0.3,Repeat,0.8,0.565,1.365
882052,1,53.0,0.3,Repeat,1.0,0.4650000000000001,1.465
882052,1,54.0,0.7,Switch,1.4,-0.4839999999999999,0.916
882052,1,55.0,0.7,Repeat,1.0,0.3839999999999999,1.384
882052,1,56.0,0.7,Repeat,1.6,-0.2510000000000001,1.349
882052,1,57.0,0.7,Repeat,1.2,0.1979999999999999,1.398
882052,1,58.0,0.7,Repeat,1.6,0.1159999999999998,1.716
882052,1,59.0,0.3,Switch,1.0,0.2989999999999999,1.299
882052,1,62.0,0.7,Switch,0.8,0.266,1.066
882052,1,63.0,0.7,Repeat,1.2,0.2650000000000001,1.465
882052,1,64.0,0.7,Repeat,1.4,0.482,1.882
882052,1,65.0,0.7,Repeat,1.6,-0.1480000000000001,1.452
882052,1,66.0,0.7,Repeat,1.6,0.3329999999999999,1.933
882052,1,67.0,0.3,Switch,0.8,0.0979999999999999,0.898
882052,1,68.0,0.7,Switch,1.0,0.415,1.415
882052,1,69.0,0.3,Switch,1.0,0.4630000000000001,1.463
882052,1,70.0,0.3,Repeat,1.0,0.2789999999999999,1.279
882052,1,71.0,0.7,Switch,0.8,0.2669999999999999,1.067
882052,1,72.0,0.3,Switch,1.6,-0.1580000000000001,1.442
882052,1,73.0,0.3,Repeat,0.8,0.583,1.383
882052,1,74.0,0.3,Repeat,1.2,0.2750000000000001,1.475
882052,1,75.0,0.3,Repeat,1.2,0.3680000000000001,1.568
882052,1,76.0,0.3,Repeat,1.6,0.4319999999999999,2.032
882052,1,77.0,0.7,Switch,1.2,0.165,1.365
882052,1,78.0,0.7,Repeat,1.6,-0.286,1.314
882052,1,79.0,0.3,Switch,0.8,0.1819999999999999,0.982
882052,1,80.0,0.3,Repeat,1.4,0.1149999999999999,1.515
882052,1,81.0,0.7,Switch,1.0,0.3600000000000001,1.36
882052,1,82.0,0.7,Repeat,1.0,0.161,1.161
882052,1,83.0,0.3,Switch,1.4,0.447,1.847
882052,1,84.0,0.3,Repeat,1.2,0.365,1.565
882052,1,85.0,0.7,Switch,1.4,0.1960000000000001,1.596
882052,1,86.0,0.7,Repeat,1.4,0.0070000000000001,1.407
882052,1,87.0,0.3,Switch,1.6,-0.0850000000000001,1.515
882052,1,88.0,0.7,Switch,0.8,0.288,1.088
882052,1,89.0,0.3,Switch,1.4,-0.4169999999999999,0.983
882052,1,91.0,0.7,Repeat,1.4,0.302,1.702
882052,1,92.0,0.3,Switch,1.0,0.4319999999999999,1.432
882052,1,95.0,0.3,Switch,0.8,0.0349999999999999,0.835
882052,1,96.0,0.7,Switch,1.2,-0.0839999999999998,1.116
882052,1,97.0,0.3,Switch,0.8,-0.033,0.767
882052,1,98.0,0.7,Switch,1.4,0.3,1.7
882052,1,99.0,0.3,Switch,1.0,0.1659999999999999,1.166
882052,1,100.0,0.7,Switch,1.0,0.133,1.133
882052,1,102.0,0.7,Switch,0.8,0.2329999999999998,1.033
882052,1,103.0,0.3,Switch,1.6,-0.0850000000000001,1.515
882052,1,104.0,0.3,Repeat,1.2,-0.0849999999999999,1.115
882052,1,105.0,0.7,Switch,1.0,0.0489999999999999,1.049
882052,1,107.0,0.7,Switch,0.8,0.2329999999999998,1.033
882052,1,108.0,0.3,Switch,1.4,-0.0839999999999998,1.316
882052,1,109.0,0.3,Repeat,1.2,-0.583,0.617
882052,1,110.0,0.3,Repeat,0.8,0.3329999999999999,1.133
882052,1,111.0,0.3,Repeat,1.4,-0.0839999999999998,1.316
882052,1,112.0,0.3,Repeat,1.6,-0.2350000000000001,1.365
882052,1,113.0,0.7,Switch,0.8,-0.151,0.649
882052,1,114.0,0.7,Repeat,1.6,-0.052,1.548
882052,1,115.0,0.3,Switch,1.2,-0.1839999999999999,1.016
882052,1,116.0,0.7,Switch,1.6,-0.0850000000000001,1.515
882052,1,117.0,0.3,Switch,1.0,0.0309999999999999,1.031
882052,1,118.0,0.7,Switch,1.2,-0.2839999999999999,0.916
882052,1,119.0,0.7,Repeat,1.4,-0.1849999999999998,1.215
882052,1,121.0,0.3,Switch,0.8,-0.367,0.433
882052,1,122.0,0.3,Repeat,1.0,-0.3179999999999999,0.682
882052,1,123.0,0.3,Repeat,1.2,-0.5,0.7
882052,1,124.0,0.7,Switch,1.4,-0.0509999999999999,1.349
882052,1,125.0,0.7,Repeat,1.2,0.0829999999999999,1.283
882052,1,126.0,0.7,Repeat,1.6,-0.167,1.433
882052,1,127.0,0.3,Switch,1.6,0.0649999999999999,1.665
882052,1,128.0,0.7,Switch,0.8,0.1989999999999999,0.999
882052,1,129.0,0.7,Repeat,1.4,0.0650000000000001,1.465
882052,1,130.0,0.7,Repeat,1.6,-0.1340000000000001,1.466
882052,1,131.0,0.3,Switch,1.6,-0.068,1.532
882052,1,132.0,0.3,Repeat,0.8,0.2329999999999998,1.033
882052,1,133.0,0.7,Switch,1.0,-0.018,0.982
882052,1,134.0,0.3,Switch,0.8,0.1999999999999999,1.0
882052,1,135.0,0.7,Switch,0.8,0.4159999999999999,1.216
882052,1,136.0,0.7,Repeat,1.0,0.3320000000000001,1.332
882052,1,137.0,0.3,Switch,1.0,-0.0669999999999999,0.933
882052,1,138.0,0.3,Repeat,1.4,0.215,1.615
882052,1,139.0,0.7,Switch,1.2,0.032,1.232
882052,1,140.0,0.3,Switch,1.4,0.1980000000000001,1.598
882052,1,141.0,0.7,Switch,0.8,-0.1169999999999999,0.683
882052,1,142.0,0.3,Switch,1.2,-0.1659999999999999,1.034
882052,1,143.0,0.3,Repeat,1.0,0.133,1.133
882052,1,144.0,0.7,Switch,1.4,-0.1509999999999998,1.249
882052,1,145.0,0.7,Repeat,1.0,-0.534,0.466
882052,1,146.0,0.3,Switch,1.6,-0.534,1.066
882052,1,147.0,0.3,Repeat,1.4,-0.4339999999999999,0.966
882052,1,148.0,0.3,Repeat,1.2,0.365,1.565
882052,1,149.0,0.7,Switch,1.2,0.0829999999999999,1.283
882052,1,151.0,0.7,Repeat,1.0,0.066,1.066
882052,1,152.0,0.3,Switch,1.2,-0.2179999999999999,0.982
882052,1,153.0,0.7,Switch,1.2,0.2650000000000001,1.465
882052,1,154.0,0.7,Repeat,0.8,0.314,1.114
882052,1,155.0,0.3,Switch,1.0,0.0489999999999999,1.049
882052,1,156.0,0.3,Repeat,1.4,0.0170000000000001,1.417
882052,1,157.0,0.7,Switch,1.2,0.316,1.516
882052,1,158.0,0.7,Repeat,1.0,0.066,1.066
882052,1,159.0,0.3,Switch,1.2,0.1,1.3
882052,1,160.0,0.7,Switch,1.2,0.032,1.232
882052,1,161.0,0.7,Repeat,1.6,-0.25,1.35
882052,1,162.0,0.7,Repeat,1.6,-0.167,1.433
882052,1,163.0,0.3,Switch,0.8,0.1159999999999999,0.916
882052,1,164.0,0.7,Switch,1.0,0.2330000000000001,1.233
882052,1,165.0,0.3,Switch,1.6,-0.068,1.532
882052,1,166.0,0.3,Repeat,1.0,0.098,1.098
882052,1,167.0,0.3,Repeat,0.8,0.1489999999999999,0.949
882052,1,168.0,0.3,Repeat,0.8,0.516,1.316
882052,1,169.0,0.3,Repeat,1.0,0.248,1.248
882052,1,170.0,0.7,Switch,0.8,0.2829999999999999,1.083
882052,1,171.0,0.7,Repeat,1.4,0.0850000000000001,1.485
882052,1,172.0,0.3,Switch,1.6,0.1969999999999998,1.797
882052,1,173.0,0.3,Repeat,1.2,0.064,1.264
882052,1,174.0,0.7,Switch,0.8,0.248,1.048
882052,1,175.0,0.3,Switch,1.4,-0.0009999999999998,1.399
882052,1,176.0,0.3,Repeat,1.4,0.3130000000000001,1.713
882052,1,177.0,0.3,Repeat,1.6,-0.022,1.578
882052,1,178.0,0.7,Switch,1.6,0.1969999999999998,1.797
882052,1,179.0,0.7,Repeat,1.4,0.3440000000000001,1.744
882052,1,181.0,0.7,Switch,1.2,-0.366,0.834
882052,1,182.0,0.7,Repeat,1.0,-0.268,0.732
882052,1,183.0,0.3,Switch,1.4,-0.4349999999999999,0.965
882052,1,184.0,0.7,Switch,1.6,-0.5510000000000002,1.049
882052,1,185.0,0.3,Switch,1.0,-0.0839999999999999,0.916
882052,1,186.0,0.7,Switch,1.4,0.264,1.664
882052,1,187.0,0.3,Switch,1.6,0.3519999999999998,1.952
882052,1,188.0,0.7,Switch,0.8,0.4099999999999999,1.21
882052,1,189.0,0.7,Repeat,1.2,0.2319999999999999,1.432
882052,1,190.0,0.7,Repeat,0.8,0.4499999999999999,1.25
882052,1,191.0,0.3,Switch,1.2,0.046,1.246
882052,1,192.0,0.7,Switch,1.2,0.211,1.411
882052,1,193.0,0.7,Repeat,1.0,0.3660000000000001,1.366
882052,1,194.0,0.3,Switch,0.8,0.365,1.165
882052,1,195.0,0.7,Switch,1.0,-0.053,0.947
882052,1,196.0,0.3,Switch,0.8,-0.27,0.53
882052,1,197.0,0.3,Repeat,0.8,-0.2370000000000001,0.563
882052,1,198.0,0.3,Repeat,1.0,-0.273,0.727
882052,1,199.0,0.3,Repeat,1.0,-0.149,0.851
882052,1,200.0,0.3,Repeat,1.4,-0.4089999999999999,0.991
882052,1,201.0,0.3,Repeat,1.6,-0.1700000000000001,1.43
882052,1,202.0,0.7,Switch,1.6,-0.0510000000000001,1.549
882052,1,203.0,0.7,Repeat,0.8,0.0299999999999999,0.83
882052,1,204.0,0.7,Repeat,1.6,-0.266,1.334
882052,1,205.0,0.7,Repeat,1.4,-0.0559999999999998,1.344
882052,1,206.0,0.3,Switch,1.2,0.0310000000000001,1.231
882052,1,207.0,0.7,Switch,1.4,0.4080000000000001,1.808
882052,1,211.0,0.7,Repeat,0.8,-0.5820000000000001,0.218
882052,1,213.0,0.7,Switch,1.2,-0.567,0.633
882052,1,215.0,0.7,Switch,1.0,-0.391,0.609
882052,1,216.0,0.3,Switch,1.2,-0.385,0.815
882052,1,217.0,0.3,Repeat,0.8,-0.181,0.619
882052,1,219.0,0.7,Repeat,0.8,0.2489999999999999,1.049
882052,1,220.0,0.3,Switch,1.4,-0.1339999999999999,1.266
882052,1,221.0,0.7,Switch,1.2,0.167,1.367
882052,1,222.0,0.3,Switch,1.0,-0.119,0.881
882052,1,223.0,0.3,Repeat,1.4,-0.4159999999999999,0.984
882052,1,224.0,0.7,Switch,1.6,-0.3110000000000001,1.289
882052,1,225.0,0.7,Repeat,1.6,-0.351,1.249
882052,1,226.0,0.3,Switch,1.2,0.2290000000000001,1.429
882052,1,227.0,0.7,Switch,1.0,0.123,1.123
882052,1,228.0,0.7,Repeat,1.4,0.032,1.432
882052,1,229.0,0.7,Repeat,1.2,0.163,1.363
882052,1,230.0,0.7,Repeat,1.4,-0.1319999999999999,1.268
882052,1,231.0,0.3,Switch,1.6,0.355,1.955
882052,1,232.0,0.7,Switch,1.4,-0.4409999999999999,0.959
882052,1,233.0,0.3,Switch,1.4,-0.4529999999999999,0.947
882052,1,234.0,0.7,Switch,1.0,-0.1969999999999999,0.803
882052,1,235.0,0.3,Switch,1.0,-0.273,0.727
882052,1,236.0,0.3,Repeat,1.6,-0.2890000000000001,1.311
882052,1,237.0,0.3,Repeat,1.6,-0.4000000000000001,1.2
882052,1,238.0,0.3,Repeat,0.8,0.0499999999999999,0.85
882052,1,239.0,0.3,Repeat,0.8,0.0669999999999999,0.867
882052,1,241.0,0.3,Repeat,1.2,-0.567,0.633
882052,1,246.0,0.3,Switch,1.0,-0.167,0.833
882052,1,247.0,0.3,Repeat,0.8,0.1119999999999999,0.912
882052,1,248.0,0.7,Switch,0.8,0.0469999999999999,0.847
882052,1,249.0,0.3,Switch,0.8,-0.201,0.599
882052,1,250.0,0.7,Switch,1.2,-0.151,1.049
882052,1,251.0,0.7,Repeat,0.8,-0.383,0.417
882052,1,252.0,0.7,Repeat,1.0,-0.4,0.6
882052,1,253.0,0.7,Repeat,0.8,-0.002,0.798
882052,1,254.0,0.7,Repeat,1.4,-0.4849999999999999,0.915
882052,1,255.0,0.7,Repeat,1.6,-0.5670000000000002,1.033
882052,1,256.0,0.7,Repeat,1.0,0.1009999999999999,1.101
882052,1,257.0,0.3,Switch,1.2,-0.3029999999999999,0.897
882052,1,258.0,0.7,Switch,1.4,-0.3209999999999999,1.079
882052,1,259.0,0.7,Repeat,1.0,-0.3429999999999999,0.657
882052,1,260.0,0.3,Switch,1.0,-0.312,0.688
882052,1,261.0,0.7,Switch,1.2,-0.3099999999999999,0.89
882052,1,265.0,0.3,Repeat,1.6,-0.419,1.181
882052,1,266.0,0.3,Repeat,1.4,-0.1539999999999999,1.246
882052,1,267.0,0.3,Repeat,0.8,-0.019,0.781
882052,1,268.0,0.3,Repeat,1.0,-0.0679999999999999,0.932
897347,1,31.0,0.7,Repeat,1.6,0.0029999999999998,1.603
897347,1,32.0,0.3,Switch,0.8,0.0219999999999999,0.822
897347,1,33.0,0.3,Repeat,1.4,-0.004,1.396
897347,1,34.0,0.3,Repeat,1.0,-0.2099999999999999,0.79
897347,1,35.0,0.7,Switch,1.0,0.151,1.151
897347,1,36.0,0.3,Switch,1.6,-0.3450000000000002,1.255
897347,1,37.0,0.7,Switch,0.8,0.0189999999999999,0.819
897347,1,38.0,0.3,Switch,1.0,-0.008,0.992
897347,1,39.0,0.7,Switch,1.2,0.1759999999999999,1.376
897347,1,40.0,0.3,Switch,1.0,0.0229999999999999,1.023
897347,1,41.0,0.7,Switch,1.6,-0.056,1.544
897347,1,42.0,0.3,Switch,1.2,0.31,1.51
897347,1,43.0,0.3,Repeat,1.6,-0.3980000000000001,1.202
897347,1,44.0,0.3,Repeat,0.8,0.2159999999999999,1.016
897347,1,45.0,0.7,Switch,1.4,-0.0349999999999999,1.365
897347,1,46.0,0.7,Repeat,1.4,0.3480000000000001,1.748
897347,1,47.0,0.3,Switch,1.6,0.2179999999999999,1.818
897347,1,48.0,0.3,Repeat,1.2,0.437,1.637
897347,1,49.0,0.3,Repeat,1.2,0.1320000000000001,1.332
897347,1,50.0,0.7,Switch,1.0,0.3189999999999999,1.319
897347,1,51.0,0.3,Switch,1.4,0.0230000000000001,1.423
897347,1,52.0,0.7,Switch,1.2,0.3480000000000001,1.548
897347,1,53.0,0.7,Repeat,0.8,0.47,1.27
897347,1,54.0,0.7,Repeat,1.0,0.526,1.526
897347,1,55.0,0.3,Switch,0.8,-0.373,0.427
897347,1,56.0,0.7,Switch,1.4,0.4040000000000001,1.804
897347,1,57.0,0.7,Repeat,1.2,0.324,1.524
897347,1,58.0,0.3,Switch,1.4,0.0270000000000001,1.427
897347,1,59.0,0.7,Switch,0.8,0.4059999999999999,1.206
897347,1,61.0,0.7,Repeat,1.2,0.171,1.371
897347,1,62.0,0.7,Repeat,1.6,0.4079999999999999,2.008
897347,1,63.0,0.3,Switch,1.0,0.1719999999999999,1.172
897347,1,64.0,0.7,Switch,1.4,0.532,1.932
897347,1,65.0,0.7,Repeat,1.2,0.472,1.672
897347,1,66.0,0.3,Switch,1.4,0.538,1.938
897347,1,67.0,0.7,Switch,0.8,0.393,1.193
897347,1,68.0,0.3,Switch,1.2,0.135,1.335
897347,1,69.0,0.3,Repeat,1.4,0.151,1.551
897347,1,70.0,0.7,Switch,1.6,0.262,1.862
897347,1,71.0,0.3,Switch,1.4,0.4380000000000001,1.838
897347,1,72.0,0.7,Switch,1.0,0.49,1.49
897347,1,74.0,0.3,Switch,1.2,0.131,1.331
897347,1,75.0,0.3,Repeat,1.6,0.1019999999999998,1.702
897347,1,76.0,0.3,Repeat,1.0,0.2569999999999999,1.257
897347,1,77.0,0.7,Switch,1.4,0.3030000000000001,1.703
897347,1,78.0,0.3,Switch,0.8,0.1089999999999999,0.909
897347,1,79.0,0.3,Repeat,0.8,-0.04,0.76
897347,1,80.0,0.3,Repeat,1.0,0.221,1.221
897347,1,81.0,0.3,Repeat,1.2,0.0430000000000001,1.243
897347,1,82.0,0.7,Switch,1.2,0.2430000000000001,1.443
897347,1,83.0,0.3,Switch,0.8,0.0359999999999999,0.836
897347,1,84.0,0.7,Switch,1.6,0.581,2.181
897347,1,85.0,0.7,Repeat,1.0,0.3540000000000001,1.354
897347,1,86.0,0.3,Switch,1.6,0.397,1.997
897347,1,87.0,0.7,Switch,1.4,0.544,1.944
897347,1,88.0,0.7,Repeat,1.0,0.1080000000000001,1.108
897347,1,89.0,0.3,Switch,1.6,0.399,1.999
897347,1,91.0,0.7,Switch,1.2,0.2219999999999999,1.422
897347,1,92.0,0.7,Repeat,1.6,0.3409999999999999,1.941
897347,1,93.0,0.7,Repeat,0.8,0.284,1.084
897347,1,94.0,0.3,Switch,1.2,0.159,1.359
897347,1,95.0,0.7,Switch,0.8,0.0719999999999999,0.872
897347,1,96.0,0.3,Switch,1.2,0.038,1.238
897347,1,97.0,0.3,Repeat,1.0,0.411,1.411
897347,1,98.0,0.7,Switch,1.2,0.0290000000000001,1.229
897347,1,99.0,0.7,Repeat,1.6,0.2409999999999998,1.841
897347,1,100.0,0.7,Repeat,1.0,0.046,1.046
897347,1,101.0,0.3,Switch,0.8,0.1119999999999999,0.912
897347,1,102.0,0.7,Switch,1.4,0.518,1.918
897347,1,103.0,0.3,Switch,1.4,-0.1519999999999999,1.248
897347,1,104.0,0.3,Repeat,1.0,0.1279999999999999,1.128
897347,1,105.0,0.3,Repeat,1.6,-0.0610000000000001,1.539
897347,1,106.0,0.7,Switch,1.0,0.145,1.145
897347,1,107.0,0.7,Repeat,1.4,0.209,1.609
897347,1,108.0,0.3,Switch,1.4,0.211,1.611
897347,1,109.0,0.7,Switch,1.4,0.3660000000000001,1.766
897347,1,110.0,0.3,Switch,1.6,0.1809999999999998,1.781
897347,1,111.0,0.7,Switch,1.6,0.256,1.856
897347,1,112.0,0.3,Switch,1.4,0.133,1.533
897347,1,113.0,0.3,Repeat,1.0,0.094,1.094
897347,1,114.0,0.3,Repeat,0.8,0.1089999999999999,0.909
897347,1,115.0,0.7,Switch,1.0,0.0389999999999999,1.039
897347,1,116.0,0.7,Repeat,0.8,0.599,1.399
897347,1,118.0,0.3,Switch,1.6,0.2349999999999998,1.835
897347,1,119.0,0.3,Repeat,1.2,0.1109999999999999,1.311
897347,1,121.0,0.7,Repeat,1.4,0.266,1.666
897347,1,122.0,0.7,Repeat,1.0,0.288,1.288
897347,1,123.0,0.3,Switch,1.6,-0.0750000000000001,1.525
897347,1,124.0,0.3,Repeat,1.4,0.357,1.757
897347,1,125.0,0.3,Repeat,0.8,0.125,0.925
897347,1,126.0,0.3,Repeat,1.6,-0.4420000000000001,1.158
897347,1,127.0,0.3,Repeat,1.2,0.0629999999999999,1.263
897347,1,128.0,0.7,Switch,1.2,0.102,1.302
897347,1,129.0,0.7,Repeat,1.4,-0.0459999999999998,1.354
897347,1,130.0,0.3,Switch,1.0,0.2279999999999999,1.228
897347,1,131.0,0.3,Repeat,1.0,0.3389999999999999,1.339
897347,1,132.0,0.3,Repeat,0.8,0.375,1.175
897347,1,133.0,0.7,Switch,1.0,0.3429999999999999,1.343
897347,1,134.0,0.3,Switch,1.6,-0.2240000000000002,1.376
897347,1,135.0,0.7,Switch,1.6,-0.0650000000000001,1.535
897347,1,136.0,0.7,Repeat,0.8,0.411,1.211
897347,1,137.0,0.7,Repeat,1.6,0.018,1.618
897347,1,138.0,0.3,Switch,1.4,0.3090000000000001,1.709
897347,1,140.0,0.7,Repeat,1.6,0.25,1.85
897347,1,141.0,0.7,Repeat,1.2,0.3920000000000001,1.592
897347,1,142.0,0.3,Switch,1.0,0.0729999999999999,1.073
897347,1,144.0,0.7,Repeat,1.0,0.4870000000000001,1.487
897347,1,145.0,0.3,Switch,1.2,0.0250000000000001,1.225
897347,1,146.0,0.3,Repeat,1.2,0.163,1.363
897347,1,147.0,0.3,Repeat,0.8,0.246,1.046
897347,1,148.0,0.3,Repeat,1.4,0.3620000000000001,1.762
897347,1,149.0,0.7,Switch,1.4,0.088,1.488
897347,1,151.0,0.7,Switch,0.8,0.1809999999999999,0.981
897347,1,152.0,0.3,Switch,1.0,0.1089999999999999,1.109
897347,1,153.0,0.7,Switch,1.2,0.119,1.319
897347,1,154.0,0.3,Switch,1.0,0.3999999999999999,1.4
897347,1,155.0,0.7,Switch,1.6,-0.092,1.508
897347,1,156.0,0.3,Switch,0.8,0.296,1.096
897347,1,157.0,0.7,Switch,1.2,0.282,1.482
897347,1,158.0,0.3,Switch,1.2,0.0949999999999999,1.295
897347,1,159.0,0.7,Switch,0.8,0.31,1.11
897347,1,160.0,0.7,Repeat,0.8,0.1759999999999999,0.976
897347,1,161.0,0.3,Switch,1.4,-0.1889999999999998,1.211
897347,1,162.0,0.3,Repeat,1.4,-0.1829999999999998,1.217
897347,1,163.0,0.3,Repeat,0.8,0.2209999999999998,1.021
897347,1,164.0,0.7,Switch,1.2,0.1100000000000001,1.31
897347,1,165.0,0.7,Repeat,1.0,0.0429999999999999,1.043
897347,1,166.0,0.3,Switch,1.2,0.1300000000000001,1.33
897347,1,167.0,0.3,Repeat,1.2,0.0230000000000001,1.223
897347,1,168.0,0.7,Switch,1.0,0.0729999999999999,1.073
897347,1,169.0,0.3,Switch,1.6,-0.401,1.199
897347,1,170.0,0.3,Repeat,0.8,0.2249999999999998,1.025
897347,1,171.0,0.7,Switch,1.4,0.072,1.472
897347,1,172.0,0.7,Repeat,1.4,-0.0749999999999999,1.325
897347,1,173.0,0.7,Repeat,1.4,-0.0889999999999999,1.311
897347,1,174.0,0.7,Repeat,1.0,0.284,1.284
897347,1,175.0,0.3,Switch,1.0,0.423,1.423
897347,1,176.0,0.7,Switch,1.6,-0.1520000000000001,1.448
897347,1,177.0,0.7,Repeat,1.6,0.1639999999999999,1.764
897347,1,178.0,0.3,Switch,1.4,-0.2849999999999999,1.115
897347,1,179.0,0.3,Repeat,1.6,-0.2890000000000001,1.311
897347,1,181.0,0.3,Repeat,1.6,-0.1520000000000001,1.448
897347,1,182.0,0.3,Repeat,0.8,0.2259999999999999,1.026
897347,1,183.0,0.7,Switch,1.0,0.1299999999999999,1.13
897347,1,184.0,0.3,Switch,1.2,-0.0839999999999998,1.116
897347,1,185.0,0.3,Repeat,1.2,0.0789999999999999,1.279
897347,1,186.0,0.7,Switch,1.6,-0.326,1.274
897347,1,187.0,0.7,Repeat,1.0,0.2470000000000001,1.247
897347,1,188.0,0.3,Switch,0.8,0.254,1.054
897347,1,189.0,0.7,Switch,1.4,0.0750000000000001,1.475
897347,1,190.0,0.7,Repeat,1.6,-0.1980000000000001,1.402
897347,1,191.0,0.7,Repeat,0.8,0.1659999999999999,0.966
897347,1,192.0,0.7,Repeat,1.2,-0.0669999999999999,1.133
897347,1,193.0,0.7,Repeat,1.2,-0.1089999999999999,1.091
897347,1,194.0,0.7,Repeat,0.8,0.482,1.282
897347,1,195.0,0.7,Repeat,0.8,0.0679999999999999,0.868
897347,1,196.0,0.7,Repeat,1.6,-0.032,1.568
897347,1,197.0,0.3,Switch,1.4,-0.1519999999999999,1.248
897347,1,198.0,0.7,Switch,1.0,0.086,1.086
897347,1,199.0,0.3,Switch,1.0,0.086,1.086
897347,1,200.0,0.3,Repeat,1.6,-0.3580000000000001,1.242
897347,1,201.0,0.7,Switch,1.2,0.0649999999999999,1.265
897347,1,202.0,0.3,Switch,1.0,0.3069999999999999,1.307
897347,1,203.0,0.3,Repeat,1.0,0.4199999999999999,1.42
897347,1,204.0,0.3,Repeat,1.4,-0.0399999999999998,1.36
897347,1,205.0,0.3,Repeat,1.2,0.1009999999999999,1.301
897347,1,206.0,0.3,Repeat,1.6,-0.3170000000000001,1.283
897347,1,207.0,0.7,Switch,1.4,-0.1319999999999999,1.268
897347,1,208.0,0.3,Switch,1.4,-0.0819999999999998,1.318
897347,1,209.0,0.7,Switch,1.4,-0.2109999999999998,1.189
897347,1,211.0,0.3,Switch,0.8,0.0969999999999999,0.897
897347,1,212.0,0.7,Switch,1.4,-0.149,1.251
897347,1,213.0,0.3,Switch,1.4,-0.4469999999999999,0.953
897347,1,214.0,0.7,Switch,1.2,-0.0589999999999999,1.141
897347,1,215.0,0.7,Repeat,1.4,-0.121,1.279
897347,1,216.0,0.3,Switch,0.8,0.252,1.052
897347,1,217.0,0.7,Switch,1.6,-0.1120000000000001,1.488
897347,1,218.0,0.3,Switch,1.6,-0.4120000000000001,1.188
897347,1,219.0,0.7,Switch,0.8,0.3009999999999999,1.101
897347,1,220.0,0.3,Switch,0.8,0.0729999999999999,0.873
897347,1,221.0,0.7,Switch,1.0,0.2450000000000001,1.245
897347,1,222.0,0.7,Repeat,1.4,-0.3329999999999999,1.067
897347,1,223.0,0.7,Repeat,0.8,0.1569999999999999,0.957
897347,1,224.0,0.3,Switch,1.2,-0.002,1.198
897347,1,225.0,0.3,Repeat,1.0,-0.048,0.952
897347,1,226.0,0.3,Repeat,1.0,-0.037,0.963
897347,1,227.0,0.7,Switch,1.2,-0.062,1.138
897347,1,228.0,0.7,Repeat,1.6,-0.1240000000000001,1.476
897347,1,229.0,0.7,Repeat,1.2,0.3189999999999999,1.519
897347,1,230.0,0.7,Repeat,0.8,0.1739999999999999,0.974
897347,1,231.0,0.3,Switch,1.0,-0.01,0.99
897347,1,232.0,0.3,Repeat,1.6,-0.3190000000000002,1.281
897347,1,233.0,0.7,Switch,1.6,-0.3470000000000002,1.253
897347,1,234.0,0.3,Switch,1.6,-0.379,1.221
897347,1,235.0,0.3,Repeat,1.2,0.0569999999999999,1.257
897347,1,236.0,0.3,Repeat,1.2,-0.026,1.174
897347,1,237.0,0.3,Repeat,1.4,-0.0849999999999999,1.315
897347,1,238.0,0.3,Repeat,1.4,-0.1739999999999999,1.226
897347,1,239.0,0.7,Switch,1.0,0.1359999999999999,1.136
897347,1,241.0,0.3,Repeat,1.0,0.0,1.0
897347,1,242.0,0.7,Switch,1.4,-0.0399999999999998,1.36
897347,1,243.0,0.3,Switch,1.6,-0.094,1.506
897347,1,244.0,0.3,Repeat,1.6,-0.528,1.072
897347,1,245.0,0.7,Switch,1.0,0.1100000000000001,1.11
897347,1,246.0,0.3,Switch,0.8,0.1699999999999999,0.97
897347,1,247.0,0.3,Repeat,1.0,0.129,1.129
897347,1,248.0,0.3,Repeat,0.8,0.1879999999999999,0.988
897347,1,249.0,0.7,Switch,1.2,0.0609999999999999,1.261
897347,1,250.0,0.7,Repeat,1.6,0.1079999999999998,1.708
897347,1,251.0,0.7,Repeat,1.4,0.098,1.498
897347,1,252.0,0.7,Repeat,0.8,0.3599999999999999,1.16
897347,1,253.0,0.3,Switch,1.2,0.0929999999999999,1.293
897347,1,254.0,0.3,Repeat,1.4,-0.1919999999999999,1.208
897347,1,255.0,0.3,Repeat,0.8,-0.058,0.742
897347,1,256.0,0.7,Switch,0.8,0.119,0.919
897347,1,257.0,0.3,Switch,1.4,-0.2409999999999998,1.159
897347,1,258.0,0.7,Switch,1.0,0.1899999999999999,1.19
897347,1,259.0,0.7,Repeat,0.8,0.1969999999999999,0.997
897347,1,260.0,0.7,Repeat,1.6,-0.125,1.475
897347,1,261.0,0.3,Switch,1.0,0.185,1.185
897347,1,262.0,0.7,Switch,1.6,-0.1640000000000001,1.436
897347,1,263.0,0.3,Switch,1.2,0.349,1.549
897347,1,264.0,0.7,Switch,1.2,0.25,1.45
897347,1,265.0,0.7,Repeat,1.4,0.0090000000000001,1.409
897347,1,266.0,0.7,Repeat,1.0,0.2410000000000001,1.241
897347,1,267.0,0.3,Switch,1.4,-0.2969999999999999,1.103
897347,1,268.0,0.3,Repeat,1.2,0.26,1.46
897347,1,269.0,0.7,Switch,1.2,0.2239999999999999,1.424
919598,1,31.0,0.3,Switch,0.8,0.1649999999999999,0.965
919598,1,32.0,0.7,Switch,1.2,-0.02,1.18
919598,1,33.0,0.7,Repeat,0.8,0.1529999999999999,0.953
919598,1,34.0,0.7,Repeat,1.4,-0.2199999999999999,1.18
919598,1,35.0,0.7,Repeat,1.6,-0.086,1.514
919598,1,36.0,0.7,Repeat,1.6,-0.1340000000000001,1.466
919598,1,37.0,0.3,Switch,0.8,0.0749999999999999,0.875
919598,1,38.0,0.3,Repeat,1.0,-0.236,0.764
919598,1,39.0,0.3,Repeat,1.2,-0.1169999999999999,1.083
919598,1,40.0,0.3,Repeat,1.2,-0.1439999999999999,1.056
919598,1,41.0,0.7,Switch,1.2,-0.0609999999999999,1.139
919598,1,42.0,0.3,Switch,1.0,0.0209999999999999,1.021
919598,1,43.0,0.3,Repeat,1.4,-0.1499999999999999,1.25
919598,1,44.0,0.7,Switch,1.0,-0.1929999999999999,0.807
919598,1,45.0,0.3,Switch,1.2,-0.068,1.132
919598,1,46.0,0.7,Switch,1.6,-0.1140000000000001,1.486
919598,1,47.0,0.7,Repeat,0.8,-0.043,0.757
919598,1,48.0,0.3,Switch,1.6,-0.0870000000000001,1.513
919598,1,49.0,0.3,Repeat,1.4,-0.3239999999999998,1.076
919598,1,50.0,0.7,Switch,0.8,0.0599999999999999,0.86
919598,1,51.0,0.7,Repeat,1.2,-0.1459999999999999,1.054
919598,1,52.0,0.7,Repeat,1.0,-0.049,0.951
919598,1,53.0,0.3,Switch,1.6,-0.135,1.465
919598,1,54.0,0.7,Switch,1.4,-0.2839999999999998,1.116
919598,1,55.0,0.3,Switch,1.0,-0.014,0.986
919598,1,56.0,0.3,Repeat,1.6,-0.365,1.235
919598,1,57.0,0.7,Switch,1.0,0.026,1.026
919598,1,58.0,0.3,Switch,1.4,0.0510000000000001,1.451
919598,1,59.0,0.3,Repeat,0.8,0.123,0.923
919598,1,61.0,0.7,Repeat,1.0,-0.0899999999999999,0.91
919598,1,62.0,0.3,Switch,0.8,-0.002,0.798
919598,1,63.0,0.3,Repeat,1.0,-0.0909999999999999,0.909
919598,1,64.0,0.7,Switch,1.4,-0.4279999999999999,0.972
919598,1,65.0,0.3,Switch,1.0,-0.181,0.819
919598,1,66.0,0.3,Repeat,1.4,-0.4909999999999999,0.909
919598,1,67.0,0.3,Repeat,1.6,-0.191,1.409
919598,1,68.0,0.3,Repeat,1.0,-0.007,0.993
919598,1,69.0,0.7,Switch,0.8,-0.196,0.604
919598,1,70.0,0.3,Switch,1.4,-0.4209999999999999,0.979
919598,1,71.0,0.7,Switch,0.8,-0.182,0.618
919598,1,72.0,0.3,Switch,1.4,-0.0949999999999999,1.305
919598,1,73.0,0.3,Repeat,1.6,-0.08,1.52
919598,1,74.0,0.7,Switch,1.2,-0.193,1.007
919598,1,75.0,0.7,Repeat,1.6,-0.094,1.506
919598,1,76.0,0.3,Switch,1.6,-0.5030000000000001,1.097
919598,1,77.0,0.3,Repeat,0.8,0.1089999999999999,0.909
919598,1,78.0,0.3,Repeat,0.8,0.005,0.805
919598,1,79.0,0.7,Switch,1.2,-0.1169999999999999,1.083
919598,1,80.0,0.7,Repeat,1.0,-0.312,0.688
919598,1,81.0,0.3,Switch,1.2,-0.1519999999999999,1.048
919598,1,82.0,0.3,Repeat,1.2,-0.131,1.069
919598,1,83.0,0.7,Switch,1.6,-0.1560000000000001,1.444
919598,1,84.0,0.7,Repeat,1.2,-0.1659999999999999,1.034
919598,1,85.0,0.7,Repeat,1.4,-0.0049999999999998,1.395
919598,1,86.0,0.7,Repeat,1.4,-0.391,1.009
919598,1,87.0,0.7,Repeat,1.6,-0.1840000000000001,1.416
919598,1,88.0,0.3,Switch,1.2,-0.1859999999999999,1.014
919598,1,89.0,0.7,Switch,0.8,-0.258,0.542
919598,1,91.0,0.3,Repeat,0.8,-0.043,0.757
919598,1,92.0,0.3,Repeat,1.0,-0.0769999999999999,0.923
919598,1,93.0,0.7,Switch,0.8,-0.133,0.667
919598,1,94.0,0.7,Repeat,0.8,-0.092,0.708
919598,1,95.0,0.3,Switch,1.2,-0.346,0.854
919598,1,96.0,0.3,Repeat,1.4,-0.254,1.146
919598,1,97.0,0.7,Switch,1.0,-0.118,0.882
919598,1,98.0,0.7,Repeat,1.0,-0.0979999999999999,0.902
919598,1,99.0,0.3,Switch,1.2,-0.3099999999999999,0.89
919598,1,100.0,0.3,Repeat,0.8,0.005,0.805
919598,1,101.0,0.7,Switch,1.2,-0.249,0.951
919598,1,102.0,0.3,Switch,1.4,-0.4639999999999998,0.936
919598,1,103.0,0.3,Repeat,1.6,-0.1840000000000001,1.416
919598,1,104.0,0.3,Repeat,1.4,0.0230000000000001,1.423
919598,1,105.0,0.3,Repeat,1.6,-0.4140000000000001,1.186
919598,1,106.0,0.7,Switch,1.4,-0.3659999999999999,1.034
919598,1,107.0,0.7,Repeat,1.2,-0.1029999999999999,1.097
919598,1,108.0,0.3,Switch,1.6,-0.2040000000000001,1.396
919598,1,109.0,0.7,Switch,0.8,-0.037,0.763
919598,1,110.0,0.7,Repeat,1.4,-0.0469999999999999,1.353
919598,1,111.0,0.7,Repeat,1.6,-0.248,1.352
919598,1,112.0,0.3,Switch,1.2,-0.1999999999999999,1.0
919598,1,113.0,0.3,Repeat,1.0,0.1519999999999999,1.152
919598,1,114.0,0.7,Switch,1.6,-0.177,1.423
919598,1,115.0,0.7,Repeat,1.0,-0.16,0.84
919598,1,116.0,0.7,Repeat,1.4,-0.0449999999999999,1.355
919598,1,117.0,0.3,Switch,1.0,-0.0689999999999999,0.931
919598,1,118.0,0.7,Switch,1.6,-0.01,1.59
919598,1,119.0,0.7,Repeat,1.2,0.1049999999999999,1.305
919598,1,121.0,0.7,Switch,1.4,-0.1969999999999998,1.203
919598,1,122.0,0.7,Repeat,0.8,-0.002,0.798
919598,1,123.0,0.7,Repeat,0.8,-0.042,0.758
919598,1,124.0,0.3,Switch,0.8,0.012,0.812
919598,1,125.0,0.3,Repeat,1.6,-0.26,1.34
919598,1,127.0,0.3,Switch,1.2,0.1819999999999999,1.382
919598,1,128.0,0.7,Switch,1.2,-0.506,0.694
919598,1,129.0,0.7,Repeat,1.2,-0.3109999999999999,0.889
919598,1,130.0,0.3,Switch,0.8,-0.291,0.509
919598,1,131.0,0.7,Switch,1.2,-0.249,0.951
919598,1,132.0,0.3,Switch,1.6,-0.177,1.423
919598,1,133.0,0.3,Repeat,1.6,-0.1840000000000001,1.416
919598,1,134.0,0.3,Repeat,1.4,-0.0749999999999999,1.325
919598,1,135.0,0.3,Repeat,1.4,-0.2339999999999999,1.166
919598,1,136.0,0.7,Switch,1.0,-0.0629999999999999,0.937
919598,1,137.0,0.7,Repeat,1.4,-0.2819999999999998,1.118
919598,1,138.0,0.3,Switch,1.2,0.1540000000000001,1.354
919598,1,139.0,0.7,Switch,1.6,-0.149,1.451
919598,1,140.0,0.7,Repeat,1.6,-0.175,1.425
919598,1,141.0,0.7,Repeat,1.0,-0.0899999999999999,0.91
919598,1,142.0,0.7,Repeat,0.8,-0.051,0.749
919598,1,143.0,0.7,Repeat,1.0,-0.1879999999999999,0.812
919598,1,144.0,0.3,Switch,1.2,-0.0609999999999999,1.139
919598,1,145.0,0.3,Repeat,1.4,-0.0599999999999998,1.34
919598,1,146.0,0.3,Repeat,1.0,0.1879999999999999,1.188
919598,1,147.0,0.3,Repeat,0.8,0.137,0.937
919598,1,148.0,0.3,Repeat,1.0,0.1599999999999999,1.16
919598,1,149.0,0.7,Switch,1.4,-0.1219999999999998,1.278
919598,1,151.0,0.7,Switch,1.2,-0.0329999999999999,1.167
919598,1,152.0,0.7,Repeat,1.4,-0.2059999999999999,1.194
919598,1,153.0,0.3,Switch,0.8,-0.099,0.701
919598,1,154.0,0.7,Switch,1.0,0.1259999999999999,1.126
919598,1,155.0,0.3,Switch,1.0,0.0909999999999999,1.091
919598,1,156.0,0.7,Switch,1.4,0.0230000000000001,1.423
919598,1,157.0,0.7,Repeat,1.0,-0.124,0.876
919598,1,158.0,0.3,Switch,1.2,0.1060000000000001,1.306
919598,1,159.0,0.3,Repeat,1.6,-0.2730000000000001,1.327
919598,1,160.0,0.7,Switch,0.8,0.0339999999999999,0.834
919598,1,161.0,0.7,Repeat,1.4,-0.1499999999999999,1.25
919598,1,162.0,0.3,Switch,0.8,0.005,0.805
919598,1,163.0,0.3,Repeat,1.4,-0.2889999999999999,1.111
919598,1,164.0,0.3,Repeat,0.8,-0.189,0.611
919598,1,165.0,0.3,Repeat,1.4,0.0510000000000001,1.451
919598,1,166.0,0.7,Switch,1.6,-0.4120000000000001,1.188
919598,1,167.0,0.3,Switch,1.0,0.201,1.201
919598,1,168.0,0.7,Switch,1.2,0.0490000000000001,1.249
919598,1,169.0,0.7,Repeat,0.8,-0.293,0.507
919598,1,170.0,0.7,Repeat,1.6,-0.135,1.465
919598,1,171.0,0.7,Repeat,0.8,0.1109999999999999,0.911
919598,1,172.0,0.7,Repeat,1.0,0.153,1.153
919598,1,173.0,0.3,Switch,1.6,-0.3440000000000001,1.256
919598,1,174.0,0.3,Repeat,1.0,0.159,1.159
919598,1,175.0,0.3,Repeat,1.2,-0.193,1.007
919598,1,176.0,0.7,Switch,1.6,-0.1900000000000001,1.41
919598,1,177.0,0.3,Switch,1.4,-0.268,1.132
919598,1,178.0,0.3,Repeat,1.6,-0.1200000000000001,1.48
919598,1,179.0,0.7,Switch,1.2,0.119,1.319
919598,1,181.0,0.7,Repeat,1.4,-0.2819999999999998,1.118
919598,1,182.0,0.3,Switch,1.4,-0.1009999999999999,1.299
919598,1,183.0,0.3,Repeat,0.8,-0.05,0.75
919598,1,184.0,0.7,Switch,0.8,0.0449999999999999,0.845
919598,1,185.0,0.3,Switch,0.8,0.0199999999999999,0.82
919598,1,186.0,0.3,Repeat,1.0,-0.186,0.814
919598,1,187.0,0.7,Switch,0.8,0.0329999999999999,0.833
919598,1,188.0,0.3,Switch,0.8,-0.328,0.472
919598,1,189.0,0.3,Repeat,1.2,0.0290000000000001,1.229
919598,1,190.0,0.3,Repeat,1.4,-0.0519999999999998,1.348
919598,1,191.0,0.3,Repeat,1.0,-0.021,0.979
919598,1,192.0,0.7,Switch,1.2,0.1400000000000001,1.34
919598,1,193.0,0.3,Switch,1.0,-0.056,0.944
919598,1,194.0,0.3,Repeat,1.2,-0.0329999999999999,1.167
919598,1,195.0,0.7,Switch,1.0,0.1959999999999999,1.196
919598,1,196.0,0.3,Switch,1.6,-0.2330000000000001,1.367
919598,1,197.0,0.7,Switch,1.6,-0.3290000000000002,1.271
919598,1,198.0,0.3,Switch,1.4,-0.1499999999999999,1.25
919598,1,199.0,0.7,Switch,1.0,0.1799999999999999,1.18
919598,1,200.0,0.7,Repeat,1.6,-0.2390000000000001,1.361
919598,1,201.0,0.7,Repeat,1.4,-0.1219999999999998,1.278
919598,1,202.0,0.7,Repeat,1.2,-0.0409999999999999,1.159
919598,1,203.0,0.3,Switch,1.2,0.098,1.298
919598,1,204.0,0.7,Switch,0.8,-0.086,0.714
919598,1,205.0,0.3,Switch,1.6,-0.211,1.389
919598,1,206.0,0.7,Switch,1.4,-0.1849999999999998,1.215
919598,1,207.0,0.7,Repeat,1.6,-0.252,1.348
919598,1,208.0,0.3,Switch,1.6,-0.1760000000000001,1.424
919598,1,209.0,0.7,Switch,1.0,0.2279999999999999,1.228
919598,1,211.0,0.3,Switch,0.8,0.1849999999999999,0.985
919598,1,213.0,0.7,Repeat,1.0,0.0969999999999999,1.097
919598,1,214.0,0.3,Switch,1.6,-0.4200000000000001,1.18
919598,1,215.0,0.7,Switch,1.6,-0.2950000000000001,1.305
919598,1,216.0,0.7,Repeat,1.2,-0.1169999999999999,1.083
919598,1,217.0,0.7,Repeat,0.8,-0.057,0.743
919598,1,218.0,0.3,Switch,1.4,-0.1849999999999998,1.215
919598,1,219.0,0.3,Repeat,1.0,-0.007,0.993
919598,1,220.0,0.3,Repeat,1.4,-0.1219999999999998,1.278
919598,1,221.0,0.7,Switch,1.4,-0.2129999999999998,1.187
919598,1,222.0,0.3,Switch,1.6,-0.219,1.381
919598,1,223.0,0.3,Repeat,1.0,-0.002,0.998
919598,1,224.0,0.7,Switch,1.6,-0.274,1.326
919598,1,225.0,0.3,Switch,1.6,-0.302,1.298
919598,1,226.0,0.3,Repeat,1.2,-0.2759999999999999,0.924
919598,1,227.0,0.3,Repeat,0.8,-0.031,0.769
919598,1,228.0,0.3,Repeat,1.2,-0.2279999999999999,0.972
919598,1,229.0,0.7,Switch,1.2,-0.249,0.951
919598,1,230.0,0.3,Switch,1.4,-0.0529999999999999,1.347
919598,1,231.0,0.7,Switch,1.4,-0.0109999999999998,1.389
919598,1,232.0,0.3,Switch,0.8,-0.21,0.59
919598,1,233.0,0.7,Switch,1.0,0.151,1.151
919598,1,234.0,0.7,Repeat,0.8,-0.168,0.632
919598,1,235.0,0.7,Repeat,0.8,-0.085,0.715
919598,1,236.0,0.7,Repeat,1.6,-0.322,1.278
919598,1,237.0,0.3,Switch,1.2,0.0070000000000001,1.207
919598,1,238.0,0.7,Switch,1.4,-0.0459999999999998,1.354
919598,1,239.0,0.3,Switch,1.0,-0.1999999999999999,0.8
919598,1,241.0,0.7,Switch,1.0,0.201,1.201
919598,1,242.0,0.7,Repeat,1.6,-0.314,1.286
919598,1,243.0,0.3,Switch,1.4,-0.0529999999999999,1.347
919598,1,244.0,0.7,Switch,1.0,0.2689999999999999,1.269
919598,1,245.0,0.7,Repeat,1.2,-0.0819999999999998,1.118
919598,1,246.0,0.7,Repeat,0.8,-0.058,0.742
919598,1,247.0,0.3,Switch,0.8,0.0399999999999999,0.84
919598,1,248.0,0.3,Repeat,1.4,-0.4699999999999998,0.93
919598,1,249.0,0.7,Switch,0.8,0.0749999999999999,0.875
919598,1,250.0,0.7,Repeat,1.6,-0.1700000000000001,1.43
919598,1,251.0,0.3,Switch,1.6,-0.441,1.159
919598,1,252.0,0.7,Switch,0.8,-0.036,0.764
919598,1,253.0,0.3,Switch,1.6,-0.3090000000000001,1.291
919598,1,254.0,0.3,Repeat,1.0,-0.1049999999999999,0.895
919598,1,255.0,0.7,Switch,1.0,-0.021,0.979
919598,1,256.0,0.7,Repeat,1.4,-0.0739999999999998,1.326
919598,1,257.0,0.3,Switch,0.8,-0.2220000000000001,0.578
919598,1,258.0,0.7,Switch,1.4,-0.0949999999999999,1.305
919598,1,259.0,0.3,Switch,1.2,-0.2279999999999999,0.972
919598,1,260.0,0.3,Repeat,1.0,-0.056,0.944
919598,1,261.0,0.7,Switch,1.2,-0.3109999999999999,0.889
919598,1,262.0,0.3,Switch,1.6,-0.2950000000000001,1.305
919598,1,263.0,0.7,Switch,1.4,-0.1569999999999998,1.243
919598,1,264.0,0.7,Repeat,1.6,-0.2730000000000001,1.327
919598,1,265.0,0.3,Switch,1.2,-0.242,0.958
919598,1,266.0,0.3,Repeat,1.4,-0.1689999999999998,1.231
919598,1,267.0,0.3,Repeat,1.2,-0.0839999999999998,1.116
919598,1,268.0,0.7,Switch,1.2,-0.249,0.951
919598,1,269.0,0.3,Switch,0.8,-0.21,0.59
994851,1,32.0,0.3,Repeat,1.4,-0.2149999999999998,1.185
994851,1,33.0,0.7,Switch,1.6,0.0689999999999999,1.669
994851,1,34.0,0.7,Repeat,1.4,0.145,1.545
994851,1,35.0,0.3,Switch,1.4,-0.0539999999999998,1.346
994851,1,36.0,0.3,Repeat,0.8,0.0919999999999999,0.892
994851,1,37.0,0.7,Switch,1.6,-0.1480000000000001,1.452
994851,1,38.0,0.3,Switch,1.6,-0.1120000000000001,1.488
994851,1,39.0,0.3,Repeat,1.2,0.0250000000000001,1.225
994851,1,40.0,0.3,Repeat,1.6,0.2749999999999999,1.875
994851,1,41.0,0.7,Switch,0.8,0.1729999999999999,0.973
994851,1,42.0,0.3,Switch,0.8,-0.014,0.786
994851,1,43.0,0.7,Switch,1.0,0.33,1.33
994851,1,44.0,0.7,Repeat,1.0,0.1220000000000001,1.122
994851,1,45.0,0.7,Repeat,1.4,0.002,1.402
994851,1,46.0,0.7,Repeat,1.2,0.53,1.73
994851,1,47.0,0.7,Repeat,0.8,0.4679999999999999,1.268
994851,1,48.0,0.7,Repeat,1.4,0.306,1.706
994851,1,49.0,0.3,Switch,1.0,0.0949999999999999,1.095
994851,1,50.0,0.3,Repeat,1.0,0.2139999999999999,1.214
994851,1,51.0,0.7,Switch,1.0,0.098,1.098
994851,1,52.0,0.7,Repeat,1.6,0.4409999999999998,2.041
994851,1,53.0,0.3,Switch,1.4,0.3340000000000001,1.734
994851,1,55.0,0.3,Repeat,1.2,0.56,1.76
994851,1,57.0,0.3,Switch,1.6,0.4889999999999999,2.089
994851,1,58.0,0.3,Repeat,1.2,0.284,1.484
994851,1,59.0,0.7,Switch,0.8,0.2279999999999999,1.028
994851,1,61.0,0.7,Switch,0.8,0.2429999999999998,1.043
994851,1,62.0,0.3,Switch,1.6,-0.012,1.588
994851,1,63.0,0.7,Switch,0.8,0.298,1.098
994851,1,64.0,0.7,Repeat,0.8,0.5009999999999999,1.301
994851,1,65.0,0.3,Switch,1.6,0.2799999999999998,1.88
994851,1,66.0,0.7,Switch,1.4,-0.1319999999999999,1.268
994851,1,67.0,0.3,Switch,1.6,-0.2230000000000001,1.377
994851,1,68.0,0.3,Repeat,1.2,0.1340000000000001,1.334
994851,1,69.0,0.7,Switch,1.2,-0.0749999999999999,1.125
994851,1,70.0,0.7,Repeat,1.4,0.1100000000000001,1.51
994851,1,71.0,0.7,Repeat,1.2,0.1300000000000001,1.33
994851,1,72.0,0.7,Repeat,1.6,0.0369999999999999,1.637
994851,1,73.0,0.7,Repeat,1.0,0.092,1.092
994851,1,74.0,0.3,Switch,0.8,0.124,0.924
994851,1,75.0,0.7,Switch,1.4,-0.1539999999999999,1.246
994851,1,76.0,0.7,Repeat,1.6,-0.173,1.427
994851,1,77.0,0.3,Switch,1.2,0.0250000000000001,1.225
994851,1,78.0,0.7,Switch,1.0,0.3309999999999999,1.331
994851,1,79.0,0.7,Repeat,1.2,0.163,1.363
994851,1,80.0,0.3,Switch,1.4,0.2690000000000001,1.669
994851,1,81.0,0.3,Repeat,0.8,0.4399999999999999,1.24
994851,1,82.0,0.3,Repeat,1.0,0.4559999999999999,1.456
994851,1,83.0,0.3,Repeat,1.0,0.347,1.347
994851,1,84.0,0.3,Repeat,1.0,0.179,1.179
994851,1,86.0,0.7,Repeat,1.6,0.548,2.148
994851,1,87.0,0.3,Switch,1.4,0.159,1.559
994851,1,88.0,0.3,Repeat,1.2,0.379,1.579
994851,1,89.0,0.3,Repeat,1.4,0.508,1.908
994851,1,91.0,0.3,Repeat,0.8,0.3169999999999999,1.117
994851,1,92.0,0.3,Repeat,1.6,-0.209,1.391
994851,1,93.0,0.3,Repeat,1.6,-0.056,1.544
994851,1,94.0,0.7,Switch,1.2,0.4000000000000001,1.6
994851,1,95.0,0.7,Repeat,1.0,0.31,1.31
994851,1,96.0,0.7,Repeat,0.8,0.32,1.12
994851,1,97.0,0.7,Repeat,1.0,0.579,1.579
994851,1,98.0,0.7,Repeat,1.6,0.0619999999999998,1.662
994851,1,99.0,0.3,Switch,1.2,0.411,1.611
994851,1,100.0,0.7,Switch,0.8,0.3049999999999999,1.105
994851,1,101.0,0.3,Switch,1.6,-0.046,1.554
994851,1,102.0,0.3,Repeat,1.0,0.1859999999999999,1.186
994851,1,103.0,0.3,Repeat,1.0,0.1180000000000001,1.118
994851,1,109.0,0.7,Repeat,1.2,-0.042,1.158
994851,1,110.0,0.3,Switch,1.2,0.3109999999999999,1.511
994851,1,111.0,0.7,Switch,1.2,0.133,1.333
994851,1,112.0,0.3,Switch,1.4,0.1149999999999999,1.515
994851,1,113.0,0.3,Repeat,1.0,0.4830000000000001,1.483
994851,1,115.0,0.3,Switch,1.4,0.0530000000000001,1.453
994851,1,116.0,0.7,Switch,1.4,0.219,1.619
994851,1,117.0,0.3,Switch,1.4,0.179,1.579
994851,1,118.0,0.3,Repeat,1.2,0.191,1.391
994851,1,119.0,0.7,Switch,0.8,0.3,1.1
994851,1,121.0,0.3,Repeat,1.0,0.1839999999999999,1.184
994851,1,122.0,0.3,Repeat,1.4,0.387,1.787
994851,1,123.0,0.7,Switch,1.2,0.3580000000000001,1.558
994851,1,124.0,0.3,Switch,1.0,0.27,1.27
994851,1,125.0,0.3,Repeat,1.6,0.02,1.62
994851,1,126.0,0.7,Switch,1.6,0.3079999999999998,1.908
994851,1,127.0,0.3,Switch,1.4,0.3580000000000001,1.758
994851,1,131.0,0.3,Switch,1.4,0.387,1.787
994851,1,132.0,0.3,Repeat,1.2,-0.002,1.198
994851,1,133.0,0.7,Switch,0.8,0.5720000000000001,1.372
994851,1,134.0,0.3,Switch,0.8,0.573,1.373
994851,1,135.0,0.7,Switch,1.2,0.526,1.726
994851,1,136.0,0.3,Switch,1.6,0.0429999999999999,1.643
994851,1,137.0,0.7,Switch,0.8,0.1829999999999999,0.983
994851,1,138.0,0.3,Switch,1.2,0.0669999999999999,1.267
994851,1,139.0,0.7,Switch,1.6,-0.0150000000000001,1.585
994851,1,140.0,0.7,Repeat,1.0,0.3069999999999999,1.307
994851,1,141.0,0.3,Switch,1.0,0.3349999999999999,1.335
994851,1,142.0,0.7,Switch,0.8,0.4729999999999998,1.273
994851,1,143.0,0.7,Repeat,1.0,0.5309999999999999,1.531
994851,1,144.0,0.3,Switch,0.8,0.4829999999999999,1.283
994851,1,145.0,0.7,Switch,1.6,0.1549999999999998,1.755
994851,1,146.0,0.3,Switch,1.2,0.1979999999999999,1.398
994851,1,147.0,0.3,Repeat,0.8,0.445,1.245
994851,1,148.0,0.7,Switch,1.4,0.5350000000000001,1.935
994851,1,149.0,0.7,Repeat,1.0,0.367,1.367
994851,1,151.0,0.3,Switch,1.0,0.2310000000000001,1.231
994851,1,152.0,0.3,Repeat,1.4,0.1120000000000001,1.512
994851,1,153.0,0.3,Repeat,1.6,0.0169999999999999,1.617
994851,1,154.0,0.7,Switch,1.4,0.4480000000000002,1.848
994851,1,155.0,0.3,Switch,1.2,0.4120000000000001,1.612
994851,1,156.0,0.7,Switch,1.0,0.4830000000000001,1.483
994851,1,158.0,0.7,Switch,1.4,0.2950000000000001,1.695
994851,1,159.0,0.3,Switch,1.2,0.3840000000000001,1.584
994851,1,160.0,0.7,Switch,0.8,0.2269999999999998,1.027
994851,1,161.0,0.7,Repeat,1.4,0.2339999999999999,1.634
994851,1,162.0,0.7,Repeat,1.2,0.2630000000000001,1.463
994851,1,163.0,0.7,Repeat,1.6,0.1029999999999999,1.703
994851,1,164.0,0.3,Switch,1.0,0.423,1.423
994851,1,165.0,0.7,Switch,1.6,0.1559999999999999,1.756
994851,1,166.0,0.7,Repeat,1.2,0.3600000000000001,1.56
994851,1,167.0,0.3,Switch,0.8,0.2279999999999999,1.028
994851,1,168.0,0.7,Switch,0.8,0.2889999999999999,1.089
994851,1,169.0,0.3,Switch,1.2,0.161,1.361
994851,1,170.0,0.3,Repeat,1.6,-0.2410000000000001,1.359
994851,1,171.0,0.7,Switch,0.8,0.318,1.118
994851,1,172.0,0.3,Switch,1.6,0.002,1.602
994851,1,173.0,0.7,Switch,1.0,0.3009999999999999,1.301
994851,1,174.0,0.3,Switch,1.4,0.217,1.617
994851,1,175.0,0.7,Switch,1.2,0.161,1.361
994851,1,176.0,0.3,Switch,1.4,-0.1139999999999998,1.286
994851,1,177.0,0.3,Repeat,0.8,0.1379999999999999,0.938
994851,1,178.0,0.3,Repeat,1.0,0.1839999999999999,1.184
994851,1,179.0,0.7,Switch,1.6,-0.1700000000000001,1.43
994851,1,181.0,0.7,Repeat,1.4,0.445,1.845
994851,1,182.0,0.7,Repeat,1.6,0.3719999999999999,1.972
994851,1,183.0,0.3,Switch,1.4,0.1420000000000001,1.542
994851,1,184.0,0.3,Repeat,1.6,-0.1480000000000001,1.452
994851,1,185.0,0.7,Switch,0.8,0.316,1.116
994851,1,186.0,0.3,Switch,1.0,0.3340000000000001,1.334
994851,1,187.0,0.3,Repeat,1.2,0.197,1.397
994851,1,188.0,0.3,Repeat,1.6,-0.026,1.574
994851,1,189.0,0.7,Switch,1.4,0.3250000000000002,1.725
994851,1,190.0,0.7,Repeat,1.0,0.119,1.119
994851,1,191.0,0.3,Switch,1.2,-0.054,1.146
994851,1,192.0,0.7,Switch,1.0,0.431,1.431
994851,1,193.0,0.3,Switch,0.8,0.5640000000000001,1.364
994851,1,194.0,0.3,Repeat,1.6,-0.159,1.441
994851,1,195.0,0.7,Switch,1.2,0.3429999999999999,1.543
994851,1,196.0,0.3,Switch,0.8,0.411,1.211
994851,1,197.0,0.7,Switch,1.2,0.2530000000000001,1.453
994851,1,198.0,0.3,Switch,1.4,0.1280000000000001,1.528
994851,1,199.0,0.3,Repeat,1.2,0.1060000000000001,1.306
994851,1,200.0,0.3,Repeat,1.0,-0.021,0.979
994851,1,201.0,0.3,Repeat,1.0,0.1599999999999999,1.16
994851,1,202.0,0.7,Switch,1.2,0.0689999999999999,1.269
994851,1,203.0,0.7,Repeat,0.8,0.2589999999999999,1.059
994851,1,204.0,0.7,Repeat,0.8,0.3249999999999999,1.125
994851,1,205.0,0.7,Repeat,1.6,0.0069999999999998,1.607
994851,1,206.0,0.7,Repeat,1.0,0.345,1.345
994851,1,207.0,0.3,Switch,0.8,0.0819999999999999,0.882
994851,1,208.0,0.7,Switch,1.6,0.016,1.616
994851,1,209.0,0.3,Switch,1.4,0.143,1.543
994851,1,211.0,0.3,Repeat,0.8,0.1429999999999999,0.943
994851,1,212.0,0.3,Repeat,1.0,-0.146,0.854
994851,1,213.0,0.3,Repeat,1.2,-0.1139999999999998,1.086
994851,1,214.0,0.3,Repeat,1.6,-0.167,1.433
994851,1,215.0,0.3,Repeat,1.0,0.455,1.455
994851,1,216.0,0.7,Switch,1.0,0.554,1.554
994851,1,217.0,0.7,Repeat,1.6,0.1299999999999999,1.73
994851,1,218.0,0.3,Switch,1.4,0.2330000000000001,1.633
994851,1,219.0,0.7,Switch,1.0,0.2410000000000001,1.241
994851,1,220.0,0.7,Repeat,1.6,0.3359999999999998,1.936
994851,1,221.0,0.7,Repeat,1.4,0.179,1.579
994851,1,222.0,0.3,Switch,1.4,-0.0699999999999998,1.33
994851,1,223.0,0.7,Switch,1.0,0.3169999999999999,1.317
994851,1,224.0,0.7,Repeat,0.8,0.528,1.328
994851,1,225.0,0.3,Switch,1.4,-0.1509999999999998,1.249
994851,1,226.0,0.7,Switch,0.8,0.4399999999999999,1.24
994851,1,227.0,0.3,Switch,1.2,0.258,1.458
994851,1,228.0,0.3,Repeat,1.2,-0.054,1.146
994851,1,229.0,0.7,Switch,1.4,0.159,1.559
994851,1,230.0,0.3,Switch,1.0,0.2119999999999999,1.212
994851,1,231.0,0.7,Switch,1.2,0.345,1.545
994851,1,232.0,0.3,Switch,0.8,0.3319999999999998,1.132
994851,1,233.0,0.7,Switch,1.4,-0.1479999999999999,1.252
994851,1,234.0,0.7,Repeat,0.8,0.3249999999999999,1.125
994851,1,235.0,0.7,Repeat,1.6,0.0089999999999998,1.609
994851,1,236.0,0.3,Switch,1.6,-0.139,1.461
994851,1,237.0,0.3,Repeat,1.6,0.1419999999999999,1.742
994851,1,238.0,0.7,Switch,1.2,0.391,1.591
994851,1,239.0,0.7,Repeat,1.2,0.474,1.674
994851,1,241.0,0.7,Repeat,0.8,0.3599999999999999,1.16
994851,1,242.0,0.7,Repeat,1.6,0.381,1.981
994851,1,243.0,0.3,Switch,1.6,-0.0890000000000001,1.511
994851,1,244.0,0.3,Repeat,1.6,-0.028,1.572
994851,1,245.0,0.7,Switch,1.4,0.268,1.668
994851,1,246.0,0.7,Repeat,1.0,0.363,1.363
994851,1,247.0,0.7,Repeat,1.2,0.201,1.401
994851,1,248.0,0.7,Repeat,1.0,0.449,1.449
994851,1,249.0,0.7,Repeat,1.0,0.453,1.453
994851,1,250.0,0.3,Switch,1.0,0.3309999999999999,1.331
994851,1,251.0,0.7,Switch,1.6,0.0339999999999998,1.634
994851,1,252.0,0.3,Switch,1.4,0.3050000000000001,1.705
994851,1,255.0,0.3,Switch,1.2,0.3560000000000001,1.556
994851,1,256.0,0.3,Repeat,0.8,0.562,1.362
994851,1,257.0,0.7,Switch,1.2,0.258,1.458
994851,1,258.0,0.3,Switch,1.6,0.383,1.983
994851,1,259.0,0.3,Repeat,1.0,0.3380000000000001,1.338
994851,1,260.0,0.7,Switch,1.2,0.282,1.482
994851,1,261.0,0.3,Switch,1.0,0.1539999999999999,1.154
994851,1,262.0,0.3,Repeat,0.8,0.4789999999999998,1.279
994851,1,263.0,0.3,Repeat,1.2,0.2370000000000001,1.437
994851,1,264.0,0.7,Switch,1.4,0.3960000000000001,1.796
994851,1,265.0,0.3,Switch,1.4,-0.2199999999999999,1.18
994851,1,267.0,0.3,Switch,1.4,0.0390000000000001,1.439
994851,1,268.0,0.7,Switch,0.8,0.5740000000000001,1.374
994851,1,269.0,0.3,Switch,1.2,0.4160000000000001,1.616
